<?xml version="1.0" encoding="UTF-8"?>
<kml xmlns="http://www.opengis.net/kml/2.2" xmlns:gx="http://www.google.com/kml/ext/2.2" xmlns:xsi="http://www.w3.org/2001/XMLSchema-instance"
 xsi:schemaLocation="http://www.opengis.net/kml/2.2 http://schemas.opengis.net/kml/2.2.0/ogckml22.xsd http://www.google.com/kml/ext/2.2 http://code.google.com/apis/kml/schema/kml22gx.xsd">
<Document id="gat_malegaonKh">
  <name>gat_malegaonKh</name>
  <Snippet></Snippet>
  <Style id="PolyStyle00">
    <LabelStyle>
      <color>00000000</color>
      <scale>0.000000</scale>
    </LabelStyle>
    <LineStyle>
      <color>ff000000</color>
      <width>1.000000</width>
    </LineStyle>
    <PolyStyle>
      <color>00ffffff</color>
      <outline>1</outline>
    </PolyStyle>
  </Style>
  <Folder id="FeatureLayer0">
    <name>gat_malegaonKh</name>
    <Snippet></Snippet>
    <Placemark id="ID_00000">
      <name>Gat 124</name>
      <Snippet></Snippet>
      <description><![CDATA[<html xmlns:fo="http://www.w3.org/1999/XSL/Format" xmlns:msxsl="urn:schemas-microsoft-com:xslt">
<head>
<META http-equiv="Content-Type" content="text/html">
<meta http-equiv="content-type" content="text/html; charset=UTF-8">
</head>
<body style="margin:0px 0px 0px 0px;overflow:auto;background:#FFFFFF;">
<table style="font-family:Arial,Verdana,Times;font-size:12px;text-align:left;width:100%;border-collapse:collapse;padding:3px 3px 3px 3px">
<tr style="text-align:center;font-weight:bold;background:#9CBCE2">
<td>Gat 124</td>
</tr>
<tr>
<td>
<table style="font-family:Arial,Verdana,Times;font-size:12px;text-align:left;width:100%;border-spacing:0px; padding:3px 3px 3px 3px">
<tr>
<td>SHAPE</td>
<td>Polygon</td>
</tr>
<tr bgcolor="#D4E4F3">
<td>SHAPE_Length</td>
<td>1412.127926</td>
</tr>
<tr>
<td>SHAPE_Area</td>
<td>135772.590853</td>
</tr>
<tr bgcolor="#D4E4F3">
<td>Gat_name</td>
<td>Gat 124</td>
</tr>
</table>
</td>
</tr>
</table>
</body>
</html>
]]></description>
      <styleUrl>#PolyStyle00</styleUrl>
      <MultiGeometry>
        <Polygon>
          <extrude>0</extrude><altitudeMode>clampToGround</altitudeMode>
          <outerBoundaryIs><LinearRing><coordinates> 74.53222375446329,18.13485703709061,0 74.53244605994202,18.13463562430929,0 74.53296604424632,18.13408465710536,0 74.53344411072555,18.1339493382797,0 74.53380710008774,18.13376439429506,0 74.53411799621034,18.13372454781179,0 74.53466003192317,18.13369075396772,0 74.53526767926864,18.13369823388695,0 74.53595228171045,18.13387418281284,0 74.53594085491244,18.13389170398434,0 74.53603042020505,18.13476779905336,0 74.53548575912485,18.13636847330745,0 74.53515622358142,18.13733692753971,0 74.53212196409123,18.13710837776928,0 74.53222375446329,18.13485703709061,0</coordinates></LinearRing></outerBoundaryIs>
        </Polygon>
      </MultiGeometry>
    </Placemark>
    <Placemark id="ID_00001">
      <name>Gat 123</name>
      <Snippet></Snippet>
      <description><![CDATA[<html xmlns:fo="http://www.w3.org/1999/XSL/Format" xmlns:msxsl="urn:schemas-microsoft-com:xslt">
<head>
<META http-equiv="Content-Type" content="text/html">
<meta http-equiv="content-type" content="text/html; charset=UTF-8">
</head>
<body style="margin:0px 0px 0px 0px;overflow:auto;background:#FFFFFF;">
<table style="font-family:Arial,Verdana,Times;font-size:12px;text-align:left;width:100%;border-collapse:collapse;padding:3px 3px 3px 3px">
<tr style="text-align:center;font-weight:bold;background:#9CBCE2">
<td>Gat 123</td>
</tr>
<tr>
<td>
<table style="font-family:Arial,Verdana,Times;font-size:12px;text-align:left;width:100%;border-spacing:0px; padding:3px 3px 3px 3px">
<tr>
<td>SHAPE</td>
<td>Polygon</td>
</tr>
<tr bgcolor="#D4E4F3">
<td>SHAPE_Length</td>
<td>1760.695591</td>
</tr>
<tr>
<td>SHAPE_Area</td>
<td>77261.187286</td>
</tr>
<tr bgcolor="#D4E4F3">
<td>Gat_name</td>
<td>Gat 123</td>
</tr>
</table>
</td>
</tr>
</table>
</body>
</html>
]]></description>
      <styleUrl>#PolyStyle00</styleUrl>
      <MultiGeometry>
        <Polygon>
          <extrude>0</extrude><altitudeMode>clampToGround</altitudeMode>
          <outerBoundaryIs><LinearRing><coordinates> 74.53222375446329,18.13485703709061,0 74.53216409403598,18.1361765679023,0 74.53212196409123,18.13710837776928,0 74.53298171477633,18.13717313679721,0 74.53515622358142,18.13733692753971,0 74.53485090712411,18.13822615406199,0 74.53393016333126,18.13821771766434,0 74.53212237579221,18.13818156355127,0 74.53051579831018,18.13814456644212,0 74.52948155814659,18.13818660708831,0 74.52985444023504,18.13772773174526,0 74.53028048544142,18.13781325879771,0 74.53157574455085,18.13574833035496,0 74.53143705131528,18.13570661926992,0 74.53222375446329,18.13485703709061,0</coordinates></LinearRing></outerBoundaryIs>
        </Polygon>
      </MultiGeometry>
    </Placemark>
    <Placemark id="ID_00002">
      <name>Gat 122</name>
      <Snippet></Snippet>
      <description><![CDATA[<html xmlns:fo="http://www.w3.org/1999/XSL/Format" xmlns:msxsl="urn:schemas-microsoft-com:xslt">
<head>
<META http-equiv="Content-Type" content="text/html">
<meta http-equiv="content-type" content="text/html; charset=UTF-8">
</head>
<body style="margin:0px 0px 0px 0px;overflow:auto;background:#FFFFFF;">
<table style="font-family:Arial,Verdana,Times;font-size:12px;text-align:left;width:100%;border-collapse:collapse;padding:3px 3px 3px 3px">
<tr style="text-align:center;font-weight:bold;background:#9CBCE2">
<td>Gat 122</td>
</tr>
<tr>
<td>
<table style="font-family:Arial,Verdana,Times;font-size:12px;text-align:left;width:100%;border-spacing:0px; padding:3px 3px 3px 3px">
<tr>
<td>SHAPE</td>
<td>Polygon</td>
</tr>
<tr bgcolor="#D4E4F3">
<td>SHAPE_Length</td>
<td>1369.905636</td>
</tr>
<tr>
<td>SHAPE_Area</td>
<td>81748.560119</td>
</tr>
<tr bgcolor="#D4E4F3">
<td>Gat_name</td>
<td>Gat 122</td>
</tr>
</table>
</td>
</tr>
</table>
</body>
</html>
]]></description>
      <styleUrl>#PolyStyle00</styleUrl>
      <MultiGeometry>
        <Polygon>
          <extrude>0</extrude><altitudeMode>clampToGround</altitudeMode>
          <outerBoundaryIs><LinearRing><coordinates> 74.52948155814659,18.13818660708831,0 74.52965869166106,18.13817857654658,0 74.53000600209693,18.13816528900393,0 74.53051579831018,18.13814456644212,0 74.53076709194426,18.13815117695913,0 74.53213939740704,18.13818194476191,0 74.53379245320703,18.13821645505679,0 74.53485090712411,18.13822615406199,0 74.53478237063197,18.13842414343789,0 74.5345827888071,18.13897301143693,0 74.53452162568928,18.13914121392972,0 74.53446392204077,18.13929990385389,0 74.53442593981086,18.13940435762575,0 74.53442182072904,18.13942516640735,0 74.53439534693752,18.13942748576207,0 74.53289965298833,18.13953549540272,0 74.53163432102419,18.13962686870287,0 74.53089119142759,18.13968053226004,0 74.53020161499674,18.13973032874367,0 74.52987285802469,18.13975406945015,0 74.52987281694257,18.13973972562776,0 74.52968605329883,18.13905042815577,0 74.52947142765029,18.13826025230516,0 74.52948155814659,18.13818660708831,0</coordinates></LinearRing></outerBoundaryIs>
        </Polygon>
      </MultiGeometry>
    </Placemark>
    <Placemark id="ID_00003">
      <name>Gat 121</name>
      <Snippet></Snippet>
      <description><![CDATA[<html xmlns:fo="http://www.w3.org/1999/XSL/Format" xmlns:msxsl="urn:schemas-microsoft-com:xslt">
<head>
<META http-equiv="Content-Type" content="text/html">
<meta http-equiv="content-type" content="text/html; charset=UTF-8">
</head>
<body style="margin:0px 0px 0px 0px;overflow:auto;background:#FFFFFF;">
<table style="font-family:Arial,Verdana,Times;font-size:12px;text-align:left;width:100%;border-collapse:collapse;padding:3px 3px 3px 3px">
<tr style="text-align:center;font-weight:bold;background:#9CBCE2">
<td>Gat 121</td>
</tr>
<tr>
<td>
<table style="font-family:Arial,Verdana,Times;font-size:12px;text-align:left;width:100%;border-spacing:0px; padding:3px 3px 3px 3px">
<tr>
<td>SHAPE</td>
<td>Polygon</td>
</tr>
<tr bgcolor="#D4E4F3">
<td>SHAPE_Length</td>
<td>1071.40913</td>
</tr>
<tr>
<td>SHAPE_Area</td>
<td>27456.093539</td>
</tr>
<tr bgcolor="#D4E4F3">
<td>Gat_name</td>
<td>Gat 121</td>
</tr>
</table>
</td>
</tr>
</table>
</body>
</html>
]]></description>
      <styleUrl>#PolyStyle00</styleUrl>
      <MultiGeometry>
        <Polygon>
          <extrude>0</extrude><altitudeMode>clampToGround</altitudeMode>
          <outerBoundaryIs><LinearRing><coordinates> 74.52987285802469,18.13975406945015,0 74.53000267381849,18.13974469474774,0 74.53068106290613,18.13969570593369,0 74.53256046093419,18.13955820039498,0 74.53395531152917,18.13945926229161,0 74.53422987876235,18.13943943441977,0 74.53442182072904,18.13942516640735,0 74.53440775126555,18.13949624184657,0 74.53438245131025,18.1396240486269,0 74.53436584751948,18.13970791973158,0 74.53434608657672,18.13980774748657,0 74.5343388439035,18.13984433223367,0 74.53433160217001,18.13988091788638,0 74.53431929850939,18.13994307229806,0 74.53430847232025,18.13999776105955,0 74.53429719291927,18.14005473811635,0 74.5342902156239,18.14008998583891,0 74.5342289334492,18.14009114087195,0 74.53390238736878,18.14009667627907,0 74.53357591098091,18.14010052476023,0 74.53329895343464,18.14010123627501,0 74.53298296330343,18.14010204881907,0 74.53264508453265,18.14010291615692,0 74.53240140997138,18.140103542695,0 74.53200069658762,18.14010457258227,0 74.53176182158627,18.1401051864808,0 74.53156458928979,18.14010569264976,0 74.53138554163495,18.14011613798133,0 74.53104836149213,18.14013580651481,0 74.53089378830367,18.14013932895755,0 74.53052830092746,18.14014013071077,0 74.53019423037254,18.14014086384352,0 74.53000548750461,18.14014127796432,0 74.5298906085998,18.14014152977039,0 74.52983950429036,18.14014186318562,0 74.52985322492654,18.13999932535029,0 74.52987285802469,18.13975406945015,0</coordinates></LinearRing></outerBoundaryIs>
        </Polygon>
      </MultiGeometry>
    </Placemark>
    <Placemark id="ID_00004">
      <name>Gat 120</name>
      <Snippet></Snippet>
      <description><![CDATA[<html xmlns:fo="http://www.w3.org/1999/XSL/Format" xmlns:msxsl="urn:schemas-microsoft-com:xslt">
<head>
<META http-equiv="Content-Type" content="text/html">
<meta http-equiv="content-type" content="text/html; charset=UTF-8">
</head>
<body style="margin:0px 0px 0px 0px;overflow:auto;background:#FFFFFF;">
<table style="font-family:Arial,Verdana,Times;font-size:12px;text-align:left;width:100%;border-collapse:collapse;padding:3px 3px 3px 3px">
<tr style="text-align:center;font-weight:bold;background:#9CBCE2">
<td>Gat 120</td>
</tr>
<tr>
<td>
<table style="font-family:Arial,Verdana,Times;font-size:12px;text-align:left;width:100%;border-spacing:0px; padding:3px 3px 3px 3px">
<tr>
<td>SHAPE</td>
<td>Polygon</td>
</tr>
<tr bgcolor="#D4E4F3">
<td>SHAPE_Length</td>
<td>1220.746786</td>
</tr>
<tr>
<td>SHAPE_Area</td>
<td>68203.526427</td>
</tr>
<tr bgcolor="#D4E4F3">
<td>Gat_name</td>
<td>Gat 120</td>
</tr>
</table>
</td>
</tr>
</table>
</body>
</html>
]]></description>
      <styleUrl>#PolyStyle00</styleUrl>
      <MultiGeometry>
        <Polygon>
          <extrude>0</extrude><altitudeMode>clampToGround</altitudeMode>
          <outerBoundaryIs><LinearRing><coordinates> 74.52983950429036,18.14014186318562,0 74.52991020948318,18.14014148635642,0 74.53021658411491,18.14014081446404,0 74.53053989753278,18.14014010566996,0 74.53086171352908,18.1401393990097,0 74.5310140746064,18.14013658793702,0 74.53127951236161,18.14012232318652,0 74.5315229214966,18.14010812375929,0 74.53158685797007,18.1401056356734,0 74.53194126427782,18.14010472542552,0 74.53225357885556,18.14010392283264,0 74.53241537469228,18.14010350702525,0 74.53265748848126,18.1401028839105,0 74.53282405077998,18.14010245673693,0 74.53311137314121,18.14010171862565,0 74.53334514800267,18.14010111780169,0 74.53372170749743,18.14009880643757,0 74.53401078731846,18.14009483915683,0 74.5342902156239,18.14008998583891,0 74.53426133485701,18.14023587853714,0 74.53419418700882,18.14057508305341,0 74.53413047869218,18.14089691436601,0 74.5341257027419,18.14094013011839,0 74.53411163444562,18.14106742986034,0 74.53410036042206,18.14116944458553,0 74.5340811277209,18.14134347320804,0 74.53406997861644,18.14144435212034,0 74.53405784154889,18.1415541756173,0 74.53405605550827,18.14157033984539,0 74.53401460307492,18.14156807663048,0 74.53395883937446,18.14156494090617,0 74.53350212835552,18.14153926304053,0 74.53034839988078,18.14136195042457,0 74.52981026223974,18.14134231867857,0 74.52982403825872,18.14106343973999,0 74.52979072405803,18.1410150172167,0 74.52978068021017,18.14079801476278,0 74.52978284425819,18.140772138989,0 74.52979394284461,18.14063941754569,0 74.52981197492126,18.14042379421927,0 74.52983950429036,18.14014186318562,0</coordinates></LinearRing></outerBoundaryIs>
        </Polygon>
      </MultiGeometry>
    </Placemark>
    <Placemark id="ID_00005">
      <name>Gat 119</name>
      <Snippet></Snippet>
      <description><![CDATA[<html xmlns:fo="http://www.w3.org/1999/XSL/Format" xmlns:msxsl="urn:schemas-microsoft-com:xslt">
<head>
<META http-equiv="Content-Type" content="text/html">
<meta http-equiv="content-type" content="text/html; charset=UTF-8">
</head>
<body style="margin:0px 0px 0px 0px;overflow:auto;background:#FFFFFF;">
<table style="font-family:Arial,Verdana,Times;font-size:12px;text-align:left;width:100%;border-collapse:collapse;padding:3px 3px 3px 3px">
<tr style="text-align:center;font-weight:bold;background:#9CBCE2">
<td>Gat 119</td>
</tr>
<tr>
<td>
<table style="font-family:Arial,Verdana,Times;font-size:12px;text-align:left;width:100%;border-spacing:0px; padding:3px 3px 3px 3px">
<tr>
<td>SHAPE</td>
<td>Polygon</td>
</tr>
<tr bgcolor="#D4E4F3">
<td>SHAPE_Length</td>
<td>1287.657408</td>
</tr>
<tr>
<td>SHAPE_Area</td>
<td>88898.519235</td>
</tr>
<tr bgcolor="#D4E4F3">
<td>Gat_name</td>
<td>Gat 119</td>
</tr>
</table>
</td>
</tr>
</table>
</body>
</html>
]]></description>
      <styleUrl>#PolyStyle00</styleUrl>
      <MultiGeometry>
        <Polygon>
          <extrude>0</extrude><altitudeMode>clampToGround</altitudeMode>
          <outerBoundaryIs><LinearRing><coordinates> 74.52981026223974,18.14134231867857,0 74.53100291642336,18.1413945657623,0 74.53405605550827,18.14157033984539,0 74.53391425058683,18.14232258836094,0 74.53381816799435,18.14277328004605,0 74.53376796240299,18.14305058882147,0 74.53375823662022,18.1434004590154,0 74.53097355185403,18.14322528072384,0 74.52967661582107,18.14314367881289,0 74.52973311471742,18.14238216187363,0 74.52981026223974,18.14134231867857,0</coordinates></LinearRing></outerBoundaryIs>
        </Polygon>
      </MultiGeometry>
    </Placemark>
    <Placemark id="ID_00006">
      <name>Gat 112</name>
      <Snippet></Snippet>
      <description><![CDATA[<html xmlns:fo="http://www.w3.org/1999/XSL/Format" xmlns:msxsl="urn:schemas-microsoft-com:xslt">
<head>
<META http-equiv="Content-Type" content="text/html">
<meta http-equiv="content-type" content="text/html; charset=UTF-8">
</head>
<body style="margin:0px 0px 0px 0px;overflow:auto;background:#FFFFFF;">
<table style="font-family:Arial,Verdana,Times;font-size:12px;text-align:left;width:100%;border-collapse:collapse;padding:3px 3px 3px 3px">
<tr style="text-align:center;font-weight:bold;background:#9CBCE2">
<td>Gat 112</td>
</tr>
<tr>
<td>
<table style="font-family:Arial,Verdana,Times;font-size:12px;text-align:left;width:100%;border-spacing:0px; padding:3px 3px 3px 3px">
<tr>
<td>SHAPE</td>
<td>Polygon</td>
</tr>
<tr bgcolor="#D4E4F3">
<td>SHAPE_Length</td>
<td>1436.947451</td>
</tr>
<tr>
<td>SHAPE_Area</td>
<td>88196.554964</td>
</tr>
<tr bgcolor="#D4E4F3">
<td>Gat_name</td>
<td>Gat 112</td>
</tr>
</table>
</td>
</tr>
</table>
</body>
</html>
]]></description>
      <styleUrl>#PolyStyle00</styleUrl>
      <MultiGeometry>
        <Polygon>
          <extrude>0</extrude><altitudeMode>clampToGround</altitudeMode>
          <outerBoundaryIs><LinearRing><coordinates> 74.52967661582107,18.14314367881289,0 74.53037861989345,18.14318784946225,0 74.53200434368998,18.14329013065376,0 74.53279746962589,18.14334002379513,0 74.53362678513513,18.14339219044795,0 74.53376284874673,18.14340057051383,0 74.53376189230669,18.14341723384952,0 74.53375963254695,18.1436206679188,0 74.53374379210848,18.14415384092515,0 74.53373537292264,18.14437165619801,0 74.53371795388259,18.144822313237,0 74.53362951477764,18.14481651779644,0 74.52970644628142,18.14455607626023,0 74.52829413255128,18.14440672582624,0 74.52842789180536,18.14316642093587,0 74.52856001736016,18.14315615271233,0 74.52868263219597,18.14311991678698,0 74.52967661582107,18.14314367881289,0</coordinates></LinearRing></outerBoundaryIs>
        </Polygon>
      </MultiGeometry>
    </Placemark>
    <Placemark id="ID_00007">
      <name>Gat 110</name>
      <Snippet></Snippet>
      <description><![CDATA[<html xmlns:fo="http://www.w3.org/1999/XSL/Format" xmlns:msxsl="urn:schemas-microsoft-com:xslt">
<head>
<META http-equiv="Content-Type" content="text/html">
<meta http-equiv="content-type" content="text/html; charset=UTF-8">
</head>
<body style="margin:0px 0px 0px 0px;overflow:auto;background:#FFFFFF;">
<table style="font-family:Arial,Verdana,Times;font-size:12px;text-align:left;width:100%;border-collapse:collapse;padding:3px 3px 3px 3px">
<tr style="text-align:center;font-weight:bold;background:#9CBCE2">
<td>Gat 110</td>
</tr>
<tr>
<td>
<table style="font-family:Arial,Verdana,Times;font-size:12px;text-align:left;width:100%;border-spacing:0px; padding:3px 3px 3px 3px">
<tr>
<td>SHAPE</td>
<td>Polygon</td>
</tr>
<tr bgcolor="#D4E4F3">
<td>SHAPE_Length</td>
<td>1135.367342</td>
</tr>
<tr>
<td>SHAPE_Area</td>
<td>58984.413805</td>
</tr>
<tr bgcolor="#D4E4F3">
<td>Gat_name</td>
<td>Gat 110</td>
</tr>
</table>
</td>
</tr>
</table>
</body>
</html>
]]></description>
      <styleUrl>#PolyStyle00</styleUrl>
      <MultiGeometry>
        <Polygon>
          <extrude>0</extrude><altitudeMode>clampToGround</altitudeMode>
          <outerBoundaryIs><LinearRing><coordinates> 74.52970644628142,18.14455607626023,0 74.53277316611427,18.14476052186125,0 74.53371795388259,18.144822313237,0 74.53372572740425,18.14482347902799,0 74.53371582538196,18.14496157141865,0 74.53370513604622,18.14511064338604,0 74.53363244936881,18.14606327796721,0 74.53128714031064,18.1459024178775,0 74.52969493649196,18.1457829056453,0 74.52952103855564,18.14576808983391,0 74.52970644628142,18.14455607626023,0</coordinates></LinearRing></outerBoundaryIs>
        </Polygon>
      </MultiGeometry>
    </Placemark>
    <Placemark id="ID_00008">
      <name>Gat 111</name>
      <Snippet></Snippet>
      <description><![CDATA[<html xmlns:fo="http://www.w3.org/1999/XSL/Format" xmlns:msxsl="urn:schemas-microsoft-com:xslt">
<head>
<META http-equiv="Content-Type" content="text/html">
<meta http-equiv="content-type" content="text/html; charset=UTF-8">
</head>
<body style="margin:0px 0px 0px 0px;overflow:auto;background:#FFFFFF;">
<table style="font-family:Arial,Verdana,Times;font-size:12px;text-align:left;width:100%;border-collapse:collapse;padding:3px 3px 3px 3px">
<tr style="text-align:center;font-weight:bold;background:#9CBCE2">
<td>Gat 111</td>
</tr>
<tr>
<td>
<table style="font-family:Arial,Verdana,Times;font-size:12px;text-align:left;width:100%;border-spacing:0px; padding:3px 3px 3px 3px">
<tr>
<td>SHAPE</td>
<td>Polygon</td>
</tr>
<tr bgcolor="#D4E4F3">
<td>SHAPE_Length</td>
<td>2428.408121</td>
</tr>
<tr>
<td>SHAPE_Area</td>
<td>139719.47862</td>
</tr>
<tr bgcolor="#D4E4F3">
<td>Gat_name</td>
<td>Gat 111</td>
</tr>
</table>
</td>
</tr>
</table>
</body>
</html>
]]></description>
      <styleUrl>#PolyStyle00</styleUrl>
      <MultiGeometry>
        <Polygon>
          <extrude>0</extrude><altitudeMode>clampToGround</altitudeMode>
          <outerBoundaryIs><LinearRing><coordinates> 74.52952103855564,18.14576808983391,0 74.52803692357833,18.14562052578206,0 74.52554625567399,18.1453743502883,0 74.52361432351198,18.14534597292769,0 74.51914529967824,18.14504116499122,0 74.52001914727863,18.14438462288274,0 74.52011617076542,18.14387814272674,0 74.5230783808769,18.1440702873325,0 74.52829413255128,18.14440672582624,0 74.52970644628142,18.14455607626023,0 74.52952103855564,18.14576808983391,0</coordinates></LinearRing></outerBoundaryIs>
        </Polygon>
      </MultiGeometry>
    </Placemark>
    <Placemark id="ID_00009">
      <name>Gat 109</name>
      <Snippet></Snippet>
      <description><![CDATA[<html xmlns:fo="http://www.w3.org/1999/XSL/Format" xmlns:msxsl="urn:schemas-microsoft-com:xslt">
<head>
<META http-equiv="Content-Type" content="text/html">
<meta http-equiv="content-type" content="text/html; charset=UTF-8">
</head>
<body style="margin:0px 0px 0px 0px;overflow:auto;background:#FFFFFF;">
<table style="font-family:Arial,Verdana,Times;font-size:12px;text-align:left;width:100%;border-collapse:collapse;padding:3px 3px 3px 3px">
<tr style="text-align:center;font-weight:bold;background:#9CBCE2">
<td>Gat 109</td>
</tr>
<tr>
<td>
<table style="font-family:Arial,Verdana,Times;font-size:12px;text-align:left;width:100%;border-spacing:0px; padding:3px 3px 3px 3px">
<tr>
<td>SHAPE</td>
<td>Polygon</td>
</tr>
<tr bgcolor="#D4E4F3">
<td>SHAPE_Length</td>
<td>1833.015758</td>
</tr>
<tr>
<td>SHAPE_Area</td>
<td>57283.651607</td>
</tr>
<tr bgcolor="#D4E4F3">
<td>Gat_name</td>
<td>Gat 109</td>
</tr>
</table>
</td>
</tr>
</table>
</body>
</html>
]]></description>
      <styleUrl>#PolyStyle00</styleUrl>
      <MultiGeometry>
        <Polygon>
          <extrude>0</extrude><altitudeMode>clampToGround</altitudeMode>
          <outerBoundaryIs><LinearRing><coordinates> 74.52554625567399,18.1453743502883,0 74.52952103855564,18.14576808983391,0 74.53076403559852,18.14586315427585,0 74.53228376140478,18.14597077789291,0 74.53363244936881,18.14606327796721,0 74.53355532382125,18.14667348538574,0 74.53097932866913,18.14653673467827,0 74.52873934779291,18.14629077000307,0 74.52585510041337,18.14597708896355,0 74.52566017314336,18.1459709162606,0 74.52554625567399,18.1453743502883,0</coordinates></LinearRing></outerBoundaryIs>
        </Polygon>
      </MultiGeometry>
    </Placemark>
    <Placemark id="ID_00010">
      <name>Gat 104</name>
      <Snippet></Snippet>
      <description><![CDATA[<html xmlns:fo="http://www.w3.org/1999/XSL/Format" xmlns:msxsl="urn:schemas-microsoft-com:xslt">
<head>
<META http-equiv="Content-Type" content="text/html">
<meta http-equiv="content-type" content="text/html; charset=UTF-8">
</head>
<body style="margin:0px 0px 0px 0px;overflow:auto;background:#FFFFFF;">
<table style="font-family:Arial,Verdana,Times;font-size:12px;text-align:left;width:100%;border-collapse:collapse;padding:3px 3px 3px 3px">
<tr style="text-align:center;font-weight:bold;background:#9CBCE2">
<td>Gat 104</td>
</tr>
<tr>
<td>
<table style="font-family:Arial,Verdana,Times;font-size:12px;text-align:left;width:100%;border-spacing:0px; padding:3px 3px 3px 3px">
<tr>
<td>SHAPE</td>
<td>Polygon</td>
</tr>
<tr bgcolor="#D4E4F3">
<td>SHAPE_Length</td>
<td>1769.510137</td>
</tr>
<tr>
<td>SHAPE_Area</td>
<td>64012.63143</td>
</tr>
<tr bgcolor="#D4E4F3">
<td>Gat_name</td>
<td>Gat 104</td>
</tr>
</table>
</td>
</tr>
</table>
</body>
</html>
]]></description>
      <styleUrl>#PolyStyle00</styleUrl>
      <MultiGeometry>
        <Polygon>
          <extrude>0</extrude><altitudeMode>clampToGround</altitudeMode>
          <outerBoundaryIs><LinearRing><coordinates> 74.51914529967824,18.14504116499122,0 74.52046544033404,18.14513121558945,0 74.52361432351198,18.14534597292769,0 74.52554625567399,18.1453743502883,0 74.52559445437495,18.14562676018377,0 74.52565924092995,18.14596603601805,0 74.52549165286551,18.1459833847994,0 74.52513272914047,18.14598960163348,0 74.52443703508204,18.14599907288297,0 74.52354709934485,18.14597440683642,0 74.52342600016422,18.14598015173098,0 74.52325774751323,18.14596638545377,0 74.52322778989216,18.14596555472814,0 74.52174139279177,18.14584544806186,0 74.51995908034645,18.14571417087031,0 74.51992447200355,18.14613676352061,0 74.51989614110929,18.14648269765973,0 74.51867541322024,18.14651351696996,0 74.51852383674591,18.1460899228796,0 74.51849315455873,18.1458986321058,0 74.51860181574627,18.1455622438292,0 74.51863599886846,18.14546262936736,0 74.51878174215101,18.1450780179709,0 74.51887011356747,18.14504581694827,0 74.51914529967824,18.14504116499122,0</coordinates></LinearRing></outerBoundaryIs>
        </Polygon>
      </MultiGeometry>
    </Placemark>
    <Placemark id="ID_00011">
      <name>Gat 105</name>
      <Snippet></Snippet>
      <description><![CDATA[<html xmlns:fo="http://www.w3.org/1999/XSL/Format" xmlns:msxsl="urn:schemas-microsoft-com:xslt">
<head>
<META http-equiv="Content-Type" content="text/html">
<meta http-equiv="content-type" content="text/html; charset=UTF-8">
</head>
<body style="margin:0px 0px 0px 0px;overflow:auto;background:#FFFFFF;">
<table style="font-family:Arial,Verdana,Times;font-size:12px;text-align:left;width:100%;border-collapse:collapse;padding:3px 3px 3px 3px">
<tr style="text-align:center;font-weight:bold;background:#9CBCE2">
<td>Gat 105</td>
</tr>
<tr>
<td>
<table style="font-family:Arial,Verdana,Times;font-size:12px;text-align:left;width:100%;border-spacing:0px; padding:3px 3px 3px 3px">
<tr>
<td>SHAPE</td>
<td>Polygon</td>
</tr>
<tr bgcolor="#D4E4F3">
<td>SHAPE_Length</td>
<td>880.247586</td>
</tr>
<tr>
<td>SHAPE_Area</td>
<td>15600.964904</td>
</tr>
<tr bgcolor="#D4E4F3">
<td>Gat_name</td>
<td>Gat 105</td>
</tr>
</table>
</td>
</tr>
</table>
</body>
</html>
]]></description>
      <styleUrl>#PolyStyle00</styleUrl>
      <MultiGeometry>
        <Polygon>
          <extrude>0</extrude><altitudeMode>clampToGround</altitudeMode>
          <outerBoundaryIs><LinearRing><coordinates> 74.51989614110929,18.14648269765973,0 74.51992447200355,18.14613676352061,0 74.51995908034645,18.14571417087031,0 74.5209595306365,18.14578786195536,0 74.52187283518934,18.14585606927197,0 74.52322778989216,18.14596555472814,0 74.52342600016422,18.14598015173098,0 74.52343535244013,18.14622100899171,0 74.52047292606399,18.14614778392647,0 74.52023478620409,18.1465431359852,0 74.51989614110929,18.14648269765973,0</coordinates></LinearRing></outerBoundaryIs>
        </Polygon>
      </MultiGeometry>
    </Placemark>
    <Placemark id="ID_00012">
      <name>Gat 108</name>
      <Snippet></Snippet>
      <description><![CDATA[<html xmlns:fo="http://www.w3.org/1999/XSL/Format" xmlns:msxsl="urn:schemas-microsoft-com:xslt">
<head>
<META http-equiv="Content-Type" content="text/html">
<meta http-equiv="content-type" content="text/html; charset=UTF-8">
</head>
<body style="margin:0px 0px 0px 0px;overflow:auto;background:#FFFFFF;">
<table style="font-family:Arial,Verdana,Times;font-size:12px;text-align:left;width:100%;border-collapse:collapse;padding:3px 3px 3px 3px">
<tr style="text-align:center;font-weight:bold;background:#9CBCE2">
<td>Gat 108</td>
</tr>
<tr>
<td>
<table style="font-family:Arial,Verdana,Times;font-size:12px;text-align:left;width:100%;border-spacing:0px; padding:3px 3px 3px 3px">
<tr>
<td>SHAPE</td>
<td>Polygon</td>
</tr>
<tr bgcolor="#D4E4F3">
<td>SHAPE_Length</td>
<td>2201.721407</td>
</tr>
<tr>
<td>SHAPE_Area</td>
<td>32980.85279</td>
</tr>
<tr bgcolor="#D4E4F3">
<td>Gat_name</td>
<td>Gat 108</td>
</tr>
</table>
</td>
</tr>
</table>
</body>
</html>
]]></description>
      <styleUrl>#PolyStyle00</styleUrl>
      <MultiGeometry>
        <Polygon>
          <extrude>0</extrude><altitudeMode>clampToGround</altitudeMode>
          <outerBoundaryIs><LinearRing><coordinates> 74.52343535244013,18.14622100899171,0 74.52342894729813,18.14605606315328,0 74.52342600016422,18.14598015173098,0 74.52354709934485,18.14597440683642,0 74.52443703508204,18.14599907288297,0 74.52513272914047,18.14598960163348,0 74.52549165286551,18.1459833847994,0 74.52565924092995,18.14596603601805,0 74.52566017314336,18.1459709162606,0 74.52585510041337,18.14597708896355,0 74.52624511601708,18.14601950805579,0 74.52662133716201,18.14606042642139,0 74.52873934779291,18.14629077000307,0 74.53034104959775,18.14646664975652,0 74.53097932866913,18.14653673467827,0 74.53164715852731,18.1465721906474,0 74.53355532382125,18.14667348538574,0 74.53347668466259,18.14696666127179,0 74.53326112047291,18.14694787037209,0 74.53196897931079,18.14683522959808,0 74.53031055899996,18.14669932218072,0 74.52821652540074,18.14649782421838,0 74.52578278004296,18.14635966354179,0 74.52442091099941,18.14626434816328,0 74.52343535244013,18.14622100899171,0</coordinates></LinearRing></outerBoundaryIs>
        </Polygon>
      </MultiGeometry>
    </Placemark>
    <Placemark id="ID_00013">
      <name>Gat 107</name>
      <Snippet></Snippet>
      <description><![CDATA[<html xmlns:fo="http://www.w3.org/1999/XSL/Format" xmlns:msxsl="urn:schemas-microsoft-com:xslt">
<head>
<META http-equiv="Content-Type" content="text/html">
<meta http-equiv="content-type" content="text/html; charset=UTF-8">
</head>
<body style="margin:0px 0px 0px 0px;overflow:auto;background:#FFFFFF;">
<table style="font-family:Arial,Verdana,Times;font-size:12px;text-align:left;width:100%;border-collapse:collapse;padding:3px 3px 3px 3px">
<tr style="text-align:center;font-weight:bold;background:#9CBCE2">
<td>Gat 107</td>
</tr>
<tr>
<td>
<table style="font-family:Arial,Verdana,Times;font-size:12px;text-align:left;width:100%;border-spacing:0px; padding:3px 3px 3px 3px">
<tr>
<td>SHAPE</td>
<td>Polygon</td>
</tr>
<tr bgcolor="#D4E4F3">
<td>SHAPE_Length</td>
<td>2888.110046</td>
</tr>
<tr>
<td>SHAPE_Area</td>
<td>65507.246316</td>
</tr>
<tr bgcolor="#D4E4F3">
<td>Gat_name</td>
<td>Gat 107</td>
</tr>
</table>
</td>
</tr>
</table>
</body>
</html>
]]></description>
      <styleUrl>#PolyStyle00</styleUrl>
      <MultiGeometry>
        <Polygon>
          <extrude>0</extrude><altitudeMode>clampToGround</altitudeMode>
          <outerBoundaryIs><LinearRing><coordinates> 74.52023478620409,18.1465431359852,0 74.52043063610901,18.14621799337647,0 74.52047292606399,18.14614778392647,0 74.52343535244013,18.14622100899171,0 74.52442091099941,18.14626434816328,0 74.52578278004296,18.14635966354179,0 74.52679267913226,18.14641699840858,0 74.52725637000039,18.14644332146284,0 74.52821652540074,18.14649782421838,0 74.53013534202334,18.1466824628484,0 74.53064169273853,18.14672645953546,0 74.53196897931079,18.14683522959808,0 74.53326112047291,18.14694787037209,0 74.53347668466259,18.14696666127179,0 74.53350901281513,18.14697311704657,0 74.53343315960115,18.14745796316414,0 74.53274770155369,18.14738853185537,0 74.53045165109607,18.14714871872974,0 74.52931135289921,18.14703438162555,0 74.52580276132623,18.14669915335952,0 74.52516144076198,18.14669986661945,0 74.52509778632002,18.14669993548173,0 74.52499335378438,18.14670004827339,0 74.52492129300968,18.14670012615123,0 74.52485016375365,18.14669903584892,0 74.52459436587621,18.14669382253008,0 74.52227989950609,18.14664599281303,0 74.52132333352063,18.14657551055041,0 74.52099814240272,18.14655470056669,0 74.52023478620409,18.1465431359852,0</coordinates></LinearRing></outerBoundaryIs>
        </Polygon>
      </MultiGeometry>
    </Placemark>
    <Placemark id="ID_00014">
      <name>Gat 106</name>
      <Snippet></Snippet>
      <description><![CDATA[<html xmlns:fo="http://www.w3.org/1999/XSL/Format" xmlns:msxsl="urn:schemas-microsoft-com:xslt">
<head>
<META http-equiv="Content-Type" content="text/html">
<meta http-equiv="content-type" content="text/html; charset=UTF-8">
</head>
<body style="margin:0px 0px 0px 0px;overflow:auto;background:#FFFFFF;">
<table style="font-family:Arial,Verdana,Times;font-size:12px;text-align:left;width:100%;border-collapse:collapse;padding:3px 3px 3px 3px">
<tr style="text-align:center;font-weight:bold;background:#9CBCE2">
<td>Gat 106</td>
</tr>
<tr>
<td>
<table style="font-family:Arial,Verdana,Times;font-size:12px;text-align:left;width:100%;border-spacing:0px; padding:3px 3px 3px 3px">
<tr>
<td>SHAPE</td>
<td>Polygon</td>
</tr>
<tr bgcolor="#D4E4F3">
<td>SHAPE_Length</td>
<td>2933.363496</td>
</tr>
<tr>
<td>SHAPE_Area</td>
<td>106878.761902</td>
</tr>
<tr bgcolor="#D4E4F3">
<td>Gat_name</td>
<td>Gat 106</td>
</tr>
</table>
</td>
</tr>
</table>
</body>
</html>
]]></description>
      <styleUrl>#PolyStyle00</styleUrl>
      <MultiGeometry>
        <Polygon>
          <extrude>0</extrude><altitudeMode>clampToGround</altitudeMode>
          <outerBoundaryIs><LinearRing><coordinates> 74.52028194307788,18.14654434085849,0 74.52099814240272,18.14655470056669,0 74.52228490241458,18.1466460052338,0 74.52251570744065,18.14665144701848,0 74.52489902931286,18.14669978466831,0 74.52580776423881,18.14669916568873,0 74.52931635582388,18.14703439386375,0 74.53045665402482,18.14714873093837,0 74.53275270449089,18.14738854400446,0 74.53326990579542,18.14744093231403,0 74.53343816254082,18.14745797529545,0 74.53344116595346,18.14746833680734,0 74.53334001628976,18.148194134798,0 74.53189488718196,18.14802039780471,0 74.53043939947494,18.14786163094685,0 74.5284763300852,18.14766968949843,0 74.52674975329532,18.14753035759947,0 74.52620049992579,18.14748602989462,0 74.52484356079007,18.14739202917403,0 74.52362189549881,18.14734084448772,0 74.52254964706454,18.14727319637381,0 74.52108054713963,18.14718170805967,0 74.52067678802445,18.14715538021927,0 74.52046719636039,18.14714350866357,0 74.52025141640725,18.14712950650148,0 74.52025572956272,18.14702922798376,0 74.52026585074529,18.14679392261817,0 74.52028194307788,18.14654434085849,0</coordinates></LinearRing></outerBoundaryIs>
        </Polygon>
      </MultiGeometry>
    </Placemark>
    <Placemark id="ID_00015">
      <name>Gat 101</name>
      <Snippet></Snippet>
      <description><![CDATA[<html xmlns:fo="http://www.w3.org/1999/XSL/Format" xmlns:msxsl="urn:schemas-microsoft-com:xslt">
<head>
<META http-equiv="Content-Type" content="text/html">
<meta http-equiv="content-type" content="text/html; charset=UTF-8">
</head>
<body style="margin:0px 0px 0px 0px;overflow:auto;background:#FFFFFF;">
<table style="font-family:Arial,Verdana,Times;font-size:12px;text-align:left;width:100%;border-collapse:collapse;padding:3px 3px 3px 3px">
<tr style="text-align:center;font-weight:bold;background:#9CBCE2">
<td>Gat 101</td>
</tr>
<tr>
<td>
<table style="font-family:Arial,Verdana,Times;font-size:12px;text-align:left;width:100%;border-spacing:0px; padding:3px 3px 3px 3px">
<tr>
<td>SHAPE</td>
<td>Polygon</td>
</tr>
<tr bgcolor="#D4E4F3">
<td>SHAPE_Length</td>
<td>761.368225</td>
</tr>
<tr>
<td>SHAPE_Area</td>
<td>12101.735442</td>
</tr>
<tr bgcolor="#D4E4F3">
<td>Gat_name</td>
<td>Gat 101</td>
</tr>
</table>
</td>
</tr>
</table>
</body>
</html>
]]></description>
      <styleUrl>#PolyStyle00</styleUrl>
      <MultiGeometry>
        <Polygon>
          <extrude>0</extrude><altitudeMode>clampToGround</altitudeMode>
          <outerBoundaryIs><LinearRing><coordinates> 74.52025141640725,18.14712950650148,0 74.52152575188775,18.14720943420737,0 74.52320031485031,18.14731424732901,0 74.52355646591764,18.14733618866697,0 74.5235185971045,18.14763927841144,0 74.52261149049578,18.14759278498141,0 74.52162922462495,18.14753516596684,0 74.52054879535014,18.14747178223279,0 74.52030339426001,18.14745604779029,0 74.52029247062767,18.14738802041743,0 74.52025141640725,18.14712950650148,0</coordinates></LinearRing></outerBoundaryIs>
        </Polygon>
      </MultiGeometry>
    </Placemark>
    <Placemark id="ID_00016">
      <name>Gat 219</name>
      <Snippet></Snippet>
      <description><![CDATA[<html xmlns:fo="http://www.w3.org/1999/XSL/Format" xmlns:msxsl="urn:schemas-microsoft-com:xslt">
<head>
<META http-equiv="Content-Type" content="text/html">
<meta http-equiv="content-type" content="text/html; charset=UTF-8">
</head>
<body style="margin:0px 0px 0px 0px;overflow:auto;background:#FFFFFF;">
<table style="font-family:Arial,Verdana,Times;font-size:12px;text-align:left;width:100%;border-collapse:collapse;padding:3px 3px 3px 3px">
<tr style="text-align:center;font-weight:bold;background:#9CBCE2">
<td>Gat 219</td>
</tr>
<tr>
<td>
<table style="font-family:Arial,Verdana,Times;font-size:12px;text-align:left;width:100%;border-spacing:0px; padding:3px 3px 3px 3px">
<tr>
<td>SHAPE</td>
<td>Polygon</td>
</tr>
<tr bgcolor="#D4E4F3">
<td>SHAPE_Length</td>
<td>2150.2121</td>
</tr>
<tr>
<td>SHAPE_Area</td>
<td>36987.730311</td>
</tr>
<tr bgcolor="#D4E4F3">
<td>Gat_name</td>
<td>Gat 219</td>
</tr>
</table>
</td>
</tr>
</table>
</body>
</html>
]]></description>
      <styleUrl>#PolyStyle00</styleUrl>
      <MultiGeometry>
        <Polygon>
          <extrude>0</extrude><altitudeMode>clampToGround</altitudeMode>
          <outerBoundaryIs><LinearRing><coordinates> 74.52355646591764,18.14733618866697,0 74.52469611953541,18.14738585251506,0 74.5252802733344,18.14742228350952,0 74.52636122931403,18.14749900143751,0 74.52748611272175,18.14758978258012,0 74.52858822199747,18.14768063061911,0 74.52974512803129,18.14779375002481,0 74.53086079696584,18.14790759890232,0 74.53114484825944,18.14793858390532,0 74.53170211263205,18.14799937028702,0 74.53187995440636,18.14801876893322,0 74.53236758074155,18.14807722742749,0 74.53275437863812,18.14812372899094,0 74.53334323343675,18.14819271274851,0 74.53327357998859,18.14854290733849,0 74.53315788900667,18.14853003275214,0 74.53197560913603,18.14838837348701,0 74.53031745315887,18.1481717349962,0 74.52939128213016,18.14805181730061,0 74.52846110786692,18.14796607797486,0 74.52781150001323,18.14791783210385,0 74.52700110056075,18.14786005839338,0 74.52606467766175,18.14780104990398,0 74.52423182379493,18.14768967633474,0 74.5235185971045,18.14763927841144,0 74.52355646591764,18.14733618866697,0</coordinates></LinearRing></outerBoundaryIs>
        </Polygon>
      </MultiGeometry>
    </Placemark>
    <Placemark id="ID_00017">
      <name>Gat 100</name>
      <Snippet></Snippet>
      <description><![CDATA[<html xmlns:fo="http://www.w3.org/1999/XSL/Format" xmlns:msxsl="urn:schemas-microsoft-com:xslt">
<head>
<META http-equiv="Content-Type" content="text/html">
<meta http-equiv="content-type" content="text/html; charset=UTF-8">
</head>
<body style="margin:0px 0px 0px 0px;overflow:auto;background:#FFFFFF;">
<table style="font-family:Arial,Verdana,Times;font-size:12px;text-align:left;width:100%;border-collapse:collapse;padding:3px 3px 3px 3px">
<tr style="text-align:center;font-weight:bold;background:#9CBCE2">
<td>Gat 100</td>
</tr>
<tr>
<td>
<table style="font-family:Arial,Verdana,Times;font-size:12px;text-align:left;width:100%;border-spacing:0px; padding:3px 3px 3px 3px">
<tr>
<td>SHAPE</td>
<td>Polygon</td>
</tr>
<tr bgcolor="#D4E4F3">
<td>SHAPE_Length</td>
<td>2848.606433</td>
</tr>
<tr>
<td>SHAPE_Area</td>
<td>59315.22833</td>
</tr>
<tr bgcolor="#D4E4F3">
<td>Gat_name</td>
<td>Gat 100</td>
</tr>
</table>
</td>
</tr>
</table>
</body>
</html>
]]></description>
      <styleUrl>#PolyStyle00</styleUrl>
      <MultiGeometry>
        <Polygon>
          <extrude>0</extrude><altitudeMode>clampToGround</altitudeMode>
          <outerBoundaryIs><LinearRing><coordinates> 74.52030339426001,18.14745604779029,0 74.52088789338566,18.14749167591052,0 74.52162922462495,18.14753516596684,0 74.52261149049578,18.14759278498141,0 74.52328123286216,18.14762711246027,0 74.5235185971045,18.14763927841144,0 74.52423182379493,18.14768967633474,0 74.52530389046343,18.14775482284248,0 74.52562754090903,18.14777448840737,0 74.52606467766175,18.14780104990398,0 74.52700110056075,18.14786005839338,0 74.5273919113606,18.14788792019053,0 74.52768228484287,18.14790862040666,0 74.52781150001323,18.14791783210385,0 74.52817888126036,18.14794511781893,0 74.52828887580745,18.14795328695084,0 74.52846110786692,18.14796607797486,0 74.5290169891136,18.14801731710085,0 74.52923748959186,18.14803764146807,0 74.52939128213016,18.14805181730061,0 74.52967357328004,18.14808836773429,0 74.52980919124778,18.1481059270162,0 74.53031745315887,18.1481717349962,0 74.53046521010774,18.1481910398152,0 74.53062472550262,18.14821188169157,0 74.53134394162126,18.14830584770408,0 74.53162530188291,18.14834260722876,0 74.53197560913603,18.14838837348701,0 74.53219563969607,18.14841473812232,0 74.53243240311261,18.14844310718475,0 74.53315788900667,18.14853003275214,0 74.53322381802487,18.14853736999157,0 74.53327357998859,18.14854290733849,0 74.53329763472252,18.14855172376063,0 74.53322306495711,18.14898135357271,0 74.53296257762557,18.14894064760047,0 74.53169537113735,18.14874415950189,0 74.53030303620282,18.14854048318508,0 74.52912633346753,18.14839192749838,0 74.52841442425829,18.14830221729403,0 74.52784780139537,18.14826414951765,0 74.52638323466532,18.14816574772502,0 74.52520411440567,18.14811029956442,0 74.52430131223758,18.14808745607122,0 74.52302789338836,18.14804619099326,0 74.52272025479368,18.14803524833374,0 74.52241994870002,18.14802359490095,0 74.52185221654362,18.14800156320078,0 74.52135340439634,18.14798220488648,0 74.52135511985142,18.14796568633746,0 74.52091305732392,18.1479474233938,0 74.52042571134524,18.1479272886335,0 74.52037887182014,18.14792605746421,0 74.52037490802222,18.14790137227214,0 74.52030339426001,18.14745604779029,0</coordinates></LinearRing></outerBoundaryIs>
        </Polygon>
      </MultiGeometry>
    </Placemark>
    <Placemark id="ID_00018">
      <name>Gat 98</name>
      <Snippet></Snippet>
      <description><![CDATA[<html xmlns:fo="http://www.w3.org/1999/XSL/Format" xmlns:msxsl="urn:schemas-microsoft-com:xslt">
<head>
<META http-equiv="Content-Type" content="text/html">
<meta http-equiv="content-type" content="text/html; charset=UTF-8">
</head>
<body style="margin:0px 0px 0px 0px;overflow:auto;background:#FFFFFF;">
<table style="font-family:Arial,Verdana,Times;font-size:12px;text-align:left;width:100%;border-collapse:collapse;padding:3px 3px 3px 3px">
<tr style="text-align:center;font-weight:bold;background:#9CBCE2">
<td>Gat 98</td>
</tr>
<tr>
<td>
<table style="font-family:Arial,Verdana,Times;font-size:12px;text-align:left;width:100%;border-spacing:0px; padding:3px 3px 3px 3px">
<tr>
<td>SHAPE</td>
<td>Polygon</td>
</tr>
<tr bgcolor="#D4E4F3">
<td>SHAPE_Length</td>
<td>1231.10902</td>
</tr>
<tr>
<td>SHAPE_Area</td>
<td>56253.943127</td>
</tr>
<tr bgcolor="#D4E4F3">
<td>Gat_name</td>
<td>Gat 98</td>
</tr>
</table>
</td>
</tr>
</table>
</body>
</html>
]]></description>
      <styleUrl>#PolyStyle00</styleUrl>
      <MultiGeometry>
        <Polygon>
          <extrude>0</extrude><altitudeMode>clampToGround</altitudeMode>
          <outerBoundaryIs><LinearRing><coordinates> 74.52841442425829,18.14830221729403,0 74.52937699795289,18.14842357364073,0 74.53030303620282,18.14854048318508,0 74.53112580445432,18.14866084234093,0 74.5316385998556,18.14873585524651,0 74.53169537113735,18.14874415950189,0 74.53296257762557,18.14894064760047,0 74.53312584996732,18.14896616208937,0 74.53323379158353,18.14898270008582,0 74.53307245906056,18.14960200854609,0 74.5330360933654,18.14974409747752,0 74.53181159810168,18.14968914974061,0 74.5305416149358,18.14963215175884,0 74.52888998225107,18.14948986988696,0 74.52829619127336,18.1494384659624,0 74.52840940634375,18.14835043853387,0 74.52841442425829,18.14830221729403,0</coordinates></LinearRing></outerBoundaryIs>
        </Polygon>
      </MultiGeometry>
    </Placemark>
    <Placemark id="ID_00019">
      <name>Gat 99</name>
      <Snippet></Snippet>
      <description><![CDATA[<html xmlns:fo="http://www.w3.org/1999/XSL/Format" xmlns:msxsl="urn:schemas-microsoft-com:xslt">
<head>
<META http-equiv="Content-Type" content="text/html">
<meta http-equiv="content-type" content="text/html; charset=UTF-8">
</head>
<body style="margin:0px 0px 0px 0px;overflow:auto;background:#FFFFFF;">
<table style="font-family:Arial,Verdana,Times;font-size:12px;text-align:left;width:100%;border-collapse:collapse;padding:3px 3px 3px 3px">
<tr style="text-align:center;font-weight:bold;background:#9CBCE2">
<td>Gat 99</td>
</tr>
<tr>
<td>
<table style="font-family:Arial,Verdana,Times;font-size:12px;text-align:left;width:100%;border-spacing:0px; padding:3px 3px 3px 3px">
<tr>
<td>SHAPE</td>
<td>Polygon</td>
</tr>
<tr bgcolor="#D4E4F3">
<td>SHAPE_Length</td>
<td>1446.496029</td>
</tr>
<tr>
<td>SHAPE_Area</td>
<td>79886.098457</td>
</tr>
<tr bgcolor="#D4E4F3">
<td>Gat_name</td>
<td>Gat 99</td>
</tr>
</table>
</td>
</tr>
</table>
</body>
</html>
]]></description>
      <styleUrl>#PolyStyle00</styleUrl>
      <MultiGeometry>
        <Polygon>
          <extrude>0</extrude><altitudeMode>clampToGround</altitudeMode>
          <outerBoundaryIs><LinearRing><coordinates> 74.52273738228881,18.1480363157566,0 74.52430131223758,18.14808745607122,0 74.52520411440567,18.14811029956442,0 74.52638323466532,18.14816574772502,0 74.52784780139537,18.14826414951765,0 74.52808332212666,18.14827997305919,0 74.52840545036268,18.14830161413886,0 74.52840064974049,18.14834953674487,0 74.52840940634375,18.14835043853387,0 74.52829619127336,18.1494384659624,0 74.52829216794284,18.14943836661935,0 74.52635518311598,18.14939741409843,0 74.52546382480752,18.14938012737085,0 74.5241774313383,18.14931499300228,0 74.52403388387479,18.14930903692913,0 74.52278116866998,18.14925705490084,0 74.52276438795374,18.1487892162596,0 74.52274511739256,18.14825196401254,0 74.52273776543984,18.14804701527983,0 74.52273738228881,18.1480363157566,0</coordinates></LinearRing></outerBoundaryIs>
        </Polygon>
      </MultiGeometry>
    </Placemark>
    <Placemark id="ID_00020">
      <name>Gat 97</name>
      <Snippet></Snippet>
      <description><![CDATA[<html xmlns:fo="http://www.w3.org/1999/XSL/Format" xmlns:msxsl="urn:schemas-microsoft-com:xslt">
<head>
<META http-equiv="Content-Type" content="text/html">
<meta http-equiv="content-type" content="text/html; charset=UTF-8">
</head>
<body style="margin:0px 0px 0px 0px;overflow:auto;background:#FFFFFF;">
<table style="font-family:Arial,Verdana,Times;font-size:12px;text-align:left;width:100%;border-collapse:collapse;padding:3px 3px 3px 3px">
<tr style="text-align:center;font-weight:bold;background:#9CBCE2">
<td>Gat 97</td>
</tr>
<tr>
<td>
<table style="font-family:Arial,Verdana,Times;font-size:12px;text-align:left;width:100%;border-spacing:0px; padding:3px 3px 3px 3px">
<tr>
<td>SHAPE</td>
<td>Polygon</td>
</tr>
<tr bgcolor="#D4E4F3">
<td>SHAPE_Length</td>
<td>1693.493143</td>
</tr>
<tr>
<td>SHAPE_Area</td>
<td>42991.198682</td>
</tr>
<tr bgcolor="#D4E4F3">
<td>Gat_name</td>
<td>Gat 97</td>
</tr>
</table>
</td>
</tr>
</table>
</body>
</html>
]]></description>
      <styleUrl>#PolyStyle00</styleUrl>
      <MultiGeometry>
        <Polygon>
          <extrude>0</extrude><altitudeMode>clampToGround</altitudeMode>
          <outerBoundaryIs><LinearRing><coordinates> 74.52546382480752,18.14938012737085,0 74.52765286971272,18.14942257372635,0 74.52829216794284,18.14943836661935,0 74.52829619127336,18.1494384659624,0 74.52888998225107,18.14948986988696,0 74.52945886887368,18.1495388792082,0 74.52962569354321,18.14955325034364,0 74.5305416149358,18.14963215175884,0 74.53181159810168,18.14968914974061,0 74.53284638063894,18.14973558473536,0 74.5330360933654,18.14974409747752,0 74.53303986504709,18.14974426660916,0 74.53291152722392,18.15016541074738,0 74.53284735873285,18.15016275857753,0 74.53210043341795,18.15013188093046,0 74.53185800328922,18.15012185794064,0 74.529679653979,18.15003178601134,0 74.52936990045858,18.15001897601166,0 74.5285825797595,18.14999871160073,0 74.52797830387476,18.14998315559675,0 74.52718497889576,18.14996273064784,0 74.52550327043781,18.14990389172938,0 74.52546382480752,18.14938012737085,0</coordinates></LinearRing></outerBoundaryIs>
        </Polygon>
      </MultiGeometry>
    </Placemark>
    <Placemark id="ID_00021">
      <name>Gat 96</name>
      <Snippet></Snippet>
      <description><![CDATA[<html xmlns:fo="http://www.w3.org/1999/XSL/Format" xmlns:msxsl="urn:schemas-microsoft-com:xslt">
<head>
<META http-equiv="Content-Type" content="text/html">
<meta http-equiv="content-type" content="text/html; charset=UTF-8">
</head>
<body style="margin:0px 0px 0px 0px;overflow:auto;background:#FFFFFF;">
<table style="font-family:Arial,Verdana,Times;font-size:12px;text-align:left;width:100%;border-collapse:collapse;padding:3px 3px 3px 3px">
<tr style="text-align:center;font-weight:bold;background:#9CBCE2">
<td>Gat 96</td>
</tr>
<tr>
<td>
<table style="font-family:Arial,Verdana,Times;font-size:12px;text-align:left;width:100%;border-spacing:0px; padding:3px 3px 3px 3px">
<tr>
<td>SHAPE</td>
<td>Polygon</td>
</tr>
<tr bgcolor="#D4E4F3">
<td>SHAPE_Length</td>
<td>2416.088638</td>
</tr>
<tr>
<td>SHAPE_Area</td>
<td>83779.687773</td>
</tr>
<tr bgcolor="#D4E4F3">
<td>Gat_name</td>
<td>Gat 96</td>
</tr>
</table>
</td>
</tr>
</table>
</body>
</html>
]]></description>
      <styleUrl>#PolyStyle00</styleUrl>
      <MultiGeometry>
        <Polygon>
          <extrude>0</extrude><altitudeMode>clampToGround</altitudeMode>
          <outerBoundaryIs><LinearRing><coordinates> 74.52280386566179,18.14925809636648,0 74.52278116866998,18.14925705490084,0 74.5228069504002,18.14925812480553,0 74.52280386566179,18.14925809636648,0</coordinates></LinearRing></outerBoundaryIs>
        </Polygon>
        <Polygon>
          <extrude>0</extrude><altitudeMode>clampToGround</altitudeMode>
          <outerBoundaryIs><LinearRing><coordinates> 74.52280386566179,18.14925809636648,0 74.52423858893597,18.14931808981076,0 74.52546382480752,18.14938012737085,0 74.52550327043781,18.14990389172938,0 74.52718497889576,18.14996273064784,0 74.52797830387476,18.14998315559675,0 74.5285825797595,18.14999871160073,0 74.52936990045858,18.15001897601166,0 74.529679653979,18.15003178601134,0 74.52991044723485,18.15004133049111,0 74.53050591194713,18.15006595322135,0 74.53172183746821,18.15011622832937,0 74.53195205059626,18.15012574635647,0 74.53210043341795,18.15013188093046,0 74.53284735873285,18.15016275857753,0 74.53293655412361,18.1501667169795,0 74.53283792527793,18.15056851808796,0 74.53280194717773,18.15071508634961,0 74.53280114743816,18.15071506000415,0 74.52889540048861,18.15059004534342,0 74.52907709832067,18.15058777691603,0 74.52883300374987,18.15058804782922,0 74.52785474801085,18.15055672255454,0 74.5275272546592,18.15054623495951,0 74.52674389390124,18.1505211462805,0 74.5259037116753,18.15048779805029,0 74.52568263033089,18.15047576910645,0 74.52450492219906,18.15041063174363,0 74.52407867873097,18.15039596616924,0 74.52394284988263,18.15039129174785,0 74.52281745226364,18.15035256396074,0 74.52278925771233,18.14986206167879,0 74.52276222693186,18.14939181154352,0 74.5227562710725,18.14925765654984,0 74.52280386566179,18.14925809636648,0</coordinates></LinearRing></outerBoundaryIs>
        </Polygon>
      </MultiGeometry>
    </Placemark>
    <Placemark id="ID_00022">
      <name>Gat 95</name>
      <Snippet></Snippet>
      <description><![CDATA[<html xmlns:fo="http://www.w3.org/1999/XSL/Format" xmlns:msxsl="urn:schemas-microsoft-com:xslt">
<head>
<META http-equiv="Content-Type" content="text/html">
<meta http-equiv="content-type" content="text/html; charset=UTF-8">
</head>
<body style="margin:0px 0px 0px 0px;overflow:auto;background:#FFFFFF;">
<table style="font-family:Arial,Verdana,Times;font-size:12px;text-align:left;width:100%;border-collapse:collapse;padding:3px 3px 3px 3px">
<tr style="text-align:center;font-weight:bold;background:#9CBCE2">
<td>Gat 95</td>
</tr>
<tr>
<td>
<table style="font-family:Arial,Verdana,Times;font-size:12px;text-align:left;width:100%;border-spacing:0px; padding:3px 3px 3px 3px">
<tr>
<td>SHAPE</td>
<td>Polygon</td>
</tr>
<tr bgcolor="#D4E4F3">
<td>SHAPE_Length</td>
<td>2144.075878</td>
</tr>
<tr>
<td>SHAPE_Area</td>
<td>30373.919866</td>
</tr>
<tr bgcolor="#D4E4F3">
<td>Gat_name</td>
<td>Gat 95</td>
</tr>
</table>
</td>
</tr>
</table>
</body>
</html>
]]></description>
      <styleUrl>#PolyStyle00</styleUrl>
      <MultiGeometry>
        <Polygon>
          <extrude>0</extrude><altitudeMode>clampToGround</altitudeMode>
          <outerBoundaryIs><LinearRing><coordinates> 74.5326925372256,18.15129297516857,0 74.53263847633237,18.1515333427451,0 74.53088730136307,18.15153583557215,0 74.52981611733432,18.15154744575336,0 74.52848059404607,18.15156191359466,0 74.52640484307939,18.1515791336373,0 74.52507390115998,18.15156527949923,0 74.52281088217453,18.15150092257845,0 74.52280333040895,18.15122011543534,0 74.52385939610609,18.15124057635821,0 74.52599068344787,18.15128185159521,0 74.52762103268755,18.15130527147296,0 74.52954758829773,18.15130994459345,0 74.53008188100576,18.15131123780655,0 74.53068819940199,18.15131500459179,0 74.53105291374209,18.1513135829086,0 74.53141167307572,18.1513078718388,0 74.53188436975037,18.15130321015254,0 74.53244585358429,18.15129767129403,0 74.5326925372256,18.15129297516857,0</coordinates></LinearRing></outerBoundaryIs>
        </Polygon>
      </MultiGeometry>
    </Placemark>
    <Placemark id="ID_00023">
      <name>Gat 82</name>
      <Snippet></Snippet>
      <description><![CDATA[<html xmlns:fo="http://www.w3.org/1999/XSL/Format" xmlns:msxsl="urn:schemas-microsoft-com:xslt">
<head>
<META http-equiv="Content-Type" content="text/html">
<meta http-equiv="content-type" content="text/html; charset=UTF-8">
</head>
<body style="margin:0px 0px 0px 0px;overflow:auto;background:#FFFFFF;">
<table style="font-family:Arial,Verdana,Times;font-size:12px;text-align:left;width:100%;border-collapse:collapse;padding:3px 3px 3px 3px">
<tr style="text-align:center;font-weight:bold;background:#9CBCE2">
<td>Gat 82</td>
</tr>
<tr>
<td>
<table style="font-family:Arial,Verdana,Times;font-size:12px;text-align:left;width:100%;border-spacing:0px; padding:3px 3px 3px 3px">
<tr>
<td>SHAPE</td>
<td>Polygon</td>
</tr>
<tr bgcolor="#D4E4F3">
<td>SHAPE_Length</td>
<td>7411.642285</td>
</tr>
<tr>
<td>SHAPE_Area</td>
<td>398291.204524</td>
</tr>
<tr bgcolor="#D4E4F3">
<td>Gat_name</td>
<td>Gat 82</td>
</tr>
</table>
</td>
</tr>
</table>
</body>
</html>
]]></description>
      <styleUrl>#PolyStyle00</styleUrl>
      <MultiGeometry>
        <Polygon>
          <extrude>0</extrude><altitudeMode>clampToGround</altitudeMode>
          <outerBoundaryIs><LinearRing><coordinates> 74.52273738228881,18.1480363157566,0 74.52278116866998,18.14925705490084,0 74.52280386566179,18.14925809636648,0 74.5227562710725,18.14925765654984,0 74.52276222693186,18.14939181154352,0 74.52278925771233,18.14986206167879,0 74.52281745226364,18.15035256396074,0 74.52394284988263,18.15039129174785,0 74.52407867873097,18.15039596616924,0 74.52450492219906,18.15041063174363,0 74.52568263033089,18.15047576910645,0 74.5259037116753,18.15048779805029,0 74.52674389390124,18.1505211462805,0 74.5275272546592,18.15054623495951,0 74.52785474801085,18.15055672255454,0 74.52883300374987,18.15058804782922,0 74.52907709832067,18.15058777691603,0 74.52889540048861,18.15059004534342,0 74.53248618067805,18.1507049818287,0 74.53282731330458,18.15072075618698,0 74.53271257963907,18.15118987477473,0 74.5326925372256,18.15129297516857,0 74.53244585358429,18.15129767129403,0 74.53188436975037,18.15130321015254,0 74.53141167307572,18.1513078718388,0 74.53105291374209,18.1513135829086,0 74.53068819940199,18.15131500459179,0 74.53008188100576,18.15131123780655,0 74.52954758829773,18.15130994459345,0 74.52762103268755,18.15130527147296,0 74.52599068344787,18.15128185159521,0 74.52385939610609,18.15124057635821,0 74.52280333040895,18.15122011543534,0 74.52281088217453,18.15150092257845,0 74.52507390115998,18.15156527949923,0 74.52640484307939,18.1515791336373,0 74.52848059404607,18.15156191359466,0 74.52981611733432,18.15154744575336,0 74.53088730136307,18.15153583557215,0 74.53243889947242,18.15153362783878,0 74.53263847633237,18.1515333427451,0 74.53245070092743,18.15237870520404,0 74.52915352856284,18.15245874444921,0 74.52817850473582,18.15255754314874,0 74.52543107024877,18.15284659025036,0 74.52448452011784,18.15288918453851,0 74.52287887082581,18.15297007235073,0 74.52312000226799,18.15645297623399,0 74.52320269135544,18.15787990611542,0 74.52341619232304,18.15861903652035,0 74.52416769361116,18.16117051370114,0 74.52392009681664,18.16135499305844,0 74.52372801952215,18.16146871549869,0 74.52308140270333,18.16185154956962,0 74.52269188600538,18.16013181627909,0 74.52225229213893,18.15821855927139,0 74.52213742204385,18.15720074189511,0 74.52207557120977,18.15662372447699,0 74.52183840420101,18.15448614371132,0 74.52167548375152,18.15302812081047,0 74.5216229652176,18.15298639712825,0 74.52135340439634,18.14798220488648,0 74.52273738228881,18.1480363157566,0</coordinates></LinearRing></outerBoundaryIs>
        </Polygon>
      </MultiGeometry>
    </Placemark>
    <Placemark id="ID_00024">
      <name>Gat 84</name>
      <Snippet></Snippet>
      <description><![CDATA[<html xmlns:fo="http://www.w3.org/1999/XSL/Format" xmlns:msxsl="urn:schemas-microsoft-com:xslt">
<head>
<META http-equiv="Content-Type" content="text/html">
<meta http-equiv="content-type" content="text/html; charset=UTF-8">
</head>
<body style="margin:0px 0px 0px 0px;overflow:auto;background:#FFFFFF;">
<table style="font-family:Arial,Verdana,Times;font-size:12px;text-align:left;width:100%;border-collapse:collapse;padding:3px 3px 3px 3px">
<tr style="text-align:center;font-weight:bold;background:#9CBCE2">
<td>Gat 84</td>
</tr>
<tr>
<td>
<table style="font-family:Arial,Verdana,Times;font-size:12px;text-align:left;width:100%;border-spacing:0px; padding:3px 3px 3px 3px">
<tr>
<td>SHAPE</td>
<td>Polygon</td>
</tr>
<tr bgcolor="#D4E4F3">
<td>SHAPE_Length</td>
<td>1287.043756</td>
</tr>
<tr>
<td>SHAPE_Area</td>
<td>101540.486453</td>
</tr>
<tr bgcolor="#D4E4F3">
<td>Gat_name</td>
<td>Gat 84</td>
</tr>
</table>
</td>
</tr>
</table>
</body>
</html>
]]></description>
      <styleUrl>#PolyStyle00</styleUrl>
      <MultiGeometry>
        <Polygon>
          <extrude>0</extrude><altitudeMode>clampToGround</altitudeMode>
          <outerBoundaryIs><LinearRing><coordinates> 74.52312000226799,18.15645297623399,0 74.52288184297277,18.15301300595124,0 74.52287887082581,18.15297007235073,0 74.52448452011784,18.15288918453851,0 74.52505535565184,18.15286349813735,0 74.52543919624019,18.1528552815901,0 74.52546883895354,18.15310947673031,0 74.52559941934999,18.15437252022076,0 74.5256236142113,18.15470302441648,0 74.52561391118617,18.15470448456541,0 74.52563701306936,18.1549075070522,0 74.52570853512039,18.15600920936879,0 74.52437709852022,18.1562374694266,0 74.52313322380633,18.1564457748096,0 74.52313275639361,18.15645078987358,0 74.52312466541433,18.15645217616235,0 74.52312000226799,18.15645297623399,0</coordinates></LinearRing></outerBoundaryIs>
        </Polygon>
      </MultiGeometry>
    </Placemark>
    <Placemark id="ID_00025">
      <name>Gat 94</name>
      <Snippet></Snippet>
      <description><![CDATA[<html xmlns:fo="http://www.w3.org/1999/XSL/Format" xmlns:msxsl="urn:schemas-microsoft-com:xslt">
<head>
<META http-equiv="Content-Type" content="text/html">
<meta http-equiv="content-type" content="text/html; charset=UTF-8">
</head>
<body style="margin:0px 0px 0px 0px;overflow:auto;background:#FFFFFF;">
<table style="font-family:Arial,Verdana,Times;font-size:12px;text-align:left;width:100%;border-collapse:collapse;padding:3px 3px 3px 3px">
<tr style="text-align:center;font-weight:bold;background:#9CBCE2">
<td>Gat 94</td>
</tr>
<tr>
<td>
<table style="font-family:Arial,Verdana,Times;font-size:12px;text-align:left;width:100%;border-spacing:0px; padding:3px 3px 3px 3px">
<tr>
<td>SHAPE</td>
<td>Polygon</td>
</tr>
<tr bgcolor="#D4E4F3">
<td>SHAPE_Length</td>
<td>1722.905694</td>
</tr>
<tr>
<td>SHAPE_Area</td>
<td>96495.199929</td>
</tr>
<tr bgcolor="#D4E4F3">
<td>Gat_name</td>
<td>Gat 94</td>
</tr>
</table>
</td>
</tr>
</table>
</body>
</html>
]]></description>
      <styleUrl>#PolyStyle00</styleUrl>
      <MultiGeometry>
        <Polygon>
          <extrude>0</extrude><altitudeMode>clampToGround</altitudeMode>
          <outerBoundaryIs><LinearRing><coordinates> 74.52558128260186,18.15412476885039,0 74.52543107024877,18.15284659025036,0 74.52817850473582,18.15255754314874,0 74.52915352856284,18.15245874444921,0 74.53035824107471,18.15242950692058,0 74.53070170822407,18.15242116952464,0 74.5323566728554,18.15238098837409,0 74.53245070092743,18.15237870520404,0 74.53245512353919,18.15240964123999,0 74.53232010937329,18.15296303978221,0 74.5323124922799,18.15314602689195,0 74.53230044402514,18.15345480846076,0 74.52864530395445,18.15373009151607,0 74.52841873246085,18.15374715262575,0 74.52694901131787,18.15394610533104,0 74.52558715099468,18.15412400242004,0 74.52558128260186,18.15412476885039,0</coordinates></LinearRing></outerBoundaryIs>
        </Polygon>
      </MultiGeometry>
    </Placemark>
    <Placemark id="ID_00026">
      <name>Gat 93</name>
      <Snippet></Snippet>
      <description><![CDATA[<html xmlns:fo="http://www.w3.org/1999/XSL/Format" xmlns:msxsl="urn:schemas-microsoft-com:xslt">
<head>
<META http-equiv="Content-Type" content="text/html">
<meta http-equiv="content-type" content="text/html; charset=UTF-8">
</head>
<body style="margin:0px 0px 0px 0px;overflow:auto;background:#FFFFFF;">
<table style="font-family:Arial,Verdana,Times;font-size:12px;text-align:left;width:100%;border-collapse:collapse;padding:3px 3px 3px 3px">
<tr style="text-align:center;font-weight:bold;background:#9CBCE2">
<td>Gat 93</td>
</tr>
<tr>
<td>
<table style="font-family:Arial,Verdana,Times;font-size:12px;text-align:left;width:100%;border-spacing:0px; padding:3px 3px 3px 3px">
<tr>
<td>SHAPE</td>
<td>Polygon</td>
</tr>
<tr bgcolor="#D4E4F3">
<td>SHAPE_Length</td>
<td>1571.86875</td>
</tr>
<tr>
<td>SHAPE_Area</td>
<td>44821.267927</td>
</tr>
<tr bgcolor="#D4E4F3">
<td>Gat_name</td>
<td>Gat 93</td>
</tr>
</table>
</td>
</tr>
</table>
</body>
</html>
]]></description>
      <styleUrl>#PolyStyle00</styleUrl>
      <MultiGeometry>
        <Polygon>
          <extrude>0</extrude><altitudeMode>clampToGround</altitudeMode>
          <outerBoundaryIs><LinearRing><coordinates> 74.5256236142113,18.15470302441648,0 74.52557486499298,18.15407015750721,0 74.52558128260186,18.15412476885039,0 74.52558715099468,18.15412400242004,0 74.52694901131787,18.15394610533104,0 74.52841873246085,18.15374715262575,0 74.52864530395445,18.15373009151607,0 74.52913642149382,18.15369310775551,0 74.52948533368385,18.15366683143205,0 74.53224618895844,18.15345889559175,0 74.53231791124922,18.15345349338484,0 74.53231195512099,18.15373140243524,0 74.53230476929819,18.15406675832447,0 74.53018269386988,18.15419293067673,0 74.52920734659239,18.15425092410213,0 74.5287020554949,18.154279503865,0 74.52814112243469,18.15431550539634,0 74.52794165073698,18.15434625484979,0 74.52676777102148,18.154530807276,0 74.52593508419797,18.15465614271596,0 74.5256236142113,18.15470302441648,0</coordinates></LinearRing></outerBoundaryIs>
        </Polygon>
      </MultiGeometry>
    </Placemark>
    <Placemark id="ID_00027">
      <name>Gat 92</name>
      <Snippet></Snippet>
      <description><![CDATA[<html xmlns:fo="http://www.w3.org/1999/XSL/Format" xmlns:msxsl="urn:schemas-microsoft-com:xslt">
<head>
<META http-equiv="Content-Type" content="text/html">
<meta http-equiv="content-type" content="text/html; charset=UTF-8">
</head>
<body style="margin:0px 0px 0px 0px;overflow:auto;background:#FFFFFF;">
<table style="font-family:Arial,Verdana,Times;font-size:12px;text-align:left;width:100%;border-collapse:collapse;padding:3px 3px 3px 3px">
<tr style="text-align:center;font-weight:bold;background:#9CBCE2">
<td>Gat 92</td>
</tr>
<tr>
<td>
<table style="font-family:Arial,Verdana,Times;font-size:12px;text-align:left;width:100%;border-spacing:0px; padding:3px 3px 3px 3px">
<tr>
<td>SHAPE</td>
<td>Polygon</td>
</tr>
<tr bgcolor="#D4E4F3">
<td>SHAPE_Length</td>
<td>1483.875385</td>
</tr>
<tr>
<td>SHAPE_Area</td>
<td>20822.634263</td>
</tr>
<tr bgcolor="#D4E4F3">
<td>Gat_name</td>
<td>Gat 92</td>
</tr>
</table>
</td>
</tr>
</table>
</body>
</html>
]]></description>
      <styleUrl>#PolyStyle00</styleUrl>
      <MultiGeometry>
        <Polygon>
          <extrude>0</extrude><altitudeMode>clampToGround</altitudeMode>
          <outerBoundaryIs><LinearRing><coordinates> 74.5256236142113,18.15470302441648,0 74.52652279626,18.15456768148624,0 74.52676777102148,18.154530807276,0 74.52794165073698,18.15434625484979,0 74.52814112243469,18.15431550539634,0 74.52855406515916,18.15428900192504,0 74.52863460517919,18.1542838333046,0 74.5287020554949,18.154279503865,0 74.52920734659239,18.15425092410213,0 74.53018269386988,18.15419293067673,0 74.53072797377523,18.15416051203553,0 74.53083671618651,18.15415404651754,0 74.53227908102679,18.15406828569072,0 74.53232446272119,18.15406556525565,0 74.53229297592573,18.1542921318852,0 74.53206284295214,18.15430762680945,0 74.53125575702761,18.15436195911938,0 74.53095726064295,18.15438236650552,0 74.52991779969288,18.15445626993816,0 74.52970910618153,18.15447263600931,0 74.52945855288283,18.15449228518285,0 74.5292522091634,18.15450846670154,0 74.52902588162115,18.15452621510581,0 74.52872644198726,18.15455022477699,0 74.52865462935863,18.15455774036104,0 74.52835312255478,18.15458929403063,0 74.5280290997767,18.15462320428544,0 74.52783987065911,18.15465210241761,0 74.52759870411768,18.15468931543555,0 74.52748809206047,18.15470638361309,0 74.52714665196224,18.154759069923,0 74.52688707559835,18.15479954749207,0 74.52669769089024,18.15483132459806,0 74.52641490715055,18.15487772321561,0 74.52623547182115,18.15490743110241,0 74.5260107618054,18.15495439243336,0 74.52578238508272,18.15500214343957,0 74.52572243867473,18.15501333049378,0 74.52565058053696,18.15502674138711,0 74.52564472213191,18.15502624791219,0 74.52563857013622,18.15492118756245,0 74.52561391118617,18.15470448456541,0 74.5256236142113,18.15470302441648,0</coordinates></LinearRing></outerBoundaryIs>
        </Polygon>
      </MultiGeometry>
    </Placemark>
    <Placemark id="ID_00028">
      <name>Gat 91</name>
      <Snippet></Snippet>
      <description><![CDATA[<html xmlns:fo="http://www.w3.org/1999/XSL/Format" xmlns:msxsl="urn:schemas-microsoft-com:xslt">
<head>
<META http-equiv="Content-Type" content="text/html">
<meta http-equiv="content-type" content="text/html; charset=UTF-8">
</head>
<body style="margin:0px 0px 0px 0px;overflow:auto;background:#FFFFFF;">
<table style="font-family:Arial,Verdana,Times;font-size:12px;text-align:left;width:100%;border-collapse:collapse;padding:3px 3px 3px 3px">
<tr style="text-align:center;font-weight:bold;background:#9CBCE2">
<td>Gat 91</td>
</tr>
<tr>
<td>
<table style="font-family:Arial,Verdana,Times;font-size:12px;text-align:left;width:100%;border-spacing:0px; padding:3px 3px 3px 3px">
<tr>
<td>SHAPE</td>
<td>Polygon</td>
</tr>
<tr bgcolor="#D4E4F3">
<td>SHAPE_Length</td>
<td>1506.192472</td>
</tr>
<tr>
<td>SHAPE_Area</td>
<td>26641.069566</td>
</tr>
<tr bgcolor="#D4E4F3">
<td>Gat_name</td>
<td>Gat 91</td>
</tr>
</table>
</td>
</tr>
</table>
</body>
</html>
]]></description>
      <styleUrl>#PolyStyle00</styleUrl>
      <MultiGeometry>
        <Polygon>
          <extrude>0</extrude><altitudeMode>clampToGround</altitudeMode>
          <outerBoundaryIs><LinearRing><coordinates> 74.52567096723709,18.15543052547261,0 74.52564472213191,18.15502624791219,0 74.52565058053696,18.15502674138711,0 74.52572243867473,18.15501333049378,0 74.52578238508272,18.15500214343957,0 74.5260107618054,18.15495439243336,0 74.52623547182115,18.15490743110241,0 74.52641490715055,18.15487772321561,0 74.52669769089024,18.15483132459806,0 74.52688707559835,18.15479954749207,0 74.52714665196224,18.154759069923,0 74.52722660927265,18.15474673223274,0 74.52748809206047,18.15470638361309,0 74.52759870411768,18.15468931543555,0 74.52783987065911,18.15465210241761,0 74.5280290997767,18.15462320428544,0 74.52835312255478,18.15458929403063,0 74.52865462935863,18.15455774036104,0 74.52872644198726,18.15455022477699,0 74.52902588162115,18.15452621510581,0 74.5292522091634,18.15450846670154,0 74.52945855288283,18.15449228518285,0 74.52970910618153,18.15447263600931,0 74.52991779969288,18.15445626993816,0 74.53095726064295,18.15438236650552,0 74.53125575702761,18.15436195911938,0 74.53206284295214,18.15430762680945,0 74.53215208774216,18.15430161835287,0 74.53229297592573,18.1542921318852,0 74.53231036165697,18.15428985223222,0 74.53232175466849,18.15446159133947,0 74.53232448266773,18.15463803818806,0 74.53146536468437,18.15470273461916,0 74.53063621972851,18.15475472658552,0 74.52949737115615,18.15482318272463,0 74.52871974806423,18.15488536736253,0 74.52752060942736,18.15496367479014,0 74.52744716904085,18.15500864583187,0 74.52742421403323,18.15501607400467,0 74.5267756463569,18.15516788824202,0 74.52649777400747,18.15523378098814,0 74.52572103021625,18.15541797098404,0 74.52567726870328,18.15542834833495,0 74.52567096723709,18.15543052547261,0</coordinates></LinearRing></outerBoundaryIs>
        </Polygon>
      </MultiGeometry>
    </Placemark>
    <Placemark id="ID_00029">
      <name>Gat 90</name>
      <Snippet></Snippet>
      <description><![CDATA[<html xmlns:fo="http://www.w3.org/1999/XSL/Format" xmlns:msxsl="urn:schemas-microsoft-com:xslt">
<head>
<META http-equiv="Content-Type" content="text/html">
<meta http-equiv="content-type" content="text/html; charset=UTF-8">
</head>
<body style="margin:0px 0px 0px 0px;overflow:auto;background:#FFFFFF;">
<table style="font-family:Arial,Verdana,Times;font-size:12px;text-align:left;width:100%;border-collapse:collapse;padding:3px 3px 3px 3px">
<tr style="text-align:center;font-weight:bold;background:#9CBCE2">
<td>Gat 90</td>
</tr>
<tr>
<td>
<table style="font-family:Arial,Verdana,Times;font-size:12px;text-align:left;width:100%;border-spacing:0px; padding:3px 3px 3px 3px">
<tr>
<td>SHAPE</td>
<td>Polygon</td>
</tr>
<tr bgcolor="#D4E4F3">
<td>SHAPE_Length</td>
<td>1320.349225</td>
</tr>
<tr>
<td>SHAPE_Area</td>
<td>100003.265101</td>
</tr>
<tr bgcolor="#D4E4F3">
<td>Gat_name</td>
<td>Gat 90</td>
</tr>
</table>
</td>
</tr>
</table>
</body>
</html>
]]></description>
      <styleUrl>#PolyStyle00</styleUrl>
      <MultiGeometry>
        <Polygon>
          <extrude>0</extrude><altitudeMode>clampToGround</altitudeMode>
          <outerBoundaryIs><LinearRing><coordinates> 74.52998597629417,18.1547938135705,0 74.53031693696607,18.15477391901461,0 74.53063621972851,18.15475472658552,0 74.53146536468437,18.15470273461916,0 74.53162014914508,18.15469107897633,0 74.53195361930987,18.15466596630963,0 74.53232448266773,18.15463803818806,0 74.53235043954689,18.15463472460838,0 74.53240880598973,18.15498701392924,0 74.5324437393035,18.1551452329864,0 74.53246085613836,18.15522275680454,0 74.5325881234933,18.15579917052563,0 74.53272864304728,18.15643559868603,0 74.53283016300125,18.1568953896791,0 74.53297400060443,18.15754683911894,0 74.53308764862476,18.15806155501127,0 74.5323572030465,18.15801210163514,0 74.53221861792251,18.15800271821135,0 74.53186084644889,18.15797849461948,0 74.53131109957695,18.15822091984112,0 74.53063511047006,18.15835732315637,0 74.5305025948702,18.15838406290434,0 74.53049801889451,18.15835293124596,0 74.53042038292675,18.15782356596734,0 74.53027459616143,18.15681144425922,0 74.53014842757746,18.15593551522389,0 74.52998597629417,18.1547938135705,0</coordinates></LinearRing></outerBoundaryIs>
        </Polygon>
      </MultiGeometry>
    </Placemark>
    <Placemark id="ID_00030">
      <name>Gat 89</name>
      <Snippet></Snippet>
      <description><![CDATA[<html xmlns:fo="http://www.w3.org/1999/XSL/Format" xmlns:msxsl="urn:schemas-microsoft-com:xslt">
<head>
<META http-equiv="Content-Type" content="text/html">
<meta http-equiv="content-type" content="text/html; charset=UTF-8">
</head>
<body style="margin:0px 0px 0px 0px;overflow:auto;background:#FFFFFF;">
<table style="font-family:Arial,Verdana,Times;font-size:12px;text-align:left;width:100%;border-collapse:collapse;padding:3px 3px 3px 3px">
<tr style="text-align:center;font-weight:bold;background:#9CBCE2">
<td>Gat 89</td>
</tr>
<tr>
<td>
<table style="font-family:Arial,Verdana,Times;font-size:12px;text-align:left;width:100%;border-spacing:0px; padding:3px 3px 3px 3px">
<tr>
<td>SHAPE</td>
<td>Polygon</td>
</tr>
<tr bgcolor="#D4E4F3">
<td>SHAPE_Length</td>
<td>909.252398</td>
</tr>
<tr>
<td>SHAPE_Area</td>
<td>20343.108963</td>
</tr>
<tr bgcolor="#D4E4F3">
<td>Gat_name</td>
<td>Gat 89</td>
</tr>
</table>
</td>
</tr>
</table>
</body>
</html>
]]></description>
      <styleUrl>#PolyStyle00</styleUrl>
      <MultiGeometry>
        <Polygon>
          <extrude>0</extrude><altitudeMode>clampToGround</altitudeMode>
          <outerBoundaryIs><LinearRing><coordinates> 74.52949737115615,18.15482318272463,0 74.52987859206753,18.15480026836063,0 74.52998597629417,18.1547938135705,0 74.5299866193286,18.15480083063013,0 74.53002028805018,18.15503693138672,0 74.53014842757746,18.15593551522389,0 74.53015958459218,18.1560129749517,0 74.53023805340781,18.15655774541674,0 74.53027459616143,18.15681144425922,0 74.53042038292675,18.15782356596734,0 74.53044443729704,18.15798758028679,0 74.5305025948702,18.15838406290434,0 74.53012617287008,18.15846001744859,0 74.53005643247835,18.15847408860085,0 74.53005097181378,18.1584344082074,0 74.52996436684718,18.15787958452476,0 74.52976777398409,18.15662012872436,0 74.52957255601508,18.15540323798993,0 74.52949737115615,18.15482318272463,0</coordinates></LinearRing></outerBoundaryIs>
        </Polygon>
      </MultiGeometry>
    </Placemark>
    <Placemark id="ID_00031">
      <name>Gat 88</name>
      <Snippet></Snippet>
      <description><![CDATA[<html xmlns:fo="http://www.w3.org/1999/XSL/Format" xmlns:msxsl="urn:schemas-microsoft-com:xslt">
<head>
<META http-equiv="Content-Type" content="text/html">
<meta http-equiv="content-type" content="text/html; charset=UTF-8">
</head>
<body style="margin:0px 0px 0px 0px;overflow:auto;background:#FFFFFF;">
<table style="font-family:Arial,Verdana,Times;font-size:12px;text-align:left;width:100%;border-collapse:collapse;padding:3px 3px 3px 3px">
<tr style="text-align:center;font-weight:bold;background:#9CBCE2">
<td>Gat 88</td>
</tr>
<tr>
<td>
<table style="font-family:Arial,Verdana,Times;font-size:12px;text-align:left;width:100%;border-spacing:0px; padding:3px 3px 3px 3px">
<tr>
<td>SHAPE</td>
<td>Polygon</td>
</tr>
<tr bgcolor="#D4E4F3">
<td>SHAPE_Length</td>
<td>961.837754</td>
</tr>
<tr>
<td>SHAPE_Area</td>
<td>27865.345327</td>
</tr>
<tr bgcolor="#D4E4F3">
<td>Gat_name</td>
<td>Gat 88</td>
</tr>
</table>
</td>
</tr>
</table>
</body>
</html>
]]></description>
      <styleUrl>#PolyStyle00</styleUrl>
      <MultiGeometry>
        <Polygon>
          <extrude>0</extrude><altitudeMode>clampToGround</altitudeMode>
          <outerBoundaryIs><LinearRing><coordinates> 74.52873540702915,18.15488434012035,0 74.52933469991584,18.15483619116842,0 74.52949737115615,18.15482318272463,0 74.52952562598325,18.15504117031594,0 74.52955114736632,18.15523806769419,0 74.52957255601508,18.15540323798993,0 74.52961306867977,18.15565577350918,0 74.5296326248141,18.15577768040514,0 74.52967693357145,18.15605387737637,0 74.5297261980101,18.15636096652291,0 74.52974791544504,18.15649634025045,0 74.52979564512931,18.15679868505751,0 74.52985380710173,18.15717129155858,0 74.52988283285801,18.1573572439801,0 74.52993580754516,18.15769662220995,0 74.53002134619061,18.15824461491217,0 74.53005643247835,18.15847408860085,0 74.52954694558517,18.15857689207691,0 74.52952838268261,18.1585401866423,0 74.52951201314094,18.15844029116763,0 74.52943181121017,18.15807306448301,0 74.52922042874658,18.15710518831249,0 74.52917936445012,18.15691716187956,0 74.52910003615149,18.15655393478201,0 74.52907131550378,18.15642242396343,0 74.52897837968919,18.15599688545315,0 74.52895339787615,18.15588249859235,0 74.52886239124616,18.15546578787488,0 74.52882568087399,18.15529769411835,0 74.52881156776316,18.15523307313856,0 74.52878002508871,18.15508864060336,0 74.52874555822336,18.15493082338828,0 74.52873540702915,18.15488434012035,0</coordinates></LinearRing></outerBoundaryIs>
        </Polygon>
      </MultiGeometry>
    </Placemark>
    <Placemark id="ID_00032">
      <name>Gat 87</name>
      <Snippet></Snippet>
      <description><![CDATA[<html xmlns:fo="http://www.w3.org/1999/XSL/Format" xmlns:msxsl="urn:schemas-microsoft-com:xslt">
<head>
<META http-equiv="Content-Type" content="text/html">
<meta http-equiv="content-type" content="text/html; charset=UTF-8">
</head>
<body style="margin:0px 0px 0px 0px;overflow:auto;background:#FFFFFF;">
<table style="font-family:Arial,Verdana,Times;font-size:12px;text-align:left;width:100%;border-collapse:collapse;padding:3px 3px 3px 3px">
<tr style="text-align:center;font-weight:bold;background:#9CBCE2">
<td>Gat 87</td>
</tr>
<tr>
<td>
<table style="font-family:Arial,Verdana,Times;font-size:12px;text-align:left;width:100%;border-spacing:0px; padding:3px 3px 3px 3px">
<tr>
<td>SHAPE</td>
<td>Polygon</td>
</tr>
<tr bgcolor="#D4E4F3">
<td>SHAPE_Length</td>
<td>1096.292418</td>
</tr>
<tr>
<td>SHAPE_Area</td>
<td>50468.51802</td>
</tr>
<tr bgcolor="#D4E4F3">
<td>Gat_name</td>
<td>Gat 87</td>
</tr>
</table>
</td>
</tr>
</table>
</body>
</html>
]]></description>
      <styleUrl>#PolyStyle00</styleUrl>
      <MultiGeometry>
        <Polygon>
          <extrude>0</extrude><altitudeMode>clampToGround</altitudeMode>
          <outerBoundaryIs><LinearRing><coordinates> 74.52743847725409,18.15500742690983,0 74.52745126568898,18.15500613693766,0 74.52752060942736,18.15496367479014,0 74.52760172966713,18.1549583778841,0 74.52769703185659,18.15495215409921,0 74.52811620690886,18.15492478115727,0 74.52824955957686,18.15491607273748,0 74.52871974806423,18.15488536736253,0 74.52873540702915,18.15488434012035,0 74.52874555822336,18.15493082338828,0 74.52875951251775,18.15499471640598,0 74.52876764730638,18.15503196577847,0 74.52878002508871,18.15508864060336,0 74.52881156776316,18.15523307313856,0 74.52881580048498,18.15525245247022,0 74.52885859841759,18.15544842063185,0 74.52886239124616,18.15546578787488,0 74.5289134119181,18.15569940690254,0 74.52894721873948,18.15585420549808,0 74.52895339787615,18.15588249859235,0 74.52897837968919,18.15599688545315,0 74.52900453460219,18.15611664299708,0 74.52903659598158,18.15626344839357,0 74.52907131550378,18.15642242396343,0 74.52912264864027,18.15665747444327,0 74.52916137695846,18.15683479931237,0 74.52920738851614,18.15704547685751,0 74.52922042874658,18.15710518831249,0 74.52926825049224,18.15732415563054,0 74.52929014306871,18.15742439725786,0 74.5293459468358,18.1576799085408,0 74.52937025571769,18.15779121526689,0 74.52941813853133,18.1580104583557,0 74.52943181121017,18.15807306448301,0 74.52951201314094,18.15844029116763,0 74.52951661320813,18.15846836255509,0 74.52952674730322,18.15853020893888,0 74.52952838268261,18.1585401866423,0 74.52954694558517,18.15857689207691,0 74.52925132343864,18.15863654051203,0 74.52896111858654,18.15869509638019,0 74.52863357577866,18.15880064411404,0 74.52862564184349,18.15877588157257,0 74.52853440902597,18.15848628320573,0 74.52805869417448,18.15697622047111,0 74.52797077419604,18.1566971341982,0 74.52778468231831,18.15610641313465,0 74.52772205231105,18.15590760415776,0 74.52760886306311,18.15554829727319,0 74.52743962934429,18.15501108571063,0 74.52744716904085,18.15500864583187,0 74.52743943810941,18.15501047877452,0 74.52743847725409,18.15500742690983,0</coordinates></LinearRing></outerBoundaryIs>
        </Polygon>
      </MultiGeometry>
    </Placemark>
    <Placemark id="ID_00033">
      <name>Gat 86</name>
      <Snippet></Snippet>
      <description><![CDATA[<html xmlns:fo="http://www.w3.org/1999/XSL/Format" xmlns:msxsl="urn:schemas-microsoft-com:xslt">
<head>
<META http-equiv="Content-Type" content="text/html">
<meta http-equiv="content-type" content="text/html; charset=UTF-8">
</head>
<body style="margin:0px 0px 0px 0px;overflow:auto;background:#FFFFFF;">
<table style="font-family:Arial,Verdana,Times;font-size:12px;text-align:left;width:100%;border-collapse:collapse;padding:3px 3px 3px 3px">
<tr style="text-align:center;font-weight:bold;background:#9CBCE2">
<td>Gat 86</td>
</tr>
<tr>
<td>
<table style="font-family:Arial,Verdana,Times;font-size:12px;text-align:left;width:100%;border-spacing:0px; padding:3px 3px 3px 3px">
<tr>
<td>SHAPE</td>
<td>Polygon</td>
</tr>
<tr bgcolor="#D4E4F3">
<td>SHAPE_Length</td>
<td>1109.95874</td>
</tr>
<tr>
<td>SHAPE_Area</td>
<td>46346.271916</td>
</tr>
<tr bgcolor="#D4E4F3">
<td>Gat_name</td>
<td>Gat 86</td>
</tr>
</table>
</td>
</tr>
</table>
</body>
</html>
]]></description>
      <styleUrl>#PolyStyle00</styleUrl>
      <MultiGeometry>
        <Polygon>
          <extrude>0</extrude><altitudeMode>clampToGround</altitudeMode>
          <outerBoundaryIs><LinearRing><coordinates> 74.5265239619886,18.15522757110692,0 74.52655097490617,18.15522116531515,0 74.52659638808771,18.15521039595323,0 74.5267756463569,18.15516788824202,0 74.52680854801416,18.15516018635647,0 74.52685220308223,18.15514996846019,0 74.52693571872094,18.15513041899502,0 74.52697493221042,18.15512124039041,0 74.52708329882338,18.15509587440446,0 74.52711377391135,18.15508874133213,0 74.52715076045421,18.15508008324196,0 74.52724363973115,18.15505834229075,0 74.52731976498036,18.15504052339229,0 74.52733769015707,18.15503632760188,0 74.52742421403323,18.15501607400467,0 74.52743962934429,18.15501108571063,0 74.52745224613925,18.15505113715487,0 74.52747060186324,18.15510940391576,0 74.52747375536249,18.15511941428912,0 74.5275059615726,18.15522164817543,0 74.52760886306311,18.15554829727319,0 74.52769005116002,18.15580602066308,0 74.52781083022128,18.15618941588034,0 74.52797077419604,18.1566971341982,0 74.52803986935778,18.15691646401962,0 74.52815335747701,18.15727671315425,0 74.52843639117981,18.15817514809817,0 74.5284751709854,18.15829824554401,0 74.52853440902597,18.15848628320573,0 74.52861315952957,18.15873625804829,0 74.52863357577866,18.15880064411404,0 74.52829270636109,18.15891048610293,0 74.52801812790838,18.15907364499597,0 74.5277541065927,18.15923053065887,0 74.52771590470488,18.15924994407836,0 74.52770635118686,18.15922980871982,0 74.52714190946089,18.15731243181869,0 74.52702654607049,18.15693907297007,0 74.52692324719288,18.15658912837102,0 74.52652387022457,18.15522759257281,0 74.5265239619886,18.15522757110692,0</coordinates></LinearRing></outerBoundaryIs>
        </Polygon>
      </MultiGeometry>
    </Placemark>
    <Placemark id="ID_00034">
      <name>Gat 85</name>
      <Snippet></Snippet>
      <description><![CDATA[<html xmlns:fo="http://www.w3.org/1999/XSL/Format" xmlns:msxsl="urn:schemas-microsoft-com:xslt">
<head>
<META http-equiv="Content-Type" content="text/html">
<meta http-equiv="content-type" content="text/html; charset=UTF-8">
</head>
<body style="margin:0px 0px 0px 0px;overflow:auto;background:#FFFFFF;">
<table style="font-family:Arial,Verdana,Times;font-size:12px;text-align:left;width:100%;border-collapse:collapse;padding:3px 3px 3px 3px">
<tr style="text-align:center;font-weight:bold;background:#9CBCE2">
<td>Gat 85</td>
</tr>
<tr>
<td>
<table style="font-family:Arial,Verdana,Times;font-size:12px;text-align:left;width:100%;border-spacing:0px; padding:3px 3px 3px 3px">
<tr>
<td>SHAPE</td>
<td>Polygon</td>
</tr>
<tr bgcolor="#D4E4F3">
<td>SHAPE_Length</td>
<td>1195.122394</td>
</tr>
<tr>
<td>SHAPE_Area</td>
<td>60068.034461</td>
</tr>
<tr bgcolor="#D4E4F3">
<td>Gat_name</td>
<td>Gat 85</td>
</tr>
</table>
</td>
</tr>
</table>
</body>
</html>
]]></description>
      <styleUrl>#PolyStyle00</styleUrl>
      <MultiGeometry>
        <Polygon>
          <extrude>0</extrude><altitudeMode>clampToGround</altitudeMode>
          <outerBoundaryIs><LinearRing><coordinates> 74.52570853512039,18.15600920936879,0 74.52569513744271,18.15580283776801,0 74.52567096723709,18.15543052547261,0 74.52567726870328,18.15542834833495,0 74.52572103021625,18.15541797098404,0 74.52649777400747,18.15523378098814,0 74.52652387022457,18.15522759257281,0 74.5265239619886,18.15522757110692,0 74.52657295040331,18.15539491457624,0 74.52692324719288,18.15658912837102,0 74.52693949099522,18.15664415790241,0 74.52695880031457,18.15670957268317,0 74.52702654607049,18.15693907297007,0 74.52714190946089,18.15731243181869,0 74.52737266913429,18.15809631372533,0 74.52745366460468,18.15837144976848,0 74.52757694303527,18.15879021874315,0 74.52759790594015,18.15886142922263,0 74.52770635118686,18.15922980871982,0 74.52771590470488,18.15924994407836,0 74.52762597684419,18.15928469396445,0 74.52735134070645,18.15939081681553,0 74.52664667631649,18.15966310674236,0 74.52639166051223,18.15976164731167,0 74.52637711582669,18.15973249028048,0 74.52637228115721,18.1597032405707,0 74.52631700674675,18.15936883777124,0 74.52623952504133,18.15890007921823,0 74.52613053090496,18.15824066895232,0 74.52597007413517,18.15781171175448,0 74.52585649340398,18.15751573304617,0 74.52583493802308,18.15730699594556,0 74.52581271559659,18.15715348537023,0 74.52578136698882,18.15671961313921,0 74.52577027073394,18.15655761144225,0 74.52575726117058,18.15641304612073,0 74.52574126291614,18.1562352678281,0 74.5257212038544,18.15601236874522,0 74.52570853512039,18.15600920936879,0</coordinates></LinearRing></outerBoundaryIs>
        </Polygon>
      </MultiGeometry>
    </Placemark>
    <Placemark id="ID_00035">
      <name>Gat 83</name>
      <Snippet></Snippet>
      <description><![CDATA[<html xmlns:fo="http://www.w3.org/1999/XSL/Format" xmlns:msxsl="urn:schemas-microsoft-com:xslt">
<head>
<META http-equiv="Content-Type" content="text/html">
<meta http-equiv="content-type" content="text/html; charset=UTF-8">
</head>
<body style="margin:0px 0px 0px 0px;overflow:auto;background:#FFFFFF;">
<table style="font-family:Arial,Verdana,Times;font-size:12px;text-align:left;width:100%;border-collapse:collapse;padding:3px 3px 3px 3px">
<tr style="text-align:center;font-weight:bold;background:#9CBCE2">
<td>Gat 83</td>
</tr>
<tr>
<td>
<table style="font-family:Arial,Verdana,Times;font-size:12px;text-align:left;width:100%;border-spacing:0px; padding:3px 3px 3px 3px">
<tr>
<td>SHAPE</td>
<td>Polygon</td>
</tr>
<tr bgcolor="#D4E4F3">
<td>SHAPE_Length</td>
<td>1524.431676</td>
</tr>
<tr>
<td>SHAPE_Area</td>
<td>131093.003736</td>
</tr>
<tr bgcolor="#D4E4F3">
<td>Gat_name</td>
<td>Gat 83</td>
</tr>
</table>
</td>
</tr>
</table>
</body>
</html>
]]></description>
      <styleUrl>#PolyStyle00</styleUrl>
      <MultiGeometry>
        <Polygon>
          <extrude>0</extrude><altitudeMode>clampToGround</altitudeMode>
          <outerBoundaryIs><LinearRing><coordinates> 74.52570853512039,18.15600920936879,0 74.52585649340398,18.15751573304617,0 74.52597007413517,18.15781171175448,0 74.52613053090496,18.15824066895232,0 74.52623952504133,18.15890007921823,0 74.52631700674675,18.15936883777124,0 74.52637228115721,18.1597032405707,0 74.52637711582669,18.15973249028048,0 74.52639166051223,18.15976164731167,0 74.52542887678304,18.16013367005835,0 74.5246351696815,18.1608480242537,0 74.52429268728811,18.16110326577058,0 74.52416769361116,18.16117051370114,0 74.52341619232304,18.15861903652035,0 74.52320269135544,18.15787990611542,0 74.52312000226799,18.15645297623399,0 74.52312466541433,18.15645217616235,0 74.52313275639361,18.15645078987358,0 74.52313322380633,18.1564457748096,0 74.52437709852022,18.1562374694266,0 74.52570853512039,18.15600920936879,0</coordinates></LinearRing></outerBoundaryIs>
        </Polygon>
      </MultiGeometry>
    </Placemark>
    <Placemark id="ID_00036">
      <name>Gat 81</name>
      <Snippet></Snippet>
      <description><![CDATA[<html xmlns:fo="http://www.w3.org/1999/XSL/Format" xmlns:msxsl="urn:schemas-microsoft-com:xslt">
<head>
<META http-equiv="Content-Type" content="text/html">
<meta http-equiv="content-type" content="text/html; charset=UTF-8">
</head>
<body style="margin:0px 0px 0px 0px;overflow:auto;background:#FFFFFF;">
<table style="font-family:Arial,Verdana,Times;font-size:12px;text-align:left;width:100%;border-collapse:collapse;padding:3px 3px 3px 3px">
<tr style="text-align:center;font-weight:bold;background:#9CBCE2">
<td>Gat 81</td>
</tr>
<tr>
<td>
<table style="font-family:Arial,Verdana,Times;font-size:12px;text-align:left;width:100%;border-spacing:0px; padding:3px 3px 3px 3px">
<tr>
<td>SHAPE</td>
<td>Polygon</td>
</tr>
<tr bgcolor="#D4E4F3">
<td>SHAPE_Length</td>
<td>2038.240953</td>
</tr>
<tr>
<td>SHAPE_Area</td>
<td>16482.116551</td>
</tr>
<tr bgcolor="#D4E4F3">
<td>Gat_name</td>
<td>Gat 81</td>
</tr>
</table>
</td>
</tr>
</table>
</body>
</html>
]]></description>
      <styleUrl>#PolyStyle00</styleUrl>
      <MultiGeometry>
        <Polygon>
          <extrude>0</extrude><altitudeMode>clampToGround</altitudeMode>
          <outerBoundaryIs><LinearRing><coordinates> 74.5216229652176,18.15298639712825,0 74.52167548375152,18.15302812081047,0 74.5217106681301,18.15334299938525,0 74.52175989065174,18.15378350372039,0 74.52177558537434,18.15392396265216,0 74.52184380349615,18.15453480545985,0 74.52185389059203,18.15462572540197,0 74.52186542928101,18.15472972095746,0 74.52187646411316,18.15482918258175,0 74.52189061988986,18.15495676631042,0 74.52190203587583,18.15505965889085,0 74.52191334760036,18.15516161032989,0 74.52192382326341,18.15525603083605,0 74.52193568407675,18.15536293207303,0 74.5219480219896,18.1554741348884,0 74.52195867764284,18.15557017368254,0 74.52196468328485,18.15562429873848,0 74.52197841559911,18.15574806726359,0 74.52198721734618,18.15582740058878,0 74.52200025112757,18.15594487043338,0 74.52200686767682,18.15600450761885,0 74.52201833914725,18.15610790104039,0 74.52202600126513,18.15617695776363,0 74.52203943189986,18.15629800501963,0 74.52204875047423,18.15638199521961,0 74.52205955941534,18.15647941361755,0 74.52206967257156,18.15657055774782,0 74.52208105552781,18.15667488730263,0 74.52209314351458,18.15678766303364,0 74.52210015474702,18.15685307120392,0 74.52211600565074,18.15700094272174,0 74.52213141304937,18.1571446853714,0 74.52213666872895,18.15719371460116,0 74.52215340441357,18.1573423556568,0 74.52216260499409,18.15742387901631,0 74.52217870003469,18.15756648906719,0 74.52218631365487,18.15763395131073,0 74.52220216407724,18.15777439518797,0 74.52220936410819,18.15783819681974,0 74.52224499328973,18.15815388520772,0 74.52225229213893,18.15821855927139,0 74.52233730461393,18.15858856267118,0 74.52239439496353,18.15883703995737,0 74.52244873741004,18.15907355733223,0 74.52251462914582,18.15936033969017,0 74.5225396112008,18.15946907295041,0 74.52262615631112,18.15984574028121,0 74.52265342125463,18.15996440498174,0 74.52274592950677,18.16037042064532,0 74.52277273035249,18.1604887497593,0 74.52283097912986,18.1607459227423,0 74.52287847291379,18.16095561015026,0 74.5229319049469,18.16119151592789,0 74.52299216096364,18.16145754678402,0 74.52304415826474,18.16168711406674,0 74.52307237676817,18.16181170110598,0 74.52308140270333,18.16185154956962,0 74.52309111187992,18.16189500327146,0 74.52293711258386,18.16198166395919,0 74.52293282221834,18.16195619260878,0 74.52291380786036,18.16187199495175,0 74.52288157888961,18.16172927628102,0 74.5228806278372,18.1617250684307,0 74.52277880673392,18.16127417841928,0 74.52272746932813,18.16102146849488,0 74.52267119460821,18.16076294826944,0 74.52259878960841,18.16043032325636,0 74.52255631115473,18.16023517990514,0 74.52253234248192,18.16012506722322,0 74.52252268330056,18.16008069442573,0 74.52249021364435,18.15993526812725,0 74.52246472132438,18.15982537851142,0 74.52243936734646,18.15971608304728,0 74.52241323682675,18.15960344059956,0 74.52239610836425,18.15952960719094,0 74.52237076568478,18.15942035874308,0 74.52234279054248,18.15929976709321,0 74.52232640226237,18.15922912239783,0 74.52231737782613,18.15919022110515,0 74.52225389009729,18.15891654196303,0 74.52222112303619,18.15877529053706,0 74.52218440686805,18.15861701481243,0 74.52215221742193,18.158478254842,0 74.52211309412952,18.15830960264761,0 74.52210601547317,18.15827140664181,0 74.522086022712,18.15814050046384,0 74.52206773544754,18.15802075803215,0 74.52204620911915,18.15787981288218,0 74.52203764776988,18.15781842468706,0 74.52201894552438,18.15765487649669,0 74.52200405447178,18.15752466265962,0 74.52199406433347,18.15743729863105,0 74.52198002661355,18.15731454255297,0 74.52196669354053,18.15719794055248,0 74.52194885484676,18.15704194684537,0 74.5219454960835,18.15700635676253,0 74.52193454131971,18.15689026500239,0 74.52191932541704,18.15672901755384,0 74.52191304166503,18.15666242988832,0 74.5218914777424,18.15643390950943,0 74.52188090898905,18.15632191031091,0 74.52186110120331,18.15611201034763,0 74.52185135219545,18.15600869079525,0 74.52183405592493,18.15582540564222,0 74.52181995854009,18.15567600466079,0 74.52180572790368,18.15552520151438,0 74.52179520427721,18.1554136778265,0 74.52178224432376,18.1552903305819,0 74.52176916058308,18.15517183113896,0 74.52175836329272,18.15507403494713,0 74.52174179919147,18.15492401864038,0 74.52172914731844,18.1548094293038,0 74.52171267554299,18.15466024383525,0 74.52169267547453,18.15447909398933,0 74.52166103210713,18.1541925003839,0 74.52164340247582,18.15403282585677,0 74.52162025526214,18.15382317873075,0 74.52160327157759,18.15366935083194,0 74.52158510597199,18.1535048187134,0 74.52157056464237,18.15337311616878,0 74.5215424453116,18.15311843446695,0 74.52153166208144,18.1530207648173,0 74.52152966053613,18.15300169818851,0 74.52161545174518,18.15299935554948,0 74.52162976635343,18.15299896454334,0 74.5216229652176,18.15298639712825,0</coordinates></LinearRing></outerBoundaryIs>
        </Polygon>
      </MultiGeometry>
    </Placemark>
    <Placemark id="ID_00037">
      <name>Gat 80</name>
      <Snippet></Snippet>
      <description><![CDATA[<html xmlns:fo="http://www.w3.org/1999/XSL/Format" xmlns:msxsl="urn:schemas-microsoft-com:xslt">
<head>
<META http-equiv="Content-Type" content="text/html">
<meta http-equiv="content-type" content="text/html; charset=UTF-8">
</head>
<body style="margin:0px 0px 0px 0px;overflow:auto;background:#FFFFFF;">
<table style="font-family:Arial,Verdana,Times;font-size:12px;text-align:left;width:100%;border-collapse:collapse;padding:3px 3px 3px 3px">
<tr style="text-align:center;font-weight:bold;background:#9CBCE2">
<td>Gat 80</td>
</tr>
<tr>
<td>
<table style="font-family:Arial,Verdana,Times;font-size:12px;text-align:left;width:100%;border-spacing:0px; padding:3px 3px 3px 3px">
<tr>
<td>SHAPE</td>
<td>Polygon</td>
</tr>
<tr bgcolor="#D4E4F3">
<td>SHAPE_Length</td>
<td>2065.134436</td>
</tr>
<tr>
<td>SHAPE_Area</td>
<td>23716.034599</td>
</tr>
<tr bgcolor="#D4E4F3">
<td>Gat_name</td>
<td>Gat 80</td>
</tr>
</table>
</td>
</tr>
</table>
</body>
</html>
]]></description>
      <styleUrl>#PolyStyle00</styleUrl>
      <MultiGeometry>
        <Polygon>
          <extrude>0</extrude><altitudeMode>clampToGround</altitudeMode>
          <outerBoundaryIs><LinearRing><coordinates> 74.52152966053613,18.15300169818851,0 74.5215510750523,18.1531965942353,0 74.52157056464237,18.15337311616878,0 74.52158510597199,18.1535048187134,0 74.52160327157759,18.15366935083194,0 74.52162025526214,18.15382317873075,0 74.52164340247582,18.15403282585677,0 74.52166103210713,18.1541925003839,0 74.52168198066749,18.15438222898156,0 74.52169267547453,18.15447909398933,0 74.52171267554299,18.15466024383525,0 74.52172914731844,18.1548094293038,0 74.52174179919147,18.15492401864038,0 74.52175836329272,18.15507403494713,0 74.52176916058308,18.15517183113896,0 74.52178224432376,18.1552903305819,0 74.52179520427721,18.1554136778265,0 74.52180572790368,18.15552520151438,0 74.52181995854009,18.15567600466079,0 74.52183405592493,18.15582540564222,0 74.52185135219545,18.15600869079525,0 74.52186110120331,18.15611201034763,0 74.52188090898905,18.15632191031091,0 74.5218914777424,18.15643390950943,0 74.52191304166503,18.15666242988832,0 74.52191932541704,18.15672901755384,0 74.52193454131971,18.15689026500239,0 74.5219454960835,18.15700635676253,0 74.52194885484676,18.15704194684537,0 74.52196669354053,18.15719794055248,0 74.5219888116219,18.1573913622915,0 74.52199406433347,18.15743729863105,0 74.52200405447178,18.15752466265962,0 74.52201894552438,18.15765487649669,0 74.52203764776988,18.15781842468706,0 74.52204620911915,18.15787981288218,0 74.52206773544754,18.15802075803215,0 74.522086022712,18.15814050046384,0 74.52210601547317,18.15827140664181,0 74.52211309412952,18.15830960264761,0 74.52215221742193,18.158478254842,0 74.52218440686805,18.15861701481243,0 74.52222112303619,18.15877529053706,0 74.52225389009729,18.15891654196303,0 74.52231737782613,18.15919022110515,0 74.52232640226237,18.15922912239783,0 74.52234279054248,18.15929976709321,0 74.52237076568478,18.15942035874308,0 74.52241323682675,18.15960344059956,0 74.52243936734646,18.15971608304728,0 74.52246472132438,18.15982537851142,0 74.52249021364435,18.15993526812725,0 74.52252268330056,18.16008069442573,0 74.52253234248192,18.16012506722322,0 74.52255631115473,18.16023517990514,0 74.52259878960841,18.16043032325636,0 74.52267119460821,18.16076294826944,0 74.52272746932813,18.16102146849488,0 74.52277880673392,18.16127417841928,0 74.52284608484105,18.16157210278767,0 74.52288310354453,18.16173602891379,0 74.52291380786036,18.16187199495175,0 74.52293282221834,18.16195619260878,0 74.52293421326407,18.16196444977553,0 74.52293711258386,18.16198166395919,0 74.52280496778516,18.16205602620533,0 74.5228017433102,18.16204679287743,0 74.52276380839471,18.16188568078079,0 74.52271137755376,18.16165189602093,0 74.52253723308371,18.16092339955246,0 74.52241952489004,18.16042347723631,0 74.52239546632678,18.16033150405526,0 74.52218239854689,18.15948505556816,0 74.52204001136397,18.15884434904225,0 74.52201654801536,18.15873876841459,0 74.52185796148386,18.15828134582474,0 74.52182918584538,18.15810732076401,0 74.52174653387758,18.15744810485976,0 74.52172486750177,18.1572409596595,0 74.52167226777222,18.15673807056175,0 74.52158832327511,18.1559354967147,0 74.52154916629709,18.1555611249538,0 74.52152199560254,18.1553013553235,0 74.5215135180009,18.15522111444101,0 74.52148642805138,18.15496471083986,0 74.52145105507115,18.15462991514483,0 74.52143478016836,18.1544758766102,0 74.5213974313007,18.15412237856986,0 74.52139215383193,18.15407242554822,0 74.52136171391891,18.15378431917478,0 74.52135887056831,18.15375741158561,0 74.52131456158806,18.15333803001343,0 74.52128542051609,18.15306221523553,0 74.52127974770316,18.15300852300646,0 74.52152966053613,18.15300169818851,0</coordinates></LinearRing></outerBoundaryIs>
        </Polygon>
      </MultiGeometry>
    </Placemark>
    <Placemark id="ID_00038">
      <name>Gat 79</name>
      <Snippet></Snippet>
      <description><![CDATA[<html xmlns:fo="http://www.w3.org/1999/XSL/Format" xmlns:msxsl="urn:schemas-microsoft-com:xslt">
<head>
<META http-equiv="Content-Type" content="text/html">
<meta http-equiv="content-type" content="text/html; charset=UTF-8">
</head>
<body style="margin:0px 0px 0px 0px;overflow:auto;background:#FFFFFF;">
<table style="font-family:Arial,Verdana,Times;font-size:12px;text-align:left;width:100%;border-collapse:collapse;padding:3px 3px 3px 3px">
<tr style="text-align:center;font-weight:bold;background:#9CBCE2">
<td>Gat 79</td>
</tr>
<tr>
<td>
<table style="font-family:Arial,Verdana,Times;font-size:12px;text-align:left;width:100%;border-spacing:0px; padding:3px 3px 3px 3px">
<tr>
<td>SHAPE</td>
<td>Polygon</td>
</tr>
<tr bgcolor="#D4E4F3">
<td>SHAPE_Length</td>
<td>3336.044067</td>
</tr>
<tr>
<td>SHAPE_Area</td>
<td>73088.520299</td>
</tr>
<tr bgcolor="#D4E4F3">
<td>Gat_name</td>
<td>Gat 79</td>
</tr>
</table>
</td>
</tr>
</table>
</body>
</html>
]]></description>
      <styleUrl>#PolyStyle00</styleUrl>
      <MultiGeometry>
        <Polygon>
          <extrude>0</extrude><altitudeMode>clampToGround</altitudeMode>
          <outerBoundaryIs><LinearRing><coordinates> 74.52038285619884,18.14792551787099,0 74.52078786649528,18.14794225086223,0 74.52091305732392,18.1479474233938,0 74.52135511985142,18.14796568633746,0 74.52135340439634,18.14798220488648,0 74.52146704032805,18.15009179691611,0 74.52149376113469,18.15058784873541,0 74.52158919363524,18.15235947223776,0 74.5216229652176,18.15298639712825,0 74.52162976635343,18.15299896454334,0 74.52161545174518,18.15299935554948,0 74.52152966053613,18.15300169818851,0 74.52127974770316,18.15300852300646,0 74.52128542051609,18.15306221523553,0 74.52131456158806,18.15333803001343,0 74.52135887056831,18.15375741158561,0 74.52136171391891,18.15378431917478,0 74.52139215383193,18.15407242554822,0 74.5213974313007,18.15412237856986,0 74.52143478016836,18.1544758766102,0 74.52145105507115,18.15462991514483,0 74.52148100766195,18.15491341167458,0 74.52155938330091,18.15565881124833,0 74.52158832327511,18.1559354967147,0 74.52167226777222,18.15673807056175,0 74.52172486750177,18.1572409596595,0 74.52174653387758,18.15744810485976,0 74.52175109402917,18.15748447341209,0 74.52183758125406,18.15815809314402,0 74.52185796148386,18.15828134582474,0 74.52201654801536,18.15873876841459,0 74.52204001136397,18.15884434904225,0 74.52218239854689,18.15948505556816,0 74.52239546632678,18.16033150405526,0 74.52241952489004,18.16042347723631,0 74.5224625185494,18.16060607862888,0 74.52250006785641,18.16076555572437,0 74.52250089784103,18.16076908088935,0 74.52250115861743,18.16077018691302,0 74.52269386712726,18.16157864647332,0 74.52271137755376,18.16165189602093,0 74.52272518796616,18.16171347434912,0 74.52276866124932,18.16190629096081,0 74.52279905142829,18.16203536096516,0 74.52280496778516,18.16205602620533,0 74.52259429283835,18.16217457925162,0 74.52259087065467,18.16216782461706,0 74.52181217002736,18.15895475589517,0 74.52162889030325,18.15826756676924,0 74.52161088146461,18.15809531464926,0 74.52138438084241,18.15631096013026,0 74.52124585682373,18.15517258730042,0 74.5210836518263,18.15370864130488,0 74.52088237524362,18.15191555329897,0 74.52064714346911,18.1500573338106,0 74.52043807062718,18.14835360823272,0 74.52038285619884,18.14792551787099,0</coordinates></LinearRing></outerBoundaryIs>
        </Polygon>
      </MultiGeometry>
    </Placemark>
    <Placemark id="ID_00039">
      <name>Gat 78</name>
      <Snippet></Snippet>
      <description><![CDATA[<html xmlns:fo="http://www.w3.org/1999/XSL/Format" xmlns:msxsl="urn:schemas-microsoft-com:xslt">
<head>
<META http-equiv="Content-Type" content="text/html">
<meta http-equiv="content-type" content="text/html; charset=UTF-8">
</head>
<body style="margin:0px 0px 0px 0px;overflow:auto;background:#FFFFFF;">
<table style="font-family:Arial,Verdana,Times;font-size:12px;text-align:left;width:100%;border-collapse:collapse;padding:3px 3px 3px 3px">
<tr style="text-align:center;font-weight:bold;background:#9CBCE2">
<td>Gat 78</td>
</tr>
<tr>
<td>
<table style="font-family:Arial,Verdana,Times;font-size:12px;text-align:left;width:100%;border-spacing:0px; padding:3px 3px 3px 3px">
<tr>
<td>SHAPE</td>
<td>Polygon</td>
</tr>
<tr bgcolor="#D4E4F3">
<td>SHAPE_Length</td>
<td>3411.311274</td>
</tr>
<tr>
<td>SHAPE_Area</td>
<td>111779.446197</td>
</tr>
<tr bgcolor="#D4E4F3">
<td>Gat_name</td>
<td>Gat 78</td>
</tr>
</table>
</td>
</tr>
</table>
</body>
</html>
]]></description>
      <styleUrl>#PolyStyle00</styleUrl>
      <MultiGeometry>
        <Polygon>
          <extrude>0</extrude><altitudeMode>clampToGround</altitudeMode>
          <outerBoundaryIs><LinearRing><coordinates> 74.52038285619884,18.14792551787099,0 74.52040787434646,18.14811949215147,0 74.52059195679767,18.14960762144244,0 74.52064714346911,18.1500573338106,0 74.52078087039729,18.15111372141526,0 74.52091715759892,18.15222541841106,0 74.52106241048217,18.15351941172965,0 74.52130665594123,18.15567222964497,0 74.52138438084241,18.15631096013026,0 74.52161088146461,18.15809531464926,0 74.52162889030325,18.15826756676924,0 74.52168099415182,18.15846292498129,0 74.52181217002736,18.15895475589517,0 74.52211955115185,18.16022308460591,0 74.52232333608448,18.16106393707501,0 74.5224432284207,18.16155863170739,0 74.52254365701276,18.16197301388908,0 74.52259429283835,18.16217457925162,0 74.5220069452434,18.16250274617613,0 74.52199466365714,18.16248919715906,0 74.52131833294679,18.15997152083266,0 74.52107605284819,18.15906119306902,0 74.52095762261879,18.15849200084899,0 74.52090602887213,18.15824403125679,0 74.52090327402739,18.15823078970567,0 74.52086587564126,18.15785296968893,0 74.52082149757294,18.15740462950268,0 74.52063585467704,18.15552911866968,0 74.52058854167549,18.15505111838065,0 74.52054729281369,18.15471801794675,0 74.52043099960606,18.15365293403299,0 74.52043042344464,18.1536468435348,0 74.52033079281011,18.15259444912517,0 74.52032291883233,18.15223533116836,0 74.52031829364553,18.15202439240923,0 74.52031154709265,18.15171673014087,0 74.52027337021917,18.15157968570743,0 74.52020355825334,18.15149774263666,0 74.51998101333214,18.15122749358509,0 74.5199782870037,18.15105046017787,0 74.52008133809842,18.15059344463043,0 74.52012090039929,18.15016106163613,0 74.52014712646753,18.1500367617428,0 74.52016651967624,18.14994484509312,0 74.52019967330052,18.14978771478147,0 74.52020838772989,18.14936369560591,0 74.52007667305749,18.14903936415582,0 74.51985481226851,18.14875898660236,0 74.51973213595763,18.14871389140177,0 74.51963788953304,18.14844899467116,0 74.51963963905614,18.14839722255907,0 74.5196499583994,18.1480917936566,0 74.51965603494243,18.14791195772093,0 74.51986817543482,18.14791926318631,0 74.52038285619884,18.14792551787099,0</coordinates></LinearRing></outerBoundaryIs>
        </Polygon>
      </MultiGeometry>
    </Placemark>
    <Placemark id="ID_00040">
      <name>Gat 102</name>
      <Snippet></Snippet>
      <description><![CDATA[<html xmlns:fo="http://www.w3.org/1999/XSL/Format" xmlns:msxsl="urn:schemas-microsoft-com:xslt">
<head>
<META http-equiv="Content-Type" content="text/html">
<meta http-equiv="content-type" content="text/html; charset=UTF-8">
</head>
<body style="margin:0px 0px 0px 0px;overflow:auto;background:#FFFFFF;">
<table style="font-family:Arial,Verdana,Times;font-size:12px;text-align:left;width:100%;border-collapse:collapse;padding:3px 3px 3px 3px">
<tr style="text-align:center;font-weight:bold;background:#9CBCE2">
<td>Gat 102</td>
</tr>
<tr>
<td>
<table style="font-family:Arial,Verdana,Times;font-size:12px;text-align:left;width:100%;border-spacing:0px; padding:3px 3px 3px 3px">
<tr>
<td>SHAPE</td>
<td>Polygon</td>
</tr>
<tr bgcolor="#D4E4F3">
<td>SHAPE_Length</td>
<td>590.211419</td>
</tr>
<tr>
<td>SHAPE_Area</td>
<td>19092.287967</td>
</tr>
<tr bgcolor="#D4E4F3">
<td>Gat_name</td>
<td>Gat 102</td>
</tr>
</table>
</td>
</tr>
</table>
</body>
</html>
]]></description>
      <styleUrl>#PolyStyle00</styleUrl>
      <MultiGeometry>
        <Polygon>
          <extrude>0</extrude><altitudeMode>clampToGround</altitudeMode>
          <outerBoundaryIs><LinearRing><coordinates> 74.51965603494243,18.14791195772093,0 74.51964560455829,18.14789255820572,0 74.51960280279532,18.14783491388434,0 74.5191027001998,18.14716140184568,0 74.51895586097424,18.14696364587816,0 74.51888102814848,18.14686286493291,0 74.51867083491391,18.14657978386403,0 74.51868396525822,18.14652278719723,0 74.51867541322024,18.14651351696996,0 74.5187831794882,18.14651079665957,0 74.51913851081987,18.14650182605558,0 74.51947702554561,18.14649328007691,0 74.51973376705097,18.14648679801809,0 74.51989614110929,18.14648269765973,0 74.52023478620409,18.1465431359852,0 74.52027624780472,18.14654376448067,0 74.52028194307788,18.14654434085849,0 74.52027935873664,18.14658442807309,0 74.52027358004273,18.14667404775498,0 74.52026585074529,18.14679392261817,0 74.52025572956272,18.14702922798376,0 74.52025141640725,18.14712950650148,0 74.52029247062767,18.14738802041743,0 74.52030339426001,18.14745604779029,0 74.52037490802222,18.14790137227214,0 74.52037877328864,18.14792544171414,0 74.51965603494243,18.14791195772093,0</coordinates></LinearRing></outerBoundaryIs>
        </Polygon>
        <Polygon>
          <extrude>0</extrude><altitudeMode>clampToGround</altitudeMode>
          <outerBoundaryIs><LinearRing><coordinates> 74.52037877328864,18.14792544171414,0 74.52038285619884,18.14792551787099,0 74.52037877699868,18.14792546793431,0 74.52037877328864,18.14792544171414,0</coordinates></LinearRing></outerBoundaryIs>
        </Polygon>
      </MultiGeometry>
    </Placemark>
    <Placemark id="ID_00041">
      <name>Gat 77</name>
      <Snippet></Snippet>
      <description><![CDATA[<html xmlns:fo="http://www.w3.org/1999/XSL/Format" xmlns:msxsl="urn:schemas-microsoft-com:xslt">
<head>
<META http-equiv="Content-Type" content="text/html">
<meta http-equiv="content-type" content="text/html; charset=UTF-8">
</head>
<body style="margin:0px 0px 0px 0px;overflow:auto;background:#FFFFFF;">
<table style="font-family:Arial,Verdana,Times;font-size:12px;text-align:left;width:100%;border-collapse:collapse;padding:3px 3px 3px 3px">
<tr style="text-align:center;font-weight:bold;background:#9CBCE2">
<td>Gat 77</td>
</tr>
<tr>
<td>
<table style="font-family:Arial,Verdana,Times;font-size:12px;text-align:left;width:100%;border-spacing:0px; padding:3px 3px 3px 3px">
<tr>
<td>SHAPE</td>
<td>Polygon</td>
</tr>
<tr bgcolor="#D4E4F3">
<td>SHAPE_Length</td>
<td>2212.8848</td>
</tr>
<tr>
<td>SHAPE_Area</td>
<td>88822.894809</td>
</tr>
<tr bgcolor="#D4E4F3">
<td>Gat_name</td>
<td>Gat 77</td>
</tr>
</table>
</td>
</tr>
</table>
</body>
</html>
]]></description>
      <styleUrl>#PolyStyle00</styleUrl>
      <MultiGeometry>
        <Polygon>
          <extrude>0</extrude><altitudeMode>clampToGround</altitudeMode>
          <outerBoundaryIs><LinearRing><coordinates> 74.52043042344464,18.1536468435348,0 74.52062215473724,18.1553907109129,0 74.52063585467704,18.15552911866968,0 74.5207616060714,18.15679956105384,0 74.52085198125361,18.15771259748105,0 74.52086587564126,18.15785296968893,0 74.52090327402739,18.15823078970567,0 74.52090602887213,18.15824403125679,0 74.52095762261879,18.15849200084899,0 74.52099316047568,18.15866280174915,0 74.52107190747023,18.15904127151378,0 74.52107605284819,18.15906119306902,0 74.52131833294679,18.15997152083266,0 74.5213498326804,18.16008878175658,0 74.52147249342971,18.16054539674696,0 74.52181837244713,18.16183294915676,0 74.52188270418772,18.16207242798603,0 74.52197754730834,18.16242548025689,0 74.52199466365714,18.16248919715906,0 74.5220069452434,18.16250274617613,0 74.5209683700152,18.16306023896118,0 74.52096209321334,18.16304076401121,0 74.52095540718582,18.16301498839443,0 74.52090884578661,18.16276429826807,0 74.52069778130875,18.16134209816218,0 74.52047397500493,18.15990372091714,0 74.52030974869142,18.15884824937461,0 74.51997482750765,18.15687566218068,0 74.51956695990312,18.15453218776164,0 74.51966056862602,18.15449108426741,0 74.51993748980595,18.15416737517451,0 74.51999828518041,18.15409630738725,0 74.52006511690787,18.1540256188817,0 74.52043042344464,18.1536468435348,0</coordinates></LinearRing></outerBoundaryIs>
        </Polygon>
      </MultiGeometry>
    </Placemark>
    <Placemark id="ID_00042">
      <name>Gat 76</name>
      <Snippet></Snippet>
      <description><![CDATA[<html xmlns:fo="http://www.w3.org/1999/XSL/Format" xmlns:msxsl="urn:schemas-microsoft-com:xslt">
<head>
<META http-equiv="Content-Type" content="text/html">
<meta http-equiv="content-type" content="text/html; charset=UTF-8">
</head>
<body style="margin:0px 0px 0px 0px;overflow:auto;background:#FFFFFF;">
<table style="font-family:Arial,Verdana,Times;font-size:12px;text-align:left;width:100%;border-collapse:collapse;padding:3px 3px 3px 3px">
<tr style="text-align:center;font-weight:bold;background:#9CBCE2">
<td>Gat 76</td>
</tr>
<tr>
<td>
<table style="font-family:Arial,Verdana,Times;font-size:12px;text-align:left;width:100%;border-spacing:0px; padding:3px 3px 3px 3px">
<tr>
<td>SHAPE</td>
<td>Polygon</td>
</tr>
<tr bgcolor="#D4E4F3">
<td>SHAPE_Length</td>
<td>2087.024461</td>
</tr>
<tr>
<td>SHAPE_Area</td>
<td>97038.257213</td>
</tr>
<tr bgcolor="#D4E4F3">
<td>Gat_name</td>
<td>Gat 76</td>
</tr>
</table>
</td>
</tr>
</table>
</body>
</html>
]]></description>
      <styleUrl>#PolyStyle00</styleUrl>
      <MultiGeometry>
        <Polygon>
          <extrude>0</extrude><altitudeMode>clampToGround</altitudeMode>
          <outerBoundaryIs><LinearRing><coordinates> 74.51956695990312,18.15453218776164,0 74.5196045327925,18.15474806952343,0 74.519644420673,18.15497725772626,0 74.51981853119769,18.15597763961189,0 74.51997482750765,18.15687566218068,0 74.52028817074502,18.15872116045535,0 74.5205391460759,18.16032256963645,0 74.52065516225433,18.16106819042114,0 74.52078177242841,18.16190804841685,0 74.5208999739189,18.16270452079943,0 74.5209683700152,18.16306023896118,0 74.52032052492474,18.1634079875255,0 74.52017366656813,18.16348681765874,0 74.52015551554672,18.16345355144181,0 74.51988134023219,18.16240198745656,0 74.51972815492879,18.16181445973492,0 74.51951187543931,18.16098493736771,0 74.51940310815385,18.16056776266167,0 74.51933971330465,18.15939503187429,0 74.51931667635087,18.159050821886,0 74.51919290834985,18.15803645342979,0 74.51913051782593,18.15743450289471,0 74.51899926414058,18.15612606553042,0 74.51891685374879,18.15530155876473,0 74.51889987237176,18.15523476530121,0 74.51898282973538,18.15503845622214,0 74.51899522413092,18.15500912469982,0 74.51917785054529,18.15474020933129,0 74.51956695990312,18.15453218776164,0</coordinates></LinearRing></outerBoundaryIs>
        </Polygon>
      </MultiGeometry>
    </Placemark>
    <Placemark id="ID_00043">
      <name>Gat 75</name>
      <Snippet></Snippet>
      <description><![CDATA[<html xmlns:fo="http://www.w3.org/1999/XSL/Format" xmlns:msxsl="urn:schemas-microsoft-com:xslt">
<head>
<META http-equiv="Content-Type" content="text/html">
<meta http-equiv="content-type" content="text/html; charset=UTF-8">
</head>
<body style="margin:0px 0px 0px 0px;overflow:auto;background:#FFFFFF;">
<table style="font-family:Arial,Verdana,Times;font-size:12px;text-align:left;width:100%;border-collapse:collapse;padding:3px 3px 3px 3px">
<tr style="text-align:center;font-weight:bold;background:#9CBCE2">
<td>Gat 75</td>
</tr>
<tr>
<td>
<table style="font-family:Arial,Verdana,Times;font-size:12px;text-align:left;width:100%;border-spacing:0px; padding:3px 3px 3px 3px">
<tr>
<td>SHAPE</td>
<td>Polygon</td>
</tr>
<tr bgcolor="#D4E4F3">
<td>SHAPE_Length</td>
<td>2632.870964</td>
</tr>
<tr>
<td>SHAPE_Area</td>
<td>128047.772288</td>
</tr>
<tr bgcolor="#D4E4F3">
<td>Gat_name</td>
<td>Gat 75</td>
</tr>
</table>
</td>
</tr>
</table>
</body>
</html>
]]></description>
      <styleUrl>#PolyStyle00</styleUrl>
      <MultiGeometry>
        <Polygon>
          <extrude>0</extrude><altitudeMode>clampToGround</altitudeMode>
          <outerBoundaryIs><LinearRing><coordinates> 74.51860728523735,18.15378926842282,0 74.51876756812284,18.15478293917756,0 74.51889281920774,18.15525145574211,0 74.51890374647824,18.15527423412249,0 74.51891685374879,18.15530155876473,0 74.51894715412185,18.15560471281176,0 74.51899926414058,18.15612606553042,0 74.51921590581549,18.15822493911741,0 74.51931667635087,18.159050821886,0 74.51933971330465,18.15939503187429,0 74.51940310815385,18.16056776266167,0 74.51951187543931,18.16098493736771,0 74.51963889303374,18.16147210266147,0 74.52005240423922,18.16305808120561,0 74.52015551554672,18.16345355144181,0 74.52017366656813,18.16348681765874,0 74.51973476925677,18.16372595433417,0 74.51940095261202,18.16391106546402,0 74.51905467489101,18.16410308708724,0 74.51902046439987,18.16405698427094,0 74.51901133114592,18.16404282382559,0 74.518791763517,18.1637023891198,0 74.51872533093862,18.16301830552255,0 74.51877789563902,18.16368088771427,0 74.51860502760289,18.16179782534807,0 74.51846916498424,18.16058476436486,0 74.51818754459057,18.15833227667753,0 74.51806921894737,18.15742992750892,0 74.51795018595774,18.156522177899,0 74.51780509400376,18.1554156924876,0 74.51779308681222,18.15532412404714,0 74.51773147792041,18.15482007532631,0 74.51760645814811,18.15380854323934,0 74.51860728523735,18.15378926842282,0</coordinates></LinearRing></outerBoundaryIs>
        </Polygon>
      </MultiGeometry>
    </Placemark>
    <Placemark id="ID_00044">
      <name>Gat 74</name>
      <Snippet></Snippet>
      <description><![CDATA[<html xmlns:fo="http://www.w3.org/1999/XSL/Format" xmlns:msxsl="urn:schemas-microsoft-com:xslt">
<head>
<META http-equiv="Content-Type" content="text/html">
<meta http-equiv="content-type" content="text/html; charset=UTF-8">
</head>
<body style="margin:0px 0px 0px 0px;overflow:auto;background:#FFFFFF;">
<table style="font-family:Arial,Verdana,Times;font-size:12px;text-align:left;width:100%;border-collapse:collapse;padding:3px 3px 3px 3px">
<tr style="text-align:center;font-weight:bold;background:#9CBCE2">
<td>Gat 74</td>
</tr>
<tr>
<td>
<table style="font-family:Arial,Verdana,Times;font-size:12px;text-align:left;width:100%;border-spacing:0px; padding:3px 3px 3px 3px">
<tr>
<td>SHAPE</td>
<td>Polygon</td>
</tr>
<tr bgcolor="#D4E4F3">
<td>SHAPE_Length</td>
<td>1031.865736</td>
</tr>
<tr>
<td>SHAPE_Area</td>
<td>58165.177088</td>
</tr>
<tr bgcolor="#D4E4F3">
<td>Gat_name</td>
<td>Gat 74</td>
</tr>
</table>
</td>
</tr>
</table>
</body>
</html>
]]></description>
      <styleUrl>#PolyStyle00</styleUrl>
      <MultiGeometry>
        <Polygon>
          <extrude>0</extrude><altitudeMode>clampToGround</altitudeMode>
          <outerBoundaryIs><LinearRing><coordinates> 74.51860728523735,18.15378926842282,0 74.51847491674867,18.15288622958813,0 74.51823643746854,18.15133059092126,0 74.5191891230001,18.15119473990845,0 74.51975291403875,18.15111434215872,0 74.51981386760529,18.15129549593076,0 74.52002982462538,18.15176458539199,0 74.52018106780784,18.15250418319223,0 74.52021265333434,18.15286296440708,0 74.52024260761438,18.15320322760813,0 74.52009302131434,18.15360087682514,0 74.51980839795041,18.15398900959632,0 74.51965044711693,18.15415679242226,0 74.5194806866716,18.15421703577092,0 74.51933657847825,18.15426817558745,0 74.51920967028229,18.15430166141914,0 74.51899158766544,18.15448442156642,0 74.51877852404238,18.15477036999831,0 74.51876756812284,18.15478293917756,0 74.5186957021233,18.1543374092951,0 74.51860728523735,18.15378926842282,0</coordinates></LinearRing></outerBoundaryIs>
        </Polygon>
      </MultiGeometry>
    </Placemark>
    <Placemark id="ID_00045">
      <name>Gat 73</name>
      <Snippet></Snippet>
      <description><![CDATA[<html xmlns:fo="http://www.w3.org/1999/XSL/Format" xmlns:msxsl="urn:schemas-microsoft-com:xslt">
<head>
<META http-equiv="Content-Type" content="text/html">
<meta http-equiv="content-type" content="text/html; charset=UTF-8">
</head>
<body style="margin:0px 0px 0px 0px;overflow:auto;background:#FFFFFF;">
<table style="font-family:Arial,Verdana,Times;font-size:12px;text-align:left;width:100%;border-collapse:collapse;padding:3px 3px 3px 3px">
<tr style="text-align:center;font-weight:bold;background:#9CBCE2">
<td>Gat 73</td>
</tr>
<tr>
<td>
<table style="font-family:Arial,Verdana,Times;font-size:12px;text-align:left;width:100%;border-spacing:0px; padding:3px 3px 3px 3px">
<tr>
<td>SHAPE</td>
<td>Polygon</td>
</tr>
<tr bgcolor="#D4E4F3">
<td>SHAPE_Length</td>
<td>3596.085159</td>
</tr>
<tr>
<td>SHAPE_Area</td>
<td>205288.278035</td>
</tr>
<tr bgcolor="#D4E4F3">
<td>Gat_name</td>
<td>Gat 73</td>
</tr>
</table>
</td>
</tr>
</table>
</body>
</html>
]]></description>
      <styleUrl>#PolyStyle00</styleUrl>
      <MultiGeometry>
        <Polygon>
          <extrude>0</extrude><altitudeMode>clampToGround</altitudeMode>
          <outerBoundaryIs><LinearRing><coordinates> 74.51823643746854,18.15133059092126,0 74.51860728523735,18.15378926842282,0 74.51760645814811,18.15380854323934,0 74.51773147792041,18.15482007532631,0 74.51779308681222,18.15532412404714,0 74.51780509400376,18.1554156924876,0 74.51795018595774,18.156522177899,0 74.51806921894737,18.15742992750892,0 74.51818754459057,18.15833227667753,0 74.51830421551229,18.1592654509782,0 74.51832890075052,18.15946289332748,0 74.51842459933498,18.16022831508925,0 74.51843816051134,18.16033678612969,0 74.5186228315888,18.16199176796438,0 74.51866497905151,18.1624508889917,0 74.51872533093862,18.16301830552255,0 74.518791763517,18.1637023891198,0 74.51889347173945,18.16386008507031,0 74.51893277353679,18.16392655473752,0 74.51905467489101,18.16410308708724,0 74.51838766777628,18.16447295810212,0 74.51791431748008,18.16473543940026,0 74.51789510913008,18.16470239086184,0 74.51782079165562,18.16402866048832,0 74.51764036904272,18.162565765808,0 74.51731137712093,18.15967175249678,0 74.51705992532716,18.15746097994557,0 74.51679305014015,18.15481535749018,0 74.51668685807259,18.15379041518615,0 74.5162883404868,18.15143560469743,0 74.51608426977886,18.15042935983184,0 74.5171586053555,18.15037035965243,0 74.51809607534999,18.15031887122827,0 74.51823643746854,18.15133059092126,0</coordinates></LinearRing></outerBoundaryIs>
        </Polygon>
      </MultiGeometry>
    </Placemark>
    <Placemark id="ID_00046">
      <name>Gat 67/A</name>
      <Snippet></Snippet>
      <description><![CDATA[<html xmlns:fo="http://www.w3.org/1999/XSL/Format" xmlns:msxsl="urn:schemas-microsoft-com:xslt">
<head>
<META http-equiv="Content-Type" content="text/html">
<meta http-equiv="content-type" content="text/html; charset=UTF-8">
</head>
<body style="margin:0px 0px 0px 0px;overflow:auto;background:#FFFFFF;">
<table style="font-family:Arial,Verdana,Times;font-size:12px;text-align:left;width:100%;border-collapse:collapse;padding:3px 3px 3px 3px">
<tr style="text-align:center;font-weight:bold;background:#9CBCE2">
<td>Gat 67/A</td>
</tr>
<tr>
<td>
<table style="font-family:Arial,Verdana,Times;font-size:12px;text-align:left;width:100%;border-spacing:0px; padding:3px 3px 3px 3px">
<tr>
<td>SHAPE</td>
<td>Polygon</td>
</tr>
<tr bgcolor="#D4E4F3">
<td>SHAPE_Length</td>
<td>1775.800106</td>
</tr>
<tr>
<td>SHAPE_Area</td>
<td>132501.611925</td>
</tr>
<tr bgcolor="#D4E4F3">
<td>Gat_name</td>
<td>Gat 67/A</td>
</tr>
</table>
</td>
</tr>
</table>
</body>
</html>
]]></description>
      <styleUrl>#PolyStyle00</styleUrl>
      <MultiGeometry>
        <Polygon>
          <extrude>0</extrude><altitudeMode>clampToGround</altitudeMode>
          <outerBoundaryIs><LinearRing><coordinates> 74.51720787036987,18.15871639662284,0 74.51780509997187,18.16390143068746,0 74.51789510913008,18.16470239086184,0 74.51791431748008,18.16473543940026,0 74.51756534257621,18.16492895093465,0 74.51731936811525,18.16506534669711,0 74.51706056969279,18.16520314428704,0 74.51664950642026,18.16542131799658,0 74.51635982434441,18.16557506715817,0 74.516355562206,18.16556542078537,0 74.51623825965818,18.1651299559564,0 74.51598914163446,18.16372523806558,0 74.51574364265868,18.16230443267013,0 74.51569643274185,18.16158035273505,0 74.51559722141036,18.15991745763105,0 74.51554039535642,18.15896497893104,0 74.51720787036987,18.15871639662284,0</coordinates></LinearRing></outerBoundaryIs>
        </Polygon>
      </MultiGeometry>
    </Placemark>
    <Placemark id="ID_00047">
      <name>Gat 66</name>
      <Snippet></Snippet>
      <description><![CDATA[<html xmlns:fo="http://www.w3.org/1999/XSL/Format" xmlns:msxsl="urn:schemas-microsoft-com:xslt">
<head>
<META http-equiv="Content-Type" content="text/html">
<meta http-equiv="content-type" content="text/html; charset=UTF-8">
</head>
<body style="margin:0px 0px 0px 0px;overflow:auto;background:#FFFFFF;">
<table style="font-family:Arial,Verdana,Times;font-size:12px;text-align:left;width:100%;border-collapse:collapse;padding:3px 3px 3px 3px">
<tr style="text-align:center;font-weight:bold;background:#9CBCE2">
<td>Gat 66</td>
</tr>
<tr>
<td>
<table style="font-family:Arial,Verdana,Times;font-size:12px;text-align:left;width:100%;border-spacing:0px; padding:3px 3px 3px 3px">
<tr>
<td>SHAPE</td>
<td>Polygon</td>
</tr>
<tr bgcolor="#D4E4F3">
<td>SHAPE_Length</td>
<td>1787.934708</td>
</tr>
<tr>
<td>SHAPE_Area</td>
<td>78740.454235</td>
</tr>
<tr bgcolor="#D4E4F3">
<td>Gat_name</td>
<td>Gat 66</td>
</tr>
</table>
</td>
</tr>
</table>
</body>
</html>
]]></description>
      <styleUrl>#PolyStyle00</styleUrl>
      <MultiGeometry>
        <Polygon>
          <extrude>0</extrude><altitudeMode>clampToGround</altitudeMode>
          <outerBoundaryIs><LinearRing><coordinates> 74.51554039535642,18.15896497893104,0 74.51563993752937,18.16063342360632,0 74.51569643274185,18.16158035273505,0 74.51574364265868,18.16230443267013,0 74.51577926304778,18.16251058399031,0 74.51588922459229,18.16314698025273,0 74.51597291699596,18.1636313406759,0 74.51608910140892,18.16428888923861,0 74.51619851906466,18.16490586887608,0 74.51623825965818,18.1651299559564,0 74.51635982434441,18.16557506715817,0 74.51540511356613,18.16608222259062,0 74.51531424283598,18.16548370024008,0 74.51525632278396,18.16511740224334,0 74.51505702914706,18.16385700113203,0 74.5148500891858,18.16254152678176,0 74.51477650759753,18.16187148841362,0 74.51470312547184,18.16110235989521,0 74.51467433661001,18.16076507553442,0 74.51465072271785,18.16011612458612,0 74.51460882632516,18.15883441986959,0 74.51460244572587,18.15863922774633,0 74.51479869590361,18.15870701441191,0 74.51497626224888,18.15876834565367,0 74.51520501634261,18.15884735892627,0 74.51540022705974,18.15891478445196,0 74.51554039535642,18.15896497893104,0</coordinates></LinearRing></outerBoundaryIs>
        </Polygon>
      </MultiGeometry>
    </Placemark>
    <Placemark id="ID_00048">
      <name>Gat 68</name>
      <Snippet></Snippet>
      <description><![CDATA[<html xmlns:fo="http://www.w3.org/1999/XSL/Format" xmlns:msxsl="urn:schemas-microsoft-com:xslt">
<head>
<META http-equiv="Content-Type" content="text/html">
<meta http-equiv="content-type" content="text/html; charset=UTF-8">
</head>
<body style="margin:0px 0px 0px 0px;overflow:auto;background:#FFFFFF;">
<table style="font-family:Arial,Verdana,Times;font-size:12px;text-align:left;width:100%;border-collapse:collapse;padding:3px 3px 3px 3px">
<tr style="text-align:center;font-weight:bold;background:#9CBCE2">
<td>Gat 68</td>
</tr>
<tr>
<td>
<table style="font-family:Arial,Verdana,Times;font-size:12px;text-align:left;width:100%;border-spacing:0px; padding:3px 3px 3px 3px">
<tr>
<td>SHAPE</td>
<td>Polygon</td>
</tr>
<tr bgcolor="#D4E4F3">
<td>SHAPE_Length</td>
<td>1701.282098</td>
</tr>
<tr>
<td>SHAPE_Area</td>
<td>80056.08284</td>
</tr>
<tr bgcolor="#D4E4F3">
<td>Gat_name</td>
<td>Gat 68</td>
</tr>
</table>
</td>
</tr>
</table>
</body>
</html>
]]></description>
      <styleUrl>#PolyStyle00</styleUrl>
      <MultiGeometry>
        <Polygon>
          <extrude>0</extrude><altitudeMode>clampToGround</altitudeMode>
          <outerBoundaryIs><LinearRing><coordinates> 74.51608426977886,18.15042935983184,0 74.51615475617473,18.15077691815893,0 74.51620947473579,18.15104672965443,0 74.51636501811188,18.1518886917728,0 74.51638844827946,18.15202714234531,0 74.51644285710678,18.15234863813004,0 74.51649926344538,18.15268194013819,0 74.51657438755149,18.15312584124642,0 74.51660349750892,18.15329784694783,0 74.5166295058861,18.15345152976906,0 74.51666044584537,18.15363434888239,0 74.51666336792033,18.15365161654251,0 74.51666553087706,18.15366439571518,0 74.5166728445097,18.15370879273053,0 74.5155838727962,18.15368491476043,0 74.51541776629827,18.15255639819765,0 74.51531327240892,18.15183988283154,0 74.51519050923503,18.15101302593308,0 74.51504745954186,18.15033847894301,0 74.51490873271877,18.14979262642796,0 74.51458744661339,18.14839647674765,0 74.51428241855237,18.14712723000491,0 74.51536999430276,18.14721742726042,0 74.51556863155098,18.14806942724513,0 74.51585972599035,18.14935888897372,0 74.51608426977886,18.15042935983184,0</coordinates></LinearRing></outerBoundaryIs>
        </Polygon>
      </MultiGeometry>
    </Placemark>
    <Placemark id="ID_00049">
      <name>Gat 72</name>
      <Snippet></Snippet>
      <description><![CDATA[<html xmlns:fo="http://www.w3.org/1999/XSL/Format" xmlns:msxsl="urn:schemas-microsoft-com:xslt">
<head>
<META http-equiv="Content-Type" content="text/html">
<meta http-equiv="content-type" content="text/html; charset=UTF-8">
</head>
<body style="margin:0px 0px 0px 0px;overflow:auto;background:#FFFFFF;">
<table style="font-family:Arial,Verdana,Times;font-size:12px;text-align:left;width:100%;border-collapse:collapse;padding:3px 3px 3px 3px">
<tr style="text-align:center;font-weight:bold;background:#9CBCE2">
<td>Gat 72</td>
</tr>
<tr>
<td>
<table style="font-family:Arial,Verdana,Times;font-size:12px;text-align:left;width:100%;border-spacing:0px; padding:3px 3px 3px 3px">
<tr>
<td>SHAPE</td>
<td>Polygon</td>
</tr>
<tr bgcolor="#D4E4F3">
<td>SHAPE_Length</td>
<td>1160.401865</td>
</tr>
<tr>
<td>SHAPE_Area</td>
<td>76520.463349</td>
</tr>
<tr bgcolor="#D4E4F3">
<td>Gat_name</td>
<td>Gat 72</td>
</tr>
</table>
</td>
</tr>
</table>
</body>
</html>
]]></description>
      <styleUrl>#PolyStyle00</styleUrl>
      <MultiGeometry>
        <Polygon>
          <extrude>0</extrude><altitudeMode>clampToGround</altitudeMode>
          <outerBoundaryIs><LinearRing><coordinates> 74.5177371871074,18.14751736818619,0 74.51896368179675,18.14736849559442,0 74.51925237110633,18.14787343722177,0 74.51935198662873,18.14820398959953,0 74.51956392077096,18.14863852812546,0 74.5198766743554,18.14927977500593,0 74.52004208738549,18.14991341242332,0 74.52001631067002,18.15008261089142,0 74.51997364038623,18.15036270258114,0 74.51995657178402,18.15042933148551,0 74.51992514075307,18.1505520249133,0 74.51990170123115,18.15064352290259,0 74.51985812854565,18.1507716821689,0 74.51979699645699,18.15094291452148,0 74.51975428738378,18.15106254110202,0 74.51975291403875,18.15111434215872,0 74.51823643746854,18.15133059092126,0 74.51809607534999,18.15031887122827,0 74.51803444924266,18.14989889783733,0 74.51797801996742,18.14954765246532,0 74.5179256374396,18.14921113959874,0 74.5179193689232,18.14915479215317,0 74.51788397860031,18.14883671466244,0 74.5177371871074,18.14751736818619,0</coordinates></LinearRing></outerBoundaryIs>
        </Polygon>
      </MultiGeometry>
    </Placemark>
    <Placemark id="ID_00050">
      <name>Gat 102</name>
      <Snippet></Snippet>
      <description><![CDATA[<html xmlns:fo="http://www.w3.org/1999/XSL/Format" xmlns:msxsl="urn:schemas-microsoft-com:xslt">
<head>
<META http-equiv="Content-Type" content="text/html">
<meta http-equiv="content-type" content="text/html; charset=UTF-8">
</head>
<body style="margin:0px 0px 0px 0px;overflow:auto;background:#FFFFFF;">
<table style="font-family:Arial,Verdana,Times;font-size:12px;text-align:left;width:100%;border-collapse:collapse;padding:3px 3px 3px 3px">
<tr style="text-align:center;font-weight:bold;background:#9CBCE2">
<td>Gat 102</td>
</tr>
<tr>
<td>
<table style="font-family:Arial,Verdana,Times;font-size:12px;text-align:left;width:100%;border-spacing:0px; padding:3px 3px 3px 3px">
<tr>
<td>SHAPE</td>
<td>Polygon</td>
</tr>
<tr bgcolor="#D4E4F3">
<td>SHAPE_Length</td>
<td>1228.887936</td>
</tr>
<tr>
<td>SHAPE_Area</td>
<td>62018.184735</td>
</tr>
<tr bgcolor="#D4E4F3">
<td>Gat_name</td>
<td>Gat 102</td>
</tr>
</table>
</td>
</tr>
</table>
</body>
</html>
]]></description>
      <styleUrl>#PolyStyle00</styleUrl>
      <MultiGeometry>
        <Polygon>
          <extrude>0</extrude><altitudeMode>clampToGround</altitudeMode>
          <outerBoundaryIs><LinearRing><coordinates> 74.51896368179675,18.14736849559442,0 74.51861507648061,18.14741081028307,0 74.5177371871074,18.14751736818619,0 74.51751849203707,18.14750004132458,0 74.51739524426512,18.14748941959883,0 74.51733945769017,18.14748409352325,0 74.5169395524176,18.14744591114027,0 74.51689228909243,18.14744139898739,0 74.51664612591522,18.1463729468823,0 74.51656256648424,18.146010261886,0 74.51646868700661,18.14560277907753,0 74.51638738558665,18.14523639398609,0 74.51633253801863,18.14498921836688,0 74.51614525840853,18.14414522731775,0 74.51645913563583,18.14446668770662,0 74.51688435738006,18.14468976388877,0 74.51698659525917,18.14474339859339,0 74.51704763102433,18.14477541882403,0 74.51759898492945,18.14507794973608,0 74.51770049606849,18.14494237925616,0 74.51756484394024,18.14482492978565,0 74.51751802107289,18.14472075056836,0 74.51854563722124,18.14493255607307,0 74.5184873180748,18.14520651210928,0 74.51842777227644,18.1455796778575,0 74.51838819178305,18.14584884436792,0 74.51836205811665,18.14604001103093,0 74.51838720809677,18.14618494708958,0 74.51843766731895,18.14647573697347,0 74.51844429383348,18.14651392838738,0 74.51854044019372,18.14666118776747,0 74.51858815380683,18.14673426656319,0 74.51859961856192,18.14675182582416,0 74.51861249922909,18.1467715550938,0 74.51863311884053,18.14680472913033,0 74.51864844526399,18.14683134713867,0 74.51874053187046,18.14699127511319,0 74.51888836947015,18.14724802454413,0 74.518952265832,18.14735899316687,0 74.51896368179675,18.14736849559442,0</coordinates></LinearRing></outerBoundaryIs>
        </Polygon>
      </MultiGeometry>
    </Placemark>
    <Placemark id="ID_00051">
      <name>Gat 71</name>
      <Snippet></Snippet>
      <description><![CDATA[<html xmlns:fo="http://www.w3.org/1999/XSL/Format" xmlns:msxsl="urn:schemas-microsoft-com:xslt">
<head>
<META http-equiv="Content-Type" content="text/html">
<meta http-equiv="content-type" content="text/html; charset=UTF-8">
</head>
<body style="margin:0px 0px 0px 0px;overflow:auto;background:#FFFFFF;">
<table style="font-family:Arial,Verdana,Times;font-size:12px;text-align:left;width:100%;border-collapse:collapse;padding:3px 3px 3px 3px">
<tr style="text-align:center;font-weight:bold;background:#9CBCE2">
<td>Gat 71</td>
</tr>
<tr>
<td>
<table style="font-family:Arial,Verdana,Times;font-size:12px;text-align:left;width:100%;border-spacing:0px; padding:3px 3px 3px 3px">
<tr>
<td>SHAPE</td>
<td>Polygon</td>
</tr>
<tr bgcolor="#D4E4F3">
<td>SHAPE_Length</td>
<td>1141.529772</td>
</tr>
<tr>
<td>SHAPE_Area</td>
<td>75296.20027</td>
</tr>
<tr bgcolor="#D4E4F3">
<td>Gat_name</td>
<td>Gat 71</td>
</tr>
</table>
</td>
</tr>
</table>
</body>
</html>
]]></description>
      <styleUrl>#PolyStyle00</styleUrl>
      <MultiGeometry>
        <Polygon>
          <extrude>0</extrude><altitudeMode>clampToGround</altitudeMode>
          <outerBoundaryIs><LinearRing><coordinates> 74.51689228909243,18.14744139898739,0 74.5177371871074,18.14751736818619,0 74.51788397860031,18.14883671466244,0 74.5179193689232,18.14915479215317,0 74.5179256374396,18.14921113959874,0 74.51797801996742,18.14954765246532,0 74.51803444924266,18.14989889783733,0 74.51809607534999,18.15031887122827,0 74.5171586053555,18.15037035965243,0 74.51608426977886,18.15042935983184,0 74.51585972599035,18.14935888897372,0 74.51576845278223,18.14895457590265,0 74.5156596844067,18.14847276645551,0 74.51556863155098,18.14806942724513,0 74.51548589259633,18.14771454122929,0 74.51547712939937,18.14767695533517,0 74.51536999430276,18.14721742726042,0 74.51544528548273,18.14722321697527,0 74.51567167136423,18.14725778248493,0 74.51608650134429,18.14732112139168,0 74.51653137933815,18.14738904589947,0 74.51689228909243,18.14744139898739,0</coordinates></LinearRing></outerBoundaryIs>
        </Polygon>
      </MultiGeometry>
    </Placemark>
    <Placemark id="ID_00052">
      <name>Gat 70</name>
      <Snippet></Snippet>
      <description><![CDATA[<html xmlns:fo="http://www.w3.org/1999/XSL/Format" xmlns:msxsl="urn:schemas-microsoft-com:xslt">
<head>
<META http-equiv="Content-Type" content="text/html">
<meta http-equiv="content-type" content="text/html; charset=UTF-8">
</head>
<body style="margin:0px 0px 0px 0px;overflow:auto;background:#FFFFFF;">
<table style="font-family:Arial,Verdana,Times;font-size:12px;text-align:left;width:100%;border-collapse:collapse;padding:3px 3px 3px 3px">
<tr style="text-align:center;font-weight:bold;background:#9CBCE2">
<td>Gat 70</td>
</tr>
<tr>
<td>
<table style="font-family:Arial,Verdana,Times;font-size:12px;text-align:left;width:100%;border-spacing:0px; padding:3px 3px 3px 3px">
<tr>
<td>SHAPE</td>
<td>Polygon</td>
</tr>
<tr bgcolor="#D4E4F3">
<td>SHAPE_Length</td>
<td>1166.180187</td>
</tr>
<tr>
<td>SHAPE_Area</td>
<td>61613.042468</td>
</tr>
<tr bgcolor="#D4E4F3">
<td>Gat_name</td>
<td>Gat 70</td>
</tr>
</table>
</td>
</tr>
</table>
</body>
</html>
]]></description>
      <styleUrl>#PolyStyle00</styleUrl>
      <MultiGeometry>
        <Polygon>
          <extrude>0</extrude><altitudeMode>clampToGround</altitudeMode>
          <outerBoundaryIs><LinearRing><coordinates> 74.51614525840853,18.14414522731775,0 74.51662985720466,18.14630233271074,0 74.51664612591522,18.1463729468823,0 74.51689228909243,18.14744139898739,0 74.51653137933815,18.14738904589947,0 74.51608650134429,18.14732112139168,0 74.51567167136423,18.14725778248493,0 74.51548560130117,18.14722937231195,0 74.51536999430276,18.14721742726042,0 74.51532054891395,18.14693788372436,0 74.51503093103643,18.14540741462962,0 74.51486383876716,18.14444045205022,0 74.51463275961447,18.14333883071563,0 74.51467155204183,18.14332767141783,0 74.51556668602183,18.1435177441572,0 74.51602820314774,18.14403606009732,0 74.51614525840853,18.14414522731775,0</coordinates></LinearRing></outerBoundaryIs>
        </Polygon>
      </MultiGeometry>
    </Placemark>
    <Placemark id="ID_00053">
      <name>Gat 67/B</name>
      <Snippet></Snippet>
      <description><![CDATA[<html xmlns:fo="http://www.w3.org/1999/XSL/Format" xmlns:msxsl="urn:schemas-microsoft-com:xslt">
<head>
<META http-equiv="Content-Type" content="text/html">
<meta http-equiv="content-type" content="text/html; charset=UTF-8">
</head>
<body style="margin:0px 0px 0px 0px;overflow:auto;background:#FFFFFF;">
<table style="font-family:Arial,Verdana,Times;font-size:12px;text-align:left;width:100%;border-collapse:collapse;padding:3px 3px 3px 3px">
<tr style="text-align:center;font-weight:bold;background:#9CBCE2">
<td>Gat 67/B</td>
</tr>
<tr>
<td>
<table style="font-family:Arial,Verdana,Times;font-size:12px;text-align:left;width:100%;border-spacing:0px; padding:3px 3px 3px 3px">
<tr>
<td>SHAPE</td>
<td>Polygon</td>
</tr>
<tr bgcolor="#D4E4F3">
<td>SHAPE_Length</td>
<td>2954.738575</td>
</tr>
<tr>
<td>SHAPE_Area</td>
<td>129989.279351</td>
</tr>
<tr bgcolor="#D4E4F3">
<td>Gat_name</td>
<td>Gat 67/B</td>
</tr>
</table>
</td>
</tr>
</table>
</body>
</html>
]]></description>
      <styleUrl>#PolyStyle00</styleUrl>
      <MultiGeometry>
        <Polygon>
          <extrude>0</extrude><altitudeMode>clampToGround</altitudeMode>
          <outerBoundaryIs><LinearRing><coordinates> 74.51428241855237,18.14712723000491,0 74.51460623300729,18.14847811502699,0 74.51490873271877,18.14979262642796,0 74.51504745954186,18.15033847894301,0 74.51519050923503,18.15101302593308,0 74.51531327240892,18.15183988283154,0 74.51541776629827,18.15255639819765,0 74.5155838727962,18.15368491476043,0 74.5166728445097,18.15370879273053,0 74.51666553087706,18.15366439571518,0 74.51668685807259,18.15379041518615,0 74.51679305014015,18.15481535749018,0 74.51689275868952,18.15580380686573,0 74.51698436444596,18.1567119220279,0 74.51705992532716,18.15746097994557,0 74.51720280072153,18.15871715214494,0 74.51662807723277,18.15880283243697,0 74.51645307200889,18.15882892148659,0 74.51632734738862,18.15884766423153,0 74.51554039535642,18.15896497893104,0 74.51552718258522,18.15896024757328,0 74.51552537283659,18.15894178875807,0 74.5155217165406,18.1589003862656,0 74.51546925048422,18.15830628696198,0 74.51507038993377,18.15384715059686,0 74.51505851703388,18.1537132743714,0 74.51505805976552,18.1537083627464,0 74.51506242954193,18.15370936706486,0 74.51506106440439,18.15369632777925,0 74.51490264373763,18.15218401978647,0 74.51486117847323,18.1517881806289,0 74.51472080572715,18.15044813774583,0 74.51456437635386,18.14984065290788,0 74.51447909913075,18.14950947918894,0 74.51431482436455,18.148706633619,0 74.51429108747762,18.14859062576677,0 74.51408804580397,18.14759830841745,0 74.51405317641215,18.14742788933605,0 74.51398945984391,18.14711648763447,0 74.51399048459365,18.14711650287637,0 74.51428241855237,18.14712723000491,0</coordinates></LinearRing></outerBoundaryIs>
        </Polygon>
      </MultiGeometry>
    </Placemark>
    <Placemark id="ID_00054">
      <name>Gat 65</name>
      <Snippet></Snippet>
      <description><![CDATA[<html xmlns:fo="http://www.w3.org/1999/XSL/Format" xmlns:msxsl="urn:schemas-microsoft-com:xslt">
<head>
<META http-equiv="Content-Type" content="text/html">
<meta http-equiv="content-type" content="text/html; charset=UTF-8">
</head>
<body style="margin:0px 0px 0px 0px;overflow:auto;background:#FFFFFF;">
<table style="font-family:Arial,Verdana,Times;font-size:12px;text-align:left;width:100%;border-collapse:collapse;padding:3px 3px 3px 3px">
<tr style="text-align:center;font-weight:bold;background:#9CBCE2">
<td>Gat 65</td>
</tr>
<tr>
<td>
<table style="font-family:Arial,Verdana,Times;font-size:12px;text-align:left;width:100%;border-spacing:0px; padding:3px 3px 3px 3px">
<tr>
<td>SHAPE</td>
<td>Polygon</td>
</tr>
<tr bgcolor="#D4E4F3">
<td>SHAPE_Length</td>
<td>1259.7277</td>
</tr>
<tr>
<td>SHAPE_Area</td>
<td>27711.612326</td>
</tr>
<tr bgcolor="#D4E4F3">
<td>Gat_name</td>
<td>Gat 65</td>
</tr>
</table>
</td>
</tr>
</table>
</body>
</html>
]]></description>
      <styleUrl>#PolyStyle00</styleUrl>
      <MultiGeometry>
        <Polygon>
          <extrude>0</extrude><altitudeMode>clampToGround</altitudeMode>
          <outerBoundaryIs><LinearRing><coordinates> 74.51505805976552,18.1537083627464,0 74.51513437575525,18.15456250727277,0 74.51525916991757,18.15595767138956,0 74.51537640190408,18.15726828345004,0 74.51543196473787,18.15788945290018,0 74.51547564713884,18.15837871827677,0 74.5155217165406,18.1589003862656,0 74.51552537283659,18.15894178875807,0 74.51552718258522,18.15896024757328,0 74.51540022705974,18.15891478445196,0 74.51520501634261,18.15884735892627,0 74.51509661397506,18.15880991590336,0 74.51504496637818,18.15879207706515,0 74.51504236310041,18.15876415321972,0 74.5149602887811,18.15778933230488,0 74.51492614231685,18.15738376860605,0 74.51485707814165,18.15656345636163,0 74.51476632532079,18.15548565066802,0 74.51467805232173,18.15443729946066,0 74.51461514524861,18.15361749504735,0 74.51505805976552,18.1537083627464,0</coordinates></LinearRing></outerBoundaryIs>
        </Polygon>
      </MultiGeometry>
    </Placemark>
    <Placemark id="ID_00055">
      <name>Gat 64</name>
      <Snippet></Snippet>
      <description><![CDATA[<html xmlns:fo="http://www.w3.org/1999/XSL/Format" xmlns:msxsl="urn:schemas-microsoft-com:xslt">
<head>
<META http-equiv="Content-Type" content="text/html">
<meta http-equiv="content-type" content="text/html; charset=UTF-8">
</head>
<body style="margin:0px 0px 0px 0px;overflow:auto;background:#FFFFFF;">
<table style="font-family:Arial,Verdana,Times;font-size:12px;text-align:left;width:100%;border-collapse:collapse;padding:3px 3px 3px 3px">
<tr style="text-align:center;font-weight:bold;background:#9CBCE2">
<td>Gat 64</td>
</tr>
<tr>
<td>
<table style="font-family:Arial,Verdana,Times;font-size:12px;text-align:left;width:100%;border-spacing:0px; padding:3px 3px 3px 3px">
<tr>
<td>SHAPE</td>
<td>Polygon</td>
</tr>
<tr bgcolor="#D4E4F3">
<td>SHAPE_Length</td>
<td>1564.038651</td>
</tr>
<tr>
<td>SHAPE_Area</td>
<td>33718.305836</td>
</tr>
<tr bgcolor="#D4E4F3">
<td>Gat_name</td>
<td>Gat 64</td>
</tr>
</table>
</td>
</tr>
</table>
</body>
</html>
]]></description>
      <styleUrl>#PolyStyle00</styleUrl>
      <MultiGeometry>
        <Polygon>
          <extrude>0</extrude><altitudeMode>clampToGround</altitudeMode>
          <outerBoundaryIs><LinearRing><coordinates> 74.51398945984391,18.14711648763447,0 74.51425384654951,18.14840861914659,0 74.51429108747762,18.14859062576677,0 74.51431482436455,18.148706633619,0 74.51434491643866,18.1488537011426,0 74.51445312984463,18.14938256019164,0 74.51447909913075,18.14950947918894,0 74.51450854719509,18.14962383929258,0 74.51454045062592,18.14974773640721,0 74.51466198019509,18.15021969435441,0 74.51472080572715,18.15044813774583,0 74.51473866090758,18.15061859149252,0 74.51477694409053,18.15098405783043,0 74.51481354911357,18.15133349783814,0 74.51486117847323,18.1517881806289,0 74.51489451923601,18.15210646299511,0 74.51490264373763,18.15218401978647,0 74.51493553050567,18.1524979671575,0 74.51496787298552,18.15280671435058,0 74.51501891408302,18.15329395956295,0 74.51504231237389,18.15351732348104,0 74.51506106440439,18.15369632777925,0 74.51506242954193,18.15370936706486,0 74.51505805976552,18.1537083627464,0 74.51469071106872,18.15363299828919,0 74.51461514524861,18.15361749504735,0 74.51460905206872,18.15361783035521,0 74.51460307429444,18.15360376081841,0 74.51460007361236,18.15358011103653,0 74.514578690056,18.15340897236161,0 74.51453481464803,18.15300691874841,0 74.51448631891499,18.15256251746053,0 74.51445615325181,18.15228609189771,0 74.51441540243883,18.15187085661362,0 74.51437783860885,18.15155390930843,0 74.51430448912488,18.15098761339173,0 74.51425803683814,18.15062897372182,0 74.51422408196343,18.1503668216385,0 74.51414785579117,18.1499790605663,0 74.51402071932695,18.14932866885021,0 74.51387868717227,18.14856134697055,0 74.51379495066982,18.1481252781538,0 74.51366973414977,18.14744642596321,0 74.51359664232427,18.14706824402458,0 74.51364788094881,18.1470733744011,0 74.51394918745802,18.14710354166711,0 74.51398759801542,18.14710738684866,0 74.51398945984391,18.14711648763447,0</coordinates></LinearRing></outerBoundaryIs>
        </Polygon>
      </MultiGeometry>
    </Placemark>
    <Placemark id="ID_00056">
      <name></name>
      <Snippet></Snippet>
      <description><![CDATA[<html xmlns:fo="http://www.w3.org/1999/XSL/Format" xmlns:msxsl="urn:schemas-microsoft-com:xslt">
<head>
<META http-equiv="Content-Type" content="text/html">
<meta http-equiv="content-type" content="text/html; charset=UTF-8">
</head>
<body style="margin:0px 0px 0px 0px;overflow:auto;background:#FFFFFF;">
<table style="font-family:Arial,Verdana,Times;font-size:12px;text-align:left;width:100%;border-collapse:collapse;padding:3px 3px 3px 3px">
<tr style="text-align:center;font-weight:bold;background:#9CBCE2">
<td></td>
</tr>
<tr>
<td>
<table style="font-family:Arial,Verdana,Times;font-size:12px;text-align:left;width:100%;border-spacing:0px; padding:3px 3px 3px 3px">
<tr>
<td>SHAPE</td>
<td>Polygon</td>
</tr>
<tr bgcolor="#D4E4F3">
<td>SHAPE_Length</td>
<td>1551.040316</td>
</tr>
<tr>
<td>SHAPE_Area</td>
<td>32406.355838</td>
</tr>
<tr bgcolor="#D4E4F3">
<td>Gat_name</td>
<td>&lt;Null&gt;</td>
</tr>
</table>
</td>
</tr>
</table>
</body>
</html>
]]></description>
      <styleUrl>#PolyStyle00</styleUrl>
      <MultiGeometry>
        <Polygon>
          <extrude>0</extrude><altitudeMode>clampToGround</altitudeMode>
          <outerBoundaryIs><LinearRing><coordinates> 74.51359664232427,18.14706824402458,0 74.51367929235757,18.14749824645441,0 74.51370246420196,18.14762386873636,0 74.51379808393961,18.14814159647435,0 74.51381703923175,18.14824030848127,0 74.51393189599499,18.1488488078528,0 74.51395154371771,18.14895494921466,0 74.51405046996881,18.14948086474409,0 74.51409893395331,18.14972879298908,0 74.51417377351767,18.15011090168721,0 74.51422408196343,18.1503668216385,0 74.51422609617906,18.15038237520108,0 74.51425085930327,18.15057355844698,0 74.51425803683814,18.15062897372182,0 74.51428482629041,18.1508358009346,0 74.51434793041275,18.15132300090766,0 74.51437783860885,18.15155390930843,0 74.51438235172721,18.15159199064919,0 74.51442648366907,18.15198377393915,0 74.51445615325181,18.15228609189771,0 74.51445907990812,18.15231291210976,0 74.51448304462777,18.15253251220222,0 74.51448631891499,18.15256251746053,0 74.51452802997913,18.15294475021319,0 74.51455090772716,18.15315438469864,0 74.514578690056,18.15340897236161,0 74.51459427957805,18.15353373660692,0 74.51460905206872,18.15361783035521,0 74.51430840169468,18.1535791280471,0 74.51425912914954,18.15329662573837,0 74.51413846634826,18.15260480307935,0 74.51407619018643,18.15224774401161,0 74.5139521188088,18.15153637011147,0 74.5138604088082,18.15101054064706,0 74.51374776173428,18.15036466207732,0 74.51364641705625,18.14978358631086,0 74.51349345849074,18.14890656301674,0 74.51345434904472,18.14869492148899,0 74.51337753723824,18.14828322265309,0 74.51334081388148,18.14808638724196,0 74.51326189724676,18.14766340059026,0 74.51322423273082,18.14745590487968,0 74.51319340860356,18.14725096892176,0 74.51318551160583,18.14719845757094,0 74.51317022350463,18.14709681283324,0 74.51316109558259,18.1470361241845,0 74.51315584473856,18.147001705944,0 74.51315855537203,18.14700162242001,0 74.51337039091648,18.14703009276516,0 74.51351332452553,18.14704930254308,0 74.51359595034201,18.14705831829003,0 74.51359664232427,18.14706824402458,0</coordinates></LinearRing></outerBoundaryIs>
        </Polygon>
      </MultiGeometry>
    </Placemark>
    <Placemark id="ID_00057">
      <name>Gat 62</name>
      <Snippet></Snippet>
      <description><![CDATA[<html xmlns:fo="http://www.w3.org/1999/XSL/Format" xmlns:msxsl="urn:schemas-microsoft-com:xslt">
<head>
<META http-equiv="Content-Type" content="text/html">
<meta http-equiv="content-type" content="text/html; charset=UTF-8">
</head>
<body style="margin:0px 0px 0px 0px;overflow:auto;background:#FFFFFF;">
<table style="font-family:Arial,Verdana,Times;font-size:12px;text-align:left;width:100%;border-collapse:collapse;padding:3px 3px 3px 3px">
<tr style="text-align:center;font-weight:bold;background:#9CBCE2">
<td>Gat 62</td>
</tr>
<tr>
<td>
<table style="font-family:Arial,Verdana,Times;font-size:12px;text-align:left;width:100%;border-spacing:0px; padding:3px 3px 3px 3px">
<tr>
<td>SHAPE</td>
<td>Polygon</td>
</tr>
<tr bgcolor="#D4E4F3">
<td>SHAPE_Length</td>
<td>4513.974541</td>
</tr>
<tr>
<td>SHAPE_Area</td>
<td>115783.910223</td>
</tr>
<tr bgcolor="#D4E4F3">
<td>Gat_name</td>
<td>Gat 62</td>
</tr>
</table>
</td>
</tr>
</table>
</body>
</html>
]]></description>
      <styleUrl>#PolyStyle00</styleUrl>
      <MultiGeometry>
        <Polygon>
          <extrude>0</extrude><altitudeMode>clampToGround</altitudeMode>
          <outerBoundaryIs><LinearRing><coordinates> 74.51315518606663,18.14699683176359,0 74.51319340860356,18.14725096892176,0 74.51322423273082,18.14745590487968,0 74.51326189724676,18.14766340059026,0 74.51334081388148,18.14808638724196,0 74.51348431357818,18.14885707272196,0 74.51349345849074,18.14890656301674,0 74.51364641705625,18.14978358631086,0 74.51365362668845,18.14982492554135,0 74.51375418409177,18.15040148561815,0 74.5138604088082,18.15101054064706,0 74.51390514696226,18.15126705304294,0 74.51399172186116,18.15176343649544,0 74.51407619018643,18.15224774401161,0 74.51413846634826,18.15260480307935,0 74.51419862174815,18.15294970395494,0 74.51430840169468,18.1535791280471,0 74.51460905206872,18.15361783035521,0 74.51461514524861,18.15361749504735,0 74.51463534705358,18.15388076105583,0 74.51467805232173,18.15443729946066,0 74.51476118802327,18.15542463597223,0 74.5148141247145,18.15605333601605,0 74.51485707814165,18.15656345636163,0 74.51491740914835,18.15728003741074,0 74.51496539139431,18.15784993927176,0 74.51504236310041,18.15876415321972,0 74.51504496637818,18.15879207706515,0 74.51497626224888,18.15876834565367,0 74.51479869590361,18.15870701441191,0 74.51460244572587,18.15863922774633,0 74.5146057122961,18.15873916083484,0 74.5146251914812,18.15933507054062,0 74.51465072271785,18.16011612458612,0 74.51465596711138,18.16026025144652,0 74.51470639659883,18.16113664833476,0 74.51477650759753,18.16187148841362,0 74.51484743302683,18.16251734282802,0 74.51492430466459,18.16301330238757,0 74.51505702914706,18.16385700113203,0 74.51509282014953,18.16408335520407,0 74.51519345373718,18.16471980050788,0 74.51524639548279,18.16505462121483,0 74.51530545013627,18.1654280920987,0 74.51531424283598,18.16548370024008,0 74.5153911834976,18.16599046940409,0 74.51540511356613,18.16608222259062,0 74.51495418042659,18.16632110527684,0 74.51484892959286,18.16636855697396,0 74.51484005135134,18.16635491758347,0 74.51482552888277,18.16625832109403,0 74.5145845117561,18.16466076912056,0 74.5145056541493,18.164113790961,0 74.51429572960522,18.16265769190235,0 74.51420983786439,18.16192318334523,0 74.51417657158588,18.16144795529002,0 74.51410142934658,18.16046429259779,0 74.51398881970141,18.15933740755129,0 74.51391360942233,18.15855054461815,0 74.51429380842288,18.15852621176438,0 74.51419043245167,18.15700941089878,0 74.51412876680442,18.15597880564384,0 74.51405027723462,18.15452745069886,0 74.51400493791438,18.1534162807526,0 74.51386980584442,18.15274761982897,0 74.513648060709,18.15166460887061,0 74.51356414709031,18.1511378463699,0 74.5134813871496,18.15061832093507,0 74.51331562143864,18.14957771832315,0 74.51320448287341,18.14888003333837,0 74.51312344397445,18.14837130006676,0 74.51304116870037,18.14785480248138,0 74.51295007551981,18.14728294501302,0 74.51291508184649,18.14706326703719,0 74.51290466444409,18.14700635942365,0 74.51292187944148,18.14700751289805,0 74.51315518606663,18.14699683176359,0</coordinates></LinearRing></outerBoundaryIs>
        </Polygon>
      </MultiGeometry>
    </Placemark>
    <Placemark id="ID_00058">
      <name>Gat 61</name>
      <Snippet></Snippet>
      <description><![CDATA[<html xmlns:fo="http://www.w3.org/1999/XSL/Format" xmlns:msxsl="urn:schemas-microsoft-com:xslt">
<head>
<META http-equiv="Content-Type" content="text/html">
<meta http-equiv="content-type" content="text/html; charset=UTF-8">
</head>
<body style="margin:0px 0px 0px 0px;overflow:auto;background:#FFFFFF;">
<table style="font-family:Arial,Verdana,Times;font-size:12px;text-align:left;width:100%;border-collapse:collapse;padding:3px 3px 3px 3px">
<tr style="text-align:center;font-weight:bold;background:#9CBCE2">
<td>Gat 61</td>
</tr>
<tr>
<td>
<table style="font-family:Arial,Verdana,Times;font-size:12px;text-align:left;width:100%;border-spacing:0px; padding:3px 3px 3px 3px">
<tr>
<td>SHAPE</td>
<td>Polygon</td>
</tr>
<tr bgcolor="#D4E4F3">
<td>SHAPE_Length</td>
<td>2701.665429</td>
</tr>
<tr>
<td>SHAPE_Area</td>
<td>51326.607124</td>
</tr>
<tr bgcolor="#D4E4F3">
<td>Gat_name</td>
<td>Gat 61</td>
</tr>
</table>
</td>
</tr>
</table>
</body>
</html>
]]></description>
      <styleUrl>#PolyStyle00</styleUrl>
      <MultiGeometry>
        <Polygon>
          <extrude>0</extrude><altitudeMode>clampToGround</altitudeMode>
          <outerBoundaryIs><LinearRing><coordinates> 74.51391360942233,18.15855054461815,0 74.51365762666529,18.15856139313888,0 74.51363884403746,18.15783419762928,0 74.51360632835977,18.15673417474349,0 74.51352985694061,18.1535471871706,0 74.51379529678753,18.15353263158243,0 74.51318100483638,18.15024640234588,0 74.51258550378299,18.1470519580336,0 74.51257969833158,18.14702189570892,0 74.51290466444409,18.14700635942365,0 74.51291841126174,18.14708416554303,0 74.51295007551981,18.14728294501302,0 74.51299224755498,18.14754768772118,0 74.51302418050794,18.1477481552919,0 74.51304116870037,18.14785480248138,0 74.51312344397445,18.14837130006676,0 74.51315934319962,18.14859666171267,0 74.51318447725343,18.14875444614279,0 74.51320448287341,18.14888003333837,0 74.51330858425437,18.14953353879971,0 74.51332824899397,18.14965698847495,0 74.51343976760265,18.15035705227386,0 74.5134609267644,18.15048987926165,0 74.5134813871496,18.15061832093507,0 74.51356414709031,18.1511378463699,0 74.51361232482047,18.15144027632467,0 74.51362784264045,18.15153768897102,0 74.513648060709,18.15166460887061,0 74.51382256639174,18.15251690167572,0 74.51383348680223,18.15257023948578,0 74.51386980584442,18.15274761982897,0 74.51400493791438,18.1534162807526,0 74.51400681856732,18.15346236873998,0 74.51401206473928,18.15359093458142,0 74.51404688336235,18.15444427683701,0 74.51405331467915,18.15458360838577,0 74.51407987442875,18.15507472801171,0 74.51408615436749,18.1551908553187,0 74.51412876680442,18.15597880564384,0 74.51414454958699,18.15624258829922,0 74.51419043245167,18.15700941089878,0 74.51419725321733,18.15710948674917,0 74.51420226405068,18.15718301817049,0 74.51425709023718,18.15798745960055,0 74.51426177312634,18.15805617190684,0 74.51429380842288,18.15852621176438,0 74.51398488279334,18.15854598330355,0 74.51391360942233,18.15855054461815,0</coordinates></LinearRing></outerBoundaryIs>
        </Polygon>
      </MultiGeometry>
    </Placemark>
    <Placemark id="ID_00059">
      <name>Gat 57</name>
      <Snippet></Snippet>
      <description><![CDATA[<html xmlns:fo="http://www.w3.org/1999/XSL/Format" xmlns:msxsl="urn:schemas-microsoft-com:xslt">
<head>
<META http-equiv="Content-Type" content="text/html">
<meta http-equiv="content-type" content="text/html; charset=UTF-8">
</head>
<body style="margin:0px 0px 0px 0px;overflow:auto;background:#FFFFFF;">
<table style="font-family:Arial,Verdana,Times;font-size:12px;text-align:left;width:100%;border-collapse:collapse;padding:3px 3px 3px 3px">
<tr style="text-align:center;font-weight:bold;background:#9CBCE2">
<td>Gat 57</td>
</tr>
<tr>
<td>
<table style="font-family:Arial,Verdana,Times;font-size:12px;text-align:left;width:100%;border-spacing:0px; padding:3px 3px 3px 3px">
<tr>
<td>SHAPE</td>
<td>Polygon</td>
</tr>
<tr bgcolor="#D4E4F3">
<td>SHAPE_Length</td>
<td>1511.234886</td>
</tr>
<tr>
<td>SHAPE_Area</td>
<td>123349.743515</td>
</tr>
<tr bgcolor="#D4E4F3">
<td>Gat_name</td>
<td>Gat 57</td>
</tr>
</table>
</td>
</tr>
</table>
</body>
</html>
]]></description>
      <styleUrl>#PolyStyle00</styleUrl>
      <MultiGeometry>
        <Polygon>
          <extrude>0</extrude><altitudeMode>clampToGround</altitudeMode>
          <outerBoundaryIs><LinearRing><coordinates> 74.51242515928467,18.16694451319837,0 74.51242514860705,18.1669432505322,0 74.51241780361647,18.16608567488089,0 74.51241318078316,18.1655458753987,0 74.51234603225009,18.16491323487078,0 74.51228713505648,18.16435832855127,0 74.51221002823769,18.16363186128737,0 74.5121853180885,18.16339905355473,0 74.51207225502647,18.16232600658165,0 74.51205991417305,18.16230514577775,0 74.51280832262636,18.16216156343424,0 74.5133536615657,18.16207689965503,0 74.5139135890589,18.1619899691624,0 74.51417456861472,18.1619494506015,0 74.51421313107652,18.16192653942393,0 74.51424757440753,18.16224588817006,0 74.51429572960522,18.16265769190235,0 74.5145056541493,18.164113790961,0 74.5145845117561,18.16466076912056,0 74.51482552888277,18.16625832109403,0 74.51484005135134,18.16635491758347,0 74.51484892959286,18.16636855697396,0 74.51385707756022,18.16679974664861,0 74.51382091257264,18.1668025356677,0 74.51338994087895,18.16683577146584,0 74.51320475340779,18.16685005297604,0 74.51314199488948,18.16685755573975,0 74.51242515928467,18.16694451319837,0</coordinates></LinearRing></outerBoundaryIs>
        </Polygon>
      </MultiGeometry>
    </Placemark>
    <Placemark id="ID_00060">
      <name>Gat 56</name>
      <Snippet></Snippet>
      <description><![CDATA[<html xmlns:fo="http://www.w3.org/1999/XSL/Format" xmlns:msxsl="urn:schemas-microsoft-com:xslt">
<head>
<META http-equiv="Content-Type" content="text/html">
<meta http-equiv="content-type" content="text/html; charset=UTF-8">
</head>
<body style="margin:0px 0px 0px 0px;overflow:auto;background:#FFFFFF;">
<table style="font-family:Arial,Verdana,Times;font-size:12px;text-align:left;width:100%;border-collapse:collapse;padding:3px 3px 3px 3px">
<tr style="text-align:center;font-weight:bold;background:#9CBCE2">
<td>Gat 56</td>
</tr>
<tr>
<td>
<table style="font-family:Arial,Verdana,Times;font-size:12px;text-align:left;width:100%;border-spacing:0px; padding:3px 3px 3px 3px">
<tr>
<td>SHAPE</td>
<td>Polygon</td>
</tr>
<tr bgcolor="#D4E4F3">
<td>SHAPE_Length</td>
<td>1156.136746</td>
</tr>
<tr>
<td>SHAPE_Area</td>
<td>33824.062553</td>
</tr>
<tr bgcolor="#D4E4F3">
<td>Gat_name</td>
<td>Gat 56</td>
</tr>
</table>
</td>
</tr>
</table>
</body>
</html>
]]></description>
      <styleUrl>#PolyStyle00</styleUrl>
      <MultiGeometry>
        <Polygon>
          <extrude>0</extrude><altitudeMode>clampToGround</altitudeMode>
          <outerBoundaryIs><LinearRing><coordinates> 74.51205991417305,18.16230514577775,0 74.51207225502647,18.16232600658165,0 74.5121853180885,18.16339905355473,0 74.51221002823769,18.16363186128737,0 74.51228713505648,18.16435832855127,0 74.51234603225009,18.16491323487078,0 74.5123528780988,18.16497773541563,0 74.51240231856107,18.16544354153104,0 74.51241318078316,18.1655458753987,0 74.51241524076401,18.16578645723413,0 74.51241797276421,18.16610546629791,0 74.51242395676412,18.16680411950475,0 74.51242515928467,18.16694451319837,0 74.51221235960044,18.16696868834631,0 74.51207458956105,18.16698515702223,0 74.51187484400347,18.16700903503309,0 74.51177331416501,18.16702117130393,0 74.51177380245807,18.16701421582817,0 74.51176138879354,18.1667047862304,0 74.51173719451155,18.16602896253159,0 74.51171087546908,18.16532062291662,0 74.51168047568098,18.16461746443914,0 74.51163375950271,18.16366076769536,0 74.51159804026996,18.16292928335831,0 74.51158726471594,18.16248578391357,0 74.51158949121626,18.16231199541613,0 74.51205991417305,18.16230514577775,0</coordinates></LinearRing></outerBoundaryIs>
        </Polygon>
      </MultiGeometry>
    </Placemark>
    <Placemark id="ID_00061">
      <name>Gat 58</name>
      <Snippet></Snippet>
      <description><![CDATA[<html xmlns:fo="http://www.w3.org/1999/XSL/Format" xmlns:msxsl="urn:schemas-microsoft-com:xslt">
<head>
<META http-equiv="Content-Type" content="text/html">
<meta http-equiv="content-type" content="text/html; charset=UTF-8">
</head>
<body style="margin:0px 0px 0px 0px;overflow:auto;background:#FFFFFF;">
<table style="font-family:Arial,Verdana,Times;font-size:12px;text-align:left;width:100%;border-collapse:collapse;padding:3px 3px 3px 3px">
<tr style="text-align:center;font-weight:bold;background:#9CBCE2">
<td>Gat 58</td>
</tr>
<tr>
<td>
<table style="font-family:Arial,Verdana,Times;font-size:12px;text-align:left;width:100%;border-spacing:0px; padding:3px 3px 3px 3px">
<tr>
<td>SHAPE</td>
<td>Polygon</td>
</tr>
<tr bgcolor="#D4E4F3">
<td>SHAPE_Length</td>
<td>1228.912299</td>
</tr>
<tr>
<td>SHAPE_Area</td>
<td>88577.208605</td>
</tr>
<tr bgcolor="#D4E4F3">
<td>Gat_name</td>
<td>Gat 58</td>
</tr>
</table>
</td>
</tr>
</table>
</body>
</html>
]]></description>
      <styleUrl>#PolyStyle00</styleUrl>
      <MultiGeometry>
        <Polygon>
          <extrude>0</extrude><altitudeMode>clampToGround</altitudeMode>
          <outerBoundaryIs><LinearRing><coordinates> 74.51365762666529,18.15856139313888,0 74.51391360942233,18.15855054461815,0 74.51397558995671,18.15919899614809,0 74.51405478289281,18.15999750398943,0 74.51413586709634,18.1609151068995,0 74.51421313107652,18.16192653942393,0 74.51417456861472,18.1619494506015,0 74.51408821390183,18.1619628575148,0 74.51372493885937,18.16201925773746,0 74.51280832262636,18.16216156343424,0 74.51249886745492,18.16222093297446,0 74.51205991417305,18.16230514577775,0 74.51198303883669,18.1613774428655,0 74.51184694646439,18.15973509623941,0 74.5117618659454,18.15876236004389,0 74.51365762666529,18.15856139313888,0</coordinates></LinearRing></outerBoundaryIs>
        </Polygon>
      </MultiGeometry>
    </Placemark>
    <Placemark id="ID_00062">
      <name>Gat 59</name>
      <Snippet></Snippet>
      <description><![CDATA[<html xmlns:fo="http://www.w3.org/1999/XSL/Format" xmlns:msxsl="urn:schemas-microsoft-com:xslt">
<head>
<META http-equiv="Content-Type" content="text/html">
<meta http-equiv="content-type" content="text/html; charset=UTF-8">
</head>
<body style="margin:0px 0px 0px 0px;overflow:auto;background:#FFFFFF;">
<table style="font-family:Arial,Verdana,Times;font-size:12px;text-align:left;width:100%;border-collapse:collapse;padding:3px 3px 3px 3px">
<tr style="text-align:center;font-weight:bold;background:#9CBCE2">
<td>Gat 59</td>
</tr>
<tr>
<td>
<table style="font-family:Arial,Verdana,Times;font-size:12px;text-align:left;width:100%;border-spacing:0px; padding:3px 3px 3px 3px">
<tr>
<td>SHAPE</td>
<td>Polygon</td>
</tr>
<tr bgcolor="#D4E4F3">
<td>SHAPE_Length</td>
<td>1613.326514</td>
</tr>
<tr>
<td>SHAPE_Area</td>
<td>138118.763697</td>
</tr>
<tr bgcolor="#D4E4F3">
<td>Gat_name</td>
<td>Gat 59</td>
</tr>
</table>
</td>
</tr>
</table>
</body>
</html>
]]></description>
      <styleUrl>#PolyStyle00</styleUrl>
      <MultiGeometry>
        <Polygon>
          <extrude>0</extrude><altitudeMode>clampToGround</altitudeMode>
          <outerBoundaryIs><LinearRing><coordinates> 74.5117618659454,18.15876236004389,0 74.51119066735318,18.15587349323053,0 74.51110234274044,18.1533980451047,0 74.51245526243967,18.15347579672463,0 74.51352985694061,18.1535471871706,0 74.51357044387379,18.15523869443728,0 74.51360247227467,18.15657347883664,0 74.51365762666529,18.15856139313888,0 74.5117618659454,18.15876236004389,0</coordinates></LinearRing></outerBoundaryIs>
        </Polygon>
      </MultiGeometry>
    </Placemark>
    <Placemark id="ID_00063">
      <name>Gat 60</name>
      <Snippet></Snippet>
      <description><![CDATA[<html xmlns:fo="http://www.w3.org/1999/XSL/Format" xmlns:msxsl="urn:schemas-microsoft-com:xslt">
<head>
<META http-equiv="Content-Type" content="text/html">
<meta http-equiv="content-type" content="text/html; charset=UTF-8">
</head>
<body style="margin:0px 0px 0px 0px;overflow:auto;background:#FFFFFF;">
<table style="font-family:Arial,Verdana,Times;font-size:12px;text-align:left;width:100%;border-collapse:collapse;padding:3px 3px 3px 3px">
<tr style="text-align:center;font-weight:bold;background:#9CBCE2">
<td>Gat 60</td>
</tr>
<tr>
<td>
<table style="font-family:Arial,Verdana,Times;font-size:12px;text-align:left;width:100%;border-spacing:0px; padding:3px 3px 3px 3px">
<tr>
<td>SHAPE</td>
<td>Polygon</td>
</tr>
<tr bgcolor="#D4E4F3">
<td>SHAPE_Length</td>
<td>1900.097725</td>
</tr>
<tr>
<td>SHAPE_Area</td>
<td>169870.036743</td>
</tr>
<tr bgcolor="#D4E4F3">
<td>Gat_name</td>
<td>Gat 60</td>
</tr>
</table>
</td>
</tr>
</table>
</body>
</html>
]]></description>
      <styleUrl>#PolyStyle00</styleUrl>
      <MultiGeometry>
        <Polygon>
          <extrude>0</extrude><altitudeMode>clampToGround</altitudeMode>
          <outerBoundaryIs><LinearRing><coordinates> 74.51110234274044,18.1533980451047,0 74.51098084617291,18.15162398814284,0 74.51089591310551,18.15000311788843,0 74.51082180517338,18.14786998958998,0 74.51078870986451,18.14716217191749,0 74.51089643912323,18.14709642419501,0 74.5109023034131,18.14708924918566,0 74.51128723358991,18.14706440773098,0 74.5123456927271,18.14703234118604,0 74.51257969833158,18.14702189570892,0 74.51272821479148,18.14781751468237,0 74.51292778579426,18.14888807573711,0 74.51319154773576,18.15030280591546,0 74.51339209796529,18.15137568531095,0 74.51366987453204,18.15286167858423,0 74.51379529678753,18.15353263158243,0 74.51352985694061,18.1535471871706,0 74.51110234274044,18.1533980451047,0</coordinates></LinearRing></outerBoundaryIs>
        </Polygon>
      </MultiGeometry>
    </Placemark>
    <Placemark id="ID_00064">
      <name>Gat 54</name>
      <Snippet></Snippet>
      <description><![CDATA[<html xmlns:fo="http://www.w3.org/1999/XSL/Format" xmlns:msxsl="urn:schemas-microsoft-com:xslt">
<head>
<META http-equiv="Content-Type" content="text/html">
<meta http-equiv="content-type" content="text/html; charset=UTF-8">
</head>
<body style="margin:0px 0px 0px 0px;overflow:auto;background:#FFFFFF;">
<table style="font-family:Arial,Verdana,Times;font-size:12px;text-align:left;width:100%;border-collapse:collapse;padding:3px 3px 3px 3px">
<tr style="text-align:center;font-weight:bold;background:#9CBCE2">
<td>Gat 54</td>
</tr>
<tr>
<td>
<table style="font-family:Arial,Verdana,Times;font-size:12px;text-align:left;width:100%;border-spacing:0px; padding:3px 3px 3px 3px">
<tr>
<td>SHAPE</td>
<td>Polygon</td>
</tr>
<tr bgcolor="#D4E4F3">
<td>SHAPE_Length</td>
<td>2671.723023</td>
</tr>
<tr>
<td>SHAPE_Area</td>
<td>71131.826879</td>
</tr>
<tr bgcolor="#D4E4F3">
<td>Gat_name</td>
<td>Gat 54</td>
</tr>
</table>
</td>
</tr>
</table>
</body>
</html>
]]></description>
      <styleUrl>#PolyStyle00</styleUrl>
      <MultiGeometry>
        <Polygon>
          <extrude>0</extrude><altitudeMode>clampToGround</altitudeMode>
          <outerBoundaryIs><LinearRing><coordinates> 74.51158949121626,18.16231199541613,0 74.51149078159004,18.16158036812862,0 74.51126472264549,18.15990481126589,0 74.51115219271166,18.15904993044707,0 74.51100383754488,18.15781980701009,0 74.5109049185169,18.1569995796405,0 74.51078659229729,18.15601843141397,0 74.51068127474345,18.15470022369365,0 74.51057600972359,18.15338841135446,0 74.51049479060995,18.15223447020739,0 74.51042900010835,18.15093190193198,0 74.51040411095931,18.1507626754459,0 74.5109373807357,18.15079449791846,0 74.51095241803172,18.1510814584184,0 74.51097831987963,18.15157578354706,0 74.51098084617291,18.15162398814284,0 74.51107786356607,18.15304060858122,0 74.51111522672338,18.15375913251082,0 74.51116147940979,18.15505545403864,0 74.51123340282086,18.15608963444395,0 74.5117618659454,18.15876236004389,0 74.51182826584645,18.1595215198639,0 74.51194048167729,18.16086386707177,0 74.51198303883669,18.1613774428655,0 74.51205991417305,18.16230514577775,0 74.5119656289467,18.16230651890361,0 74.51158949121626,18.16231199541613,0</coordinates></LinearRing></outerBoundaryIs>
        </Polygon>
      </MultiGeometry>
    </Placemark>
    <Placemark id="ID_00065">
      <name>Gat 53</name>
      <Snippet></Snippet>
      <description><![CDATA[<html xmlns:fo="http://www.w3.org/1999/XSL/Format" xmlns:msxsl="urn:schemas-microsoft-com:xslt">
<head>
<META http-equiv="Content-Type" content="text/html">
<meta http-equiv="content-type" content="text/html; charset=UTF-8">
</head>
<body style="margin:0px 0px 0px 0px;overflow:auto;background:#FFFFFF;">
<table style="font-family:Arial,Verdana,Times;font-size:12px;text-align:left;width:100%;border-collapse:collapse;padding:3px 3px 3px 3px">
<tr style="text-align:center;font-weight:bold;background:#9CBCE2">
<td>Gat 53</td>
</tr>
<tr>
<td>
<table style="font-family:Arial,Verdana,Times;font-size:12px;text-align:left;width:100%;border-spacing:0px; padding:3px 3px 3px 3px">
<tr>
<td>SHAPE</td>
<td>Polygon</td>
</tr>
<tr bgcolor="#D4E4F3">
<td>SHAPE_Length</td>
<td>2700.752683</td>
</tr>
<tr>
<td>SHAPE_Area</td>
<td>65007.770119</td>
</tr>
<tr bgcolor="#D4E4F3">
<td>Gat_name</td>
<td>Gat 53</td>
</tr>
</table>
</td>
</tr>
</table>
</body>
</html>
]]></description>
      <styleUrl>#PolyStyle00</styleUrl>
      <MultiGeometry>
        <Polygon>
          <extrude>0</extrude><altitudeMode>clampToGround</altitudeMode>
          <outerBoundaryIs><LinearRing><coordinates> 74.51040557062998,18.15077660526703,0 74.51041645207496,18.15084658525193,0 74.51042349526033,18.15089447506995,0 74.51040557062998,18.15077660526703,0</coordinates></LinearRing></outerBoundaryIs>
        </Polygon>
        <Polygon>
          <extrude>0</extrude><altitudeMode>clampToGround</altitudeMode>
          <outerBoundaryIs><LinearRing><coordinates> 74.51040557062998,18.15077660526703,0 74.51042900010835,18.15093190193198,0 74.51047130697611,18.15176952547576,0 74.51047624757706,18.15186734796686,0 74.51049220293112,18.15218323222479,0 74.51055493161948,18.15308893746872,0 74.51057600972359,18.15338841135446,0 74.51058262776282,18.15347088214619,0 74.51067157097484,18.15457930186578,0 74.51068127474345,18.15470022369365,0 74.51070836090723,18.15503925414933,0 74.51077710361818,18.15589967209568,0 74.51078659229729,18.15601843141397,0 74.51085622075659,18.15659578693111,0 74.51094211956584,18.15730804584859,0 74.51100383754488,18.15781980701009,0 74.51103042538836,18.15804026449939,0 74.51110606208772,18.15866743031019,0 74.51115219271166,18.15904993044707,0 74.51121841357713,18.15955300543786,0 74.51128610381183,18.16006329210529,0 74.51133735725021,18.16044318770907,0 74.51137406424435,18.16071526099985,0 74.51143692445247,18.16118118293309,0 74.51148183194439,18.16151403285884,0 74.51149078159004,18.16158036812862,0 74.5115756456112,18.16220937191124,0 74.51158949121626,18.16231199541613,0 74.51156718486484,18.1622973989659,0 74.510965522897,18.16226536292453,0 74.51096203140484,18.16221335354383,0 74.51089152850702,18.16148779007578,0 74.51082938829411,18.16084828174698,0 74.51078278798134,18.16036869996242,0 74.51070120372096,18.15952908190318,0 74.51066214986875,18.15912716209948,0 74.51058933300462,18.15837775504208,0 74.51053718893282,18.15784110429931,0 74.51047526967737,18.1572038548852,0 74.51043604119495,18.15680012144869,0 74.51038152854593,18.15623908485673,0 74.51034544916517,18.15586776865887,0 74.51025833391502,18.15497117983571,0 74.51016842823488,18.15404586844989,0 74.51012756522853,18.15349732471499,0 74.51008484496928,18.15279838912811,0 74.51004229858552,18.15210229193552,0 74.50996208142028,18.15075679137021,0 74.51000359156097,18.15075864599961,0 74.51040557062998,18.15077660526703,0</coordinates></LinearRing></outerBoundaryIs>
        </Polygon>
      </MultiGeometry>
    </Placemark>
    <Placemark id="ID_00066">
      <name>Gat 52</name>
      <Snippet></Snippet>
      <description><![CDATA[<html xmlns:fo="http://www.w3.org/1999/XSL/Format" xmlns:msxsl="urn:schemas-microsoft-com:xslt">
<head>
<META http-equiv="Content-Type" content="text/html">
<meta http-equiv="content-type" content="text/html; charset=UTF-8">
</head>
<body style="margin:0px 0px 0px 0px;overflow:auto;background:#FFFFFF;">
<table style="font-family:Arial,Verdana,Times;font-size:12px;text-align:left;width:100%;border-collapse:collapse;padding:3px 3px 3px 3px">
<tr style="text-align:center;font-weight:bold;background:#9CBCE2">
<td>Gat 52</td>
</tr>
<tr>
<td>
<table style="font-family:Arial,Verdana,Times;font-size:12px;text-align:left;width:100%;border-spacing:0px; padding:3px 3px 3px 3px">
<tr>
<td>SHAPE</td>
<td>Polygon</td>
</tr>
<tr bgcolor="#D4E4F3">
<td>SHAPE_Length</td>
<td>2806.382775</td>
</tr>
<tr>
<td>SHAPE_Area</td>
<td>151428.551228</td>
</tr>
<tr bgcolor="#D4E4F3">
<td>Gat_name</td>
<td>Gat 52</td>
</tr>
</table>
</td>
</tr>
</table>
</body>
</html>
]]></description>
      <styleUrl>#PolyStyle00</styleUrl>
      <MultiGeometry>
        <Polygon>
          <extrude>0</extrude><altitudeMode>clampToGround</altitudeMode>
          <outerBoundaryIs><LinearRing><coordinates> 74.50996202371873,18.15075578526818,0 74.51004910888339,18.15221371449596,0 74.51008484496928,18.15279838912811,0 74.51012756522853,18.15349732471499,0 74.51020488743626,18.15442110919648,0 74.51025833391502,18.15497117983571,0 74.51029516014584,18.15535019945083,0 74.51040709370763,18.15650220297976,0 74.51043604119495,18.15680012144869,0 74.51047526967737,18.1572038548852,0 74.51052808897894,18.15774744965089,0 74.51061729756675,18.15866555987671,0 74.51066214986875,18.15912716209948,0 74.51070120372096,18.15952908190318,0 74.51072019991565,18.15972458000441,0 74.51079592034121,18.16050385299031,0 74.51082938829411,18.16084828174698,0 74.51089152850702,18.16148779007578,0 74.51090677500446,18.16164470074936,0 74.510965522897,18.16226536292453,0 74.50979887900702,18.16219311688829,0 74.50970855542919,18.16078415613676,0 74.50955675729705,18.15897136517762,0 74.50940882111165,18.15820450407307,0 74.50934804587635,18.15730179836702,0 74.5091943241576,18.15500742335946,0 74.50914506892325,18.15457630082635,0 74.50908653821008,18.1540639985508,0 74.5090330161609,18.15359552453829,0 74.50899867584191,18.15329494475951,0 74.50890809820235,18.15250212516231,0 74.50886440341851,18.15207769321011,0 74.50884613671414,18.15185248442383,0 74.50878828070549,18.15113916985013,0 74.50875433339868,18.15070158588057,0 74.50893596466796,18.15071094321,0 74.50941123582169,18.15073217998314,0 74.50996202371873,18.15075578526818,0</coordinates></LinearRing></outerBoundaryIs>
        </Polygon>
      </MultiGeometry>
    </Placemark>
    <Placemark id="ID_00067">
      <name>Gat 55</name>
      <Snippet></Snippet>
      <description><![CDATA[<html xmlns:fo="http://www.w3.org/1999/XSL/Format" xmlns:msxsl="urn:schemas-microsoft-com:xslt">
<head>
<META http-equiv="Content-Type" content="text/html">
<meta http-equiv="content-type" content="text/html; charset=UTF-8">
</head>
<body style="margin:0px 0px 0px 0px;overflow:auto;background:#FFFFFF;">
<table style="font-family:Arial,Verdana,Times;font-size:12px;text-align:left;width:100%;border-collapse:collapse;padding:3px 3px 3px 3px">
<tr style="text-align:center;font-weight:bold;background:#9CBCE2">
<td>Gat 55</td>
</tr>
<tr>
<td>
<table style="font-family:Arial,Verdana,Times;font-size:12px;text-align:left;width:100%;border-spacing:0px; padding:3px 3px 3px 3px">
<tr>
<td>SHAPE</td>
<td>Polygon</td>
</tr>
<tr bgcolor="#D4E4F3">
<td>SHAPE_Length</td>
<td>1181.418941</td>
</tr>
<tr>
<td>SHAPE_Area</td>
<td>32682.443684</td>
</tr>
<tr bgcolor="#D4E4F3">
<td>Gat_name</td>
<td>Gat 55</td>
</tr>
</table>
</td>
</tr>
</table>
</body>
</html>
]]></description>
      <styleUrl>#PolyStyle00</styleUrl>
      <MultiGeometry>
        <Polygon>
          <extrude>0</extrude><altitudeMode>clampToGround</altitudeMode>
          <outerBoundaryIs><LinearRing><coordinates> 74.510965522897,18.16226536292453,0 74.51109442214735,18.16227222626269,0 74.51156718486484,18.1622973989659,0 74.51158949121626,18.16231199541613,0 74.51158726471594,18.16248578391357,0 74.51159066514973,18.16262572229405,0 74.5116142118768,18.16326044779226,0 74.51163375950271,18.16366076769536,0 74.51167420218772,18.16448898286692,0 74.51169009574157,18.16483998272102,0 74.51171087546908,18.16532062291662,0 74.51173719451155,18.16602896253159,0 74.51175082875595,18.16640982247946,0 74.51177331416501,18.16702117130393,0 74.51161952735717,18.16703701239175,0 74.5112180200169,18.16708755041678,0 74.51112168150098,18.16523219864692,0 74.51105352502935,18.1638175223643,0 74.51103705587235,18.163531137027,0 74.51100422766621,18.16296029355483,0 74.51099257071031,18.16275759808376,0 74.51097600772168,18.16246455672974,0 74.51096690576992,18.16229164145374,0 74.510965522897,18.16226536292453,0</coordinates></LinearRing></outerBoundaryIs>
        </Polygon>
      </MultiGeometry>
    </Placemark>
    <Placemark id="ID_00068">
      <name>Gat 51</name>
      <Snippet></Snippet>
      <description><![CDATA[<html xmlns:fo="http://www.w3.org/1999/XSL/Format" xmlns:msxsl="urn:schemas-microsoft-com:xslt">
<head>
<META http-equiv="Content-Type" content="text/html">
<meta http-equiv="content-type" content="text/html; charset=UTF-8">
</head>
<body style="margin:0px 0px 0px 0px;overflow:auto;background:#FFFFFF;">
<table style="font-family:Arial,Verdana,Times;font-size:12px;text-align:left;width:100%;border-collapse:collapse;padding:3px 3px 3px 3px">
<tr style="text-align:center;font-weight:bold;background:#9CBCE2">
<td>Gat 51</td>
</tr>
<tr>
<td>
<table style="font-family:Arial,Verdana,Times;font-size:12px;text-align:left;width:100%;border-spacing:0px; padding:3px 3px 3px 3px">
<tr>
<td>SHAPE</td>
<td>Polygon</td>
</tr>
<tr bgcolor="#D4E4F3">
<td>SHAPE_Length</td>
<td>1344.232296</td>
</tr>
<tr>
<td>SHAPE_Area</td>
<td>68624.48253</td>
</tr>
<tr bgcolor="#D4E4F3">
<td>Gat_name</td>
<td>Gat 51</td>
</tr>
</table>
</td>
</tr>
</table>
</body>
</html>
]]></description>
      <styleUrl>#PolyStyle00</styleUrl>
      <MultiGeometry>
        <Polygon>
          <extrude>0</extrude><altitudeMode>clampToGround</altitudeMode>
          <outerBoundaryIs><LinearRing><coordinates> 74.50979887900702,18.16219311688829,0 74.510965522897,18.16226536292453,0 74.51098467622987,18.16261792484432,0 74.51101871004876,18.16321212254893,0 74.51105740338633,18.16389802661068,0 74.51109343504312,18.16464591157414,0 74.51111527441674,18.16509920395063,0 74.51114375262293,18.16565151421246,0 74.51117676332127,18.16627867873485,0 74.5112064731218,18.1668431195396,0 74.5112180200169,18.16708755041678,0 74.5108940828874,18.16712627228761,0 74.51074698795986,18.16714385509549,0 74.51062699024314,18.16715819878804,0 74.51032487633086,18.16719431078335,0 74.51001304969337,18.1672316412023,0 74.51001183679445,18.16720311079183,0 74.50999383246737,18.1667795512949,0 74.50996029059469,18.16599044851826,0 74.50991667148223,18.164964294552,0 74.50988291754297,18.16407005944023,0 74.50985266098911,18.1634998713804,0 74.50983393889031,18.16301792932543,0 74.5098144002078,18.16255827341412,0 74.50979887900702,18.16219311688829,0</coordinates></LinearRing></outerBoundaryIs>
        </Polygon>
      </MultiGeometry>
    </Placemark>
    <Placemark id="ID_00069">
      <name>Gat 50</name>
      <Snippet></Snippet>
      <description><![CDATA[<html xmlns:fo="http://www.w3.org/1999/XSL/Format" xmlns:msxsl="urn:schemas-microsoft-com:xslt">
<head>
<META http-equiv="Content-Type" content="text/html">
<meta http-equiv="content-type" content="text/html; charset=UTF-8">
</head>
<body style="margin:0px 0px 0px 0px;overflow:auto;background:#FFFFFF;">
<table style="font-family:Arial,Verdana,Times;font-size:12px;text-align:left;width:100%;border-collapse:collapse;padding:3px 3px 3px 3px">
<tr style="text-align:center;font-weight:bold;background:#9CBCE2">
<td>Gat 50</td>
</tr>
<tr>
<td>
<table style="font-family:Arial,Verdana,Times;font-size:12px;text-align:left;width:100%;border-spacing:0px; padding:3px 3px 3px 3px">
<tr>
<td>SHAPE</td>
<td>Polygon</td>
</tr>
<tr bgcolor="#D4E4F3">
<td>SHAPE_Length</td>
<td>1991.168668</td>
</tr>
<tr>
<td>SHAPE_Area</td>
<td>205131.036684</td>
</tr>
<tr bgcolor="#D4E4F3">
<td>Gat_name</td>
<td>Gat 50</td>
</tr>
</table>
</td>
</tr>
</table>
</body>
</html>
]]></description>
      <styleUrl>#PolyStyle00</styleUrl>
      <MultiGeometry>
        <Polygon>
          <extrude>0</extrude><altitudeMode>clampToGround</altitudeMode>
          <outerBoundaryIs><LinearRing><coordinates> 74.50737364478366,18.16736980499048,0 74.50731968048274,18.1666644384661,0 74.5072641460294,18.16593853394296,0 74.50720084412116,18.16511110307383,0 74.50716830821804,18.16468582049387,0 74.50690269334571,18.16121380926947,0 74.50689321763004,18.16108995235169,0 74.50704992165947,18.16105871315456,0 74.5075746651173,18.16100326694522,0 74.50838600614756,18.16092225825688,0 74.50964302800109,18.16079092316881,0 74.50970855542919,18.16078415613676,0 74.50971117474619,18.16082501105481,0 74.50971587968417,18.16089841521229,0 74.50972274008375,18.1610054307774,0 74.50973429825488,18.16118571490489,0 74.50974149480604,18.16129797439543,0 74.50975572934536,18.16152003095693,0 74.50976122985816,18.16160582492189,0 74.50977562663556,18.16183040445678,0 74.50978200691416,18.16192992339117,0 74.50979887900702,18.16219311688829,0 74.50980764748611,18.16239941039525,0 74.50981367620447,18.1625412489859,0 74.50982561929193,18.16282220355794,0 74.50985901426411,18.16361960510788,0 74.50989186155567,18.164307020932,0 74.50991784442058,18.16499189031548,0 74.50994878641514,18.1657198204147,0 74.51001304969337,18.1672316412023,0 74.50932857095228,18.16731339843126,0 74.50898967686341,18.16727009235156,0 74.50836914998251,18.1672972713604,0 74.50766252382533,18.16732821913791,0 74.50756644478055,18.16733242706693,0 74.50737364478366,18.16736980499048,0</coordinates></LinearRing></outerBoundaryIs>
        </Polygon>
      </MultiGeometry>
    </Placemark>
    <Placemark id="ID_00070">
      <name>Gat 49</name>
      <Snippet></Snippet>
      <description><![CDATA[<html xmlns:fo="http://www.w3.org/1999/XSL/Format" xmlns:msxsl="urn:schemas-microsoft-com:xslt">
<head>
<META http-equiv="Content-Type" content="text/html">
<meta http-equiv="content-type" content="text/html; charset=UTF-8">
</head>
<body style="margin:0px 0px 0px 0px;overflow:auto;background:#FFFFFF;">
<table style="font-family:Arial,Verdana,Times;font-size:12px;text-align:left;width:100%;border-collapse:collapse;padding:3px 3px 3px 3px">
<tr style="text-align:center;font-weight:bold;background:#9CBCE2">
<td>Gat 49</td>
</tr>
<tr>
<td>
<table style="font-family:Arial,Verdana,Times;font-size:12px;text-align:left;width:100%;border-spacing:0px; padding:3px 3px 3px 3px">
<tr>
<td>SHAPE</td>
<td>Polygon</td>
</tr>
<tr bgcolor="#D4E4F3">
<td>SHAPE_Length</td>
<td>862.3773</td>
</tr>
<tr>
<td>SHAPE_Area</td>
<td>43427.755592</td>
</tr>
<tr bgcolor="#D4E4F3">
<td>Gat_name</td>
<td>Gat 49</td>
</tr>
</table>
</td>
</tr>
</table>
</body>
</html>
]]></description>
      <styleUrl>#PolyStyle00</styleUrl>
      <MultiGeometry>
        <Polygon>
          <extrude>0</extrude><altitudeMode>clampToGround</altitudeMode>
          <outerBoundaryIs><LinearRing><coordinates> 74.5071981800067,18.16509315448589,0 74.50723848666111,18.16560313508512,0 74.5072641460294,18.16593853394296,0 74.5073137175271,18.16658648938551,0 74.5073371544478,18.16689284182871,0 74.50734452749023,18.1669892080708,0 74.50735539275121,18.1671312352727,0 74.50737364478366,18.16736980499048,0 74.50712355286932,18.16741458725583,0 74.50643717715261,18.16754191259239,0 74.50640471577722,18.16754793455318,0 74.50636654539981,18.1675550146836,0 74.50632332063319,18.16756303354934,0 74.50627345128453,18.16757228441977,0 74.50622576526015,18.1675811296469,0 74.506180616354,18.16758950506613,0 74.50613804146344,18.16759740263965,0 74.50608458209223,18.16760731939155,0 74.50601968199832,18.16761935872649,0 74.50597612285694,18.16762758634064,0 74.50593351714731,18.16763534188931,0 74.50588434684045,18.1676444634005,0 74.50586101133138,18.1676487914664,0 74.50585882581223,18.16762409526534,0 74.50583848047644,18.1673697809324,0 74.50583181834094,18.16728651194456,0 74.50581190052765,18.16703754028325,0 74.50580325366988,18.16692946172383,0 74.50578495987253,18.16670079404945,0 74.5057736332498,18.16655921298556,0 74.50575441521147,18.16631898576412,0 74.50574420563727,18.16619137883327,0 74.50572564892605,18.16595942145795,0 74.50570014254004,18.16564059079808,0 74.50567267616168,18.16529726514661,0 74.50565618333938,18.16509160250267,0 74.50566582696391,18.16509168333667,0 74.50655423979846,18.16510166081223,0 74.5071981800067,18.16509315448589,0</coordinates></LinearRing></outerBoundaryIs>
        </Polygon>
      </MultiGeometry>
    </Placemark>
    <Placemark id="ID_00071">
      <name>Gat 48</name>
      <Snippet></Snippet>
      <description><![CDATA[<html xmlns:fo="http://www.w3.org/1999/XSL/Format" xmlns:msxsl="urn:schemas-microsoft-com:xslt">
<head>
<META http-equiv="Content-Type" content="text/html">
<meta http-equiv="content-type" content="text/html; charset=UTF-8">
</head>
<body style="margin:0px 0px 0px 0px;overflow:auto;background:#FFFFFF;">
<table style="font-family:Arial,Verdana,Times;font-size:12px;text-align:left;width:100%;border-collapse:collapse;padding:3px 3px 3px 3px">
<tr style="text-align:center;font-weight:bold;background:#9CBCE2">
<td>Gat 48</td>
</tr>
<tr>
<td>
<table style="font-family:Arial,Verdana,Times;font-size:12px;text-align:left;width:100%;border-spacing:0px; padding:3px 3px 3px 3px">
<tr>
<td>SHAPE</td>
<td>Polygon</td>
</tr>
<tr bgcolor="#D4E4F3">
<td>SHAPE_Length</td>
<td>1276.811196</td>
</tr>
<tr>
<td>SHAPE_Area</td>
<td>103415.034296</td>
</tr>
<tr bgcolor="#D4E4F3">
<td>Gat_name</td>
<td>Gat 48</td>
</tr>
</table>
</td>
</tr>
</table>
</body>
</html>
]]></description>
      <styleUrl>#PolyStyle00</styleUrl>
      <MultiGeometry>
        <Polygon>
          <extrude>0</extrude><altitudeMode>clampToGround</altitudeMode>
          <outerBoundaryIs><LinearRing><coordinates> 74.50246559484761,18.1678537406553,0 74.50241617055062,18.16681091999837,0 74.50237319963898,18.16590425665555,0 74.50234538313013,18.16531734191817,0 74.50256763693805,18.16529541107646,0 74.50336214261391,18.16519840098507,0 74.50398167156106,18.16512134268724,0 74.50429579830109,18.16508146287829,0 74.50446830337081,18.16508171598566,0 74.50478349859945,18.16508434031944,0 74.50507495919098,18.16508676565495,0 74.50525070007619,18.16508822847277,0 74.50565618333938,18.16509160250267,0 74.50568722130177,18.16547908087784,0 74.50574989771889,18.16626252148087,0 74.50580325366988,18.16692946172383,0 74.50582383822503,18.16718676652494,0 74.50586101133138,18.1676487914664,0 74.50546576050957,18.16772211068262,0 74.50540707639817,18.16773299625606,0 74.50481452601939,18.16775834583259,0 74.50246559484761,18.1678537406553,0</coordinates></LinearRing></outerBoundaryIs>
        </Polygon>
      </MultiGeometry>
    </Placemark>
    <Placemark id="ID_00072">
      <name>Gat 47</name>
      <Snippet></Snippet>
      <description><![CDATA[<html xmlns:fo="http://www.w3.org/1999/XSL/Format" xmlns:msxsl="urn:schemas-microsoft-com:xslt">
<head>
<META http-equiv="Content-Type" content="text/html">
<meta http-equiv="content-type" content="text/html; charset=UTF-8">
</head>
<body style="margin:0px 0px 0px 0px;overflow:auto;background:#FFFFFF;">
<table style="font-family:Arial,Verdana,Times;font-size:12px;text-align:left;width:100%;border-collapse:collapse;padding:3px 3px 3px 3px">
<tr style="text-align:center;font-weight:bold;background:#9CBCE2">
<td>Gat 47</td>
</tr>
<tr>
<td>
<table style="font-family:Arial,Verdana,Times;font-size:12px;text-align:left;width:100%;border-spacing:0px; padding:3px 3px 3px 3px">
<tr>
<td>SHAPE</td>
<td>Polygon</td>
</tr>
<tr bgcolor="#D4E4F3">
<td>SHAPE_Length</td>
<td>935.086419</td>
</tr>
<tr>
<td>SHAPE_Area</td>
<td>51266.738561</td>
</tr>
<tr bgcolor="#D4E4F3">
<td>Gat_name</td>
<td>Gat 47</td>
</tr>
</table>
</td>
</tr>
</table>
</body>
</html>
]]></description>
      <styleUrl>#PolyStyle00</styleUrl>
      <MultiGeometry>
        <Polygon>
          <extrude>0</extrude><altitudeMode>clampToGround</altitudeMode>
          <outerBoundaryIs><LinearRing><coordinates> 74.50234538313013,18.16531734191817,0 74.50236824993894,18.16579982542468,0 74.5024135743342,18.16675614897261,0 74.50246559484761,18.1678537406553,0 74.5008130138802,18.16804652969553,0 74.5007313845299,18.1664798584867,0 74.50066449370875,18.16533619711645,0 74.50234538313013,18.16531734191817,0</coordinates></LinearRing></outerBoundaryIs>
        </Polygon>
      </MultiGeometry>
    </Placemark>
    <Placemark id="ID_00073">
      <name>Gat 43</name>
      <Snippet></Snippet>
      <description><![CDATA[<html xmlns:fo="http://www.w3.org/1999/XSL/Format" xmlns:msxsl="urn:schemas-microsoft-com:xslt">
<head>
<META http-equiv="Content-Type" content="text/html">
<meta http-equiv="content-type" content="text/html; charset=UTF-8">
</head>
<body style="margin:0px 0px 0px 0px;overflow:auto;background:#FFFFFF;">
<table style="font-family:Arial,Verdana,Times;font-size:12px;text-align:left;width:100%;border-collapse:collapse;padding:3px 3px 3px 3px">
<tr style="text-align:center;font-weight:bold;background:#9CBCE2">
<td>Gat 43</td>
</tr>
<tr>
<td>
<table style="font-family:Arial,Verdana,Times;font-size:12px;text-align:left;width:100%;border-spacing:0px; padding:3px 3px 3px 3px">
<tr>
<td>SHAPE</td>
<td>Polygon</td>
</tr>
<tr bgcolor="#D4E4F3">
<td>SHAPE_Length</td>
<td>1869.788157</td>
</tr>
<tr>
<td>SHAPE_Area</td>
<td>191359.205056</td>
</tr>
<tr bgcolor="#D4E4F3">
<td>Gat_name</td>
<td>Gat 43</td>
</tr>
</table>
</td>
</tr>
</table>
</body>
</html>
]]></description>
      <styleUrl>#PolyStyle00</styleUrl>
      <MultiGeometry>
        <Polygon>
          <extrude>0</extrude><altitudeMode>clampToGround</altitudeMode>
          <outerBoundaryIs><LinearRing><coordinates> 74.50066449370875,18.16533619711645,0 74.5008130138802,18.16804652969553,0 74.49962755242746,18.16816441298414,0 74.49898993527376,18.16820764127466,0 74.49769562686416,18.16829538562613,0 74.49705746020273,18.16801181998504,0 74.49635932932054,18.16796786142227,0 74.49525888685911,18.16833501511184,0 74.49506544356177,18.16708691756339,0 74.49477836333865,18.16525763342026,0 74.49567466908886,18.16526790064918,0 74.49831737598325,18.16530119584586,0 74.49907204568582,18.16531537976665,0 74.49977944974933,18.16533406531068,0 74.50066449370875,18.16533619711645,0</coordinates></LinearRing></outerBoundaryIs>
        </Polygon>
      </MultiGeometry>
    </Placemark>
    <Placemark id="ID_00074">
      <name>Gat 42</name>
      <Snippet></Snippet>
      <description><![CDATA[<html xmlns:fo="http://www.w3.org/1999/XSL/Format" xmlns:msxsl="urn:schemas-microsoft-com:xslt">
<head>
<META http-equiv="Content-Type" content="text/html">
<meta http-equiv="content-type" content="text/html; charset=UTF-8">
</head>
<body style="margin:0px 0px 0px 0px;overflow:auto;background:#FFFFFF;">
<table style="font-family:Arial,Verdana,Times;font-size:12px;text-align:left;width:100%;border-collapse:collapse;padding:3px 3px 3px 3px">
<tr style="text-align:center;font-weight:bold;background:#9CBCE2">
<td>Gat 42</td>
</tr>
<tr>
<td>
<table style="font-family:Arial,Verdana,Times;font-size:12px;text-align:left;width:100%;border-spacing:0px; padding:3px 3px 3px 3px">
<tr>
<td>SHAPE</td>
<td>Polygon</td>
</tr>
<tr bgcolor="#D4E4F3">
<td>SHAPE_Length</td>
<td>523.962348</td>
</tr>
<tr>
<td>SHAPE_Area</td>
<td>15007.367338</td>
</tr>
<tr bgcolor="#D4E4F3">
<td>Gat_name</td>
<td>Gat 42</td>
</tr>
</table>
</td>
</tr>
</table>
</body>
</html>
]]></description>
      <styleUrl>#PolyStyle00</styleUrl>
      <MultiGeometry>
        <Polygon>
          <extrude>0</extrude><altitudeMode>clampToGround</altitudeMode>
          <outerBoundaryIs><LinearRing><coordinates> 74.4947803636491,18.16524755114181,0 74.4947220509622,18.1645655903943,0 74.49510647954797,18.16453340666054,0 74.49642797899122,18.1644414770935,0 74.49642140512177,18.16524862377027,0 74.49642127430313,18.16527645024395,0 74.49578749237773,18.16526932274687,0 74.49477836333865,18.16525763342026,0 74.4947803636491,18.16524755114181,0</coordinates></LinearRing></outerBoundaryIs>
        </Polygon>
      </MultiGeometry>
    </Placemark>
    <Placemark id="ID_00075">
      <name>Gat 41</name>
      <Snippet></Snippet>
      <description><![CDATA[<html xmlns:fo="http://www.w3.org/1999/XSL/Format" xmlns:msxsl="urn:schemas-microsoft-com:xslt">
<head>
<META http-equiv="Content-Type" content="text/html">
<meta http-equiv="content-type" content="text/html; charset=UTF-8">
</head>
<body style="margin:0px 0px 0px 0px;overflow:auto;background:#FFFFFF;">
<table style="font-family:Arial,Verdana,Times;font-size:12px;text-align:left;width:100%;border-collapse:collapse;padding:3px 3px 3px 3px">
<tr style="text-align:center;font-weight:bold;background:#9CBCE2">
<td>Gat 41</td>
</tr>
<tr>
<td>
<table style="font-family:Arial,Verdana,Times;font-size:12px;text-align:left;width:100%;border-spacing:0px; padding:3px 3px 3px 3px">
<tr>
<td>SHAPE</td>
<td>Polygon</td>
</tr>
<tr bgcolor="#D4E4F3">
<td>SHAPE_Length</td>
<td>1289.031996</td>
</tr>
<tr>
<td>SHAPE_Area</td>
<td>65752.814306</td>
</tr>
<tr bgcolor="#D4E4F3">
<td>Gat_name</td>
<td>Gat 41</td>
</tr>
</table>
</td>
</tr>
</table>
</body>
</html>
]]></description>
      <styleUrl>#PolyStyle00</styleUrl>
      <MultiGeometry>
        <Polygon>
          <extrude>0</extrude><altitudeMode>clampToGround</altitudeMode>
          <outerBoundaryIs><LinearRing><coordinates> 74.4947220509622,18.1645655903943,0 74.49469195261784,18.16421359176437,0 74.49467284538393,18.16399014342305,0 74.49466069087028,18.16384798847252,0 74.49472281917649,18.16384479406942,0 74.4948933140478,18.16383407175601,0 74.4951087636104,18.16382052270454,0 74.49560146011416,18.16378953780014,0 74.49600393599557,18.16376422522558,0 74.49611303235925,18.16375736377043,0 74.49651076507281,18.16373555356147,0 74.49649953815094,18.16301415709217,0 74.49832210335127,18.16297314728894,0 74.49834719326921,18.16297176844801,0 74.49836736417629,18.16463598338431,0 74.49837544792078,18.16530290104722,0 74.4979754323336,18.16529688948594,0 74.49642127430313,18.16527645024395,0 74.49642797899122,18.1644414770935,0 74.49541049234308,18.16451225915477,0 74.4947220509622,18.1645655903943,0</coordinates></LinearRing></outerBoundaryIs>
        </Polygon>
      </MultiGeometry>
    </Placemark>
    <Placemark id="ID_00076">
      <name>Gat 40</name>
      <Snippet></Snippet>
      <description><![CDATA[<html xmlns:fo="http://www.w3.org/1999/XSL/Format" xmlns:msxsl="urn:schemas-microsoft-com:xslt">
<head>
<META http-equiv="Content-Type" content="text/html">
<meta http-equiv="content-type" content="text/html; charset=UTF-8">
</head>
<body style="margin:0px 0px 0px 0px;overflow:auto;background:#FFFFFF;">
<table style="font-family:Arial,Verdana,Times;font-size:12px;text-align:left;width:100%;border-collapse:collapse;padding:3px 3px 3px 3px">
<tr style="text-align:center;font-weight:bold;background:#9CBCE2">
<td>Gat 40</td>
</tr>
<tr>
<td>
<table style="font-family:Arial,Verdana,Times;font-size:12px;text-align:left;width:100%;border-spacing:0px; padding:3px 3px 3px 3px">
<tr>
<td>SHAPE</td>
<td>Polygon</td>
</tr>
<tr bgcolor="#D4E4F3">
<td>SHAPE_Length</td>
<td>563.651901</td>
</tr>
<tr>
<td>SHAPE_Area</td>
<td>16468.743572</td>
</tr>
<tr bgcolor="#D4E4F3">
<td>Gat_name</td>
<td>Gat 40</td>
</tr>
</table>
</td>
</tr>
</table>
</body>
</html>
]]></description>
      <styleUrl>#PolyStyle00</styleUrl>
      <MultiGeometry>
        <Polygon>
          <extrude>0</extrude><altitudeMode>clampToGround</altitudeMode>
          <outerBoundaryIs><LinearRing><coordinates> 74.49649953815094,18.16301415709217,0 74.49651076507281,18.16373555356147,0 74.49611303235925,18.16375736377043,0 74.4950417301322,18.16382473831998,0 74.49466069087028,18.16384798847252,0 74.4946524393681,18.16375148759954,0 74.49461968770972,18.16336846194874,0 74.49461280554114,18.16328797584418,0 74.49460497391324,18.16319639013879,0 74.49459440034973,18.1630719695714,0 74.49477833741926,18.16306638835774,0 74.49547641318466,18.16304520654576,0 74.49649953815094,18.16301415709217,0</coordinates></LinearRing></outerBoundaryIs>
        </Polygon>
      </MultiGeometry>
    </Placemark>
    <Placemark id="ID_00077">
      <name>Gat 44</name>
      <Snippet></Snippet>
      <description><![CDATA[<html xmlns:fo="http://www.w3.org/1999/XSL/Format" xmlns:msxsl="urn:schemas-microsoft-com:xslt">
<head>
<META http-equiv="Content-Type" content="text/html">
<meta http-equiv="content-type" content="text/html; charset=UTF-8">
</head>
<body style="margin:0px 0px 0px 0px;overflow:auto;background:#FFFFFF;">
<table style="font-family:Arial,Verdana,Times;font-size:12px;text-align:left;width:100%;border-collapse:collapse;padding:3px 3px 3px 3px">
<tr style="text-align:center;font-weight:bold;background:#9CBCE2">
<td>Gat 44</td>
</tr>
<tr>
<td>
<table style="font-family:Arial,Verdana,Times;font-size:12px;text-align:left;width:100%;border-spacing:0px; padding:3px 3px 3px 3px">
<tr>
<td>SHAPE</td>
<td>Polygon</td>
</tr>
<tr bgcolor="#D4E4F3">
<td>SHAPE_Length</td>
<td>649.265932</td>
</tr>
<tr>
<td>SHAPE_Area</td>
<td>17113.943597</td>
</tr>
<tr bgcolor="#D4E4F3">
<td>Gat_name</td>
<td>Gat 44</td>
</tr>
</table>
</td>
</tr>
</table>
</body>
</html>
]]></description>
      <styleUrl>#PolyStyle00</styleUrl>
      <MultiGeometry>
        <Polygon>
          <extrude>0</extrude><altitudeMode>clampToGround</altitudeMode>
          <outerBoundaryIs><LinearRing><coordinates> 74.49834719326921,18.16297176844801,0 74.4989064680408,18.16298468187745,0 74.49892729539174,18.16327784791518,0 74.49901260414202,18.16447867570982,0 74.49907204568582,18.16531537976665,0 74.49837544792078,18.16530290104722,0 74.49835686778174,18.16376998296375,0 74.49834719326921,18.16297176844801,0</coordinates></LinearRing></outerBoundaryIs>
        </Polygon>
      </MultiGeometry>
    </Placemark>
    <Placemark id="ID_00078">
      <name>Gat 45</name>
      <Snippet></Snippet>
      <description><![CDATA[<html xmlns:fo="http://www.w3.org/1999/XSL/Format" xmlns:msxsl="urn:schemas-microsoft-com:xslt">
<head>
<META http-equiv="Content-Type" content="text/html">
<meta http-equiv="content-type" content="text/html; charset=UTF-8">
</head>
<body style="margin:0px 0px 0px 0px;overflow:auto;background:#FFFFFF;">
<table style="font-family:Arial,Verdana,Times;font-size:12px;text-align:left;width:100%;border-collapse:collapse;padding:3px 3px 3px 3px">
<tr style="text-align:center;font-weight:bold;background:#9CBCE2">
<td>Gat 45</td>
</tr>
<tr>
<td>
<table style="font-family:Arial,Verdana,Times;font-size:12px;text-align:left;width:100%;border-spacing:0px; padding:3px 3px 3px 3px">
<tr>
<td>SHAPE</td>
<td>Polygon</td>
</tr>
<tr bgcolor="#D4E4F3">
<td>SHAPE_Length</td>
<td>648.151726</td>
</tr>
<tr>
<td>SHAPE_Area</td>
<td>16649.159152</td>
</tr>
<tr bgcolor="#D4E4F3">
<td>Gat_name</td>
<td>Gat 45</td>
</tr>
</table>
</td>
</tr>
</table>
</body>
</html>
]]></description>
      <styleUrl>#PolyStyle00</styleUrl>
      <MultiGeometry>
        <Polygon>
          <extrude>0</extrude><altitudeMode>clampToGround</altitudeMode>
          <outerBoundaryIs><LinearRing><coordinates> 74.4989064680408,18.16298468187745,0 74.49929975138284,18.16300532207974,0 74.49942452410818,18.16300901550949,0 74.49953425275494,18.16371668187475,0 74.49963936084386,18.16440074368942,0 74.49973204330549,18.16502669989832,0 74.49977944974933,18.16533406531068,0 74.49938144931831,18.16532355275548,0 74.49907204568582,18.16531537976665,0 74.4990005046344,18.16430836348047,0 74.49896094300415,18.16375148700887,0 74.4989064680408,18.16298468187745,0</coordinates></LinearRing></outerBoundaryIs>
        </Polygon>
      </MultiGeometry>
    </Placemark>
    <Placemark id="ID_00079">
      <name>Gat 46</name>
      <Snippet></Snippet>
      <description><![CDATA[<html xmlns:fo="http://www.w3.org/1999/XSL/Format" xmlns:msxsl="urn:schemas-microsoft-com:xslt">
<head>
<META http-equiv="Content-Type" content="text/html">
<meta http-equiv="content-type" content="text/html; charset=UTF-8">
</head>
<body style="margin:0px 0px 0px 0px;overflow:auto;background:#FFFFFF;">
<table style="font-family:Arial,Verdana,Times;font-size:12px;text-align:left;width:100%;border-collapse:collapse;padding:3px 3px 3px 3px">
<tr style="text-align:center;font-weight:bold;background:#9CBCE2">
<td>Gat 46</td>
</tr>
<tr>
<td>
<table style="font-family:Arial,Verdana,Times;font-size:12px;text-align:left;width:100%;border-spacing:0px; padding:3px 3px 3px 3px">
<tr>
<td>SHAPE</td>
<td>Polygon</td>
</tr>
<tr bgcolor="#D4E4F3">
<td>SHAPE_Length</td>
<td>1013.62076</td>
</tr>
<tr>
<td>SHAPE_Area</td>
<td>59341.220511</td>
</tr>
<tr bgcolor="#D4E4F3">
<td>Gat_name</td>
<td>Gat 46</td>
</tr>
</table>
</td>
</tr>
</table>
</body>
</html>
]]></description>
      <styleUrl>#PolyStyle00</styleUrl>
      <MultiGeometry>
        <Polygon>
          <extrude>0</extrude><altitudeMode>clampToGround</altitudeMode>
          <outerBoundaryIs><LinearRing><coordinates> 74.49942452410818,18.16300901550949,0 74.49978590162827,18.1630191469803,0 74.50063580436162,18.16306249637054,0 74.50140629719151,18.16310747718365,0 74.50143816960504,18.16311085878012,0 74.50148770476432,18.16341862979808,0 74.50159043522076,18.16392527627086,0 74.50166511176417,18.163999076117,0 74.50170839599978,18.16404185136305,0 74.50177461152272,18.16408801660603,0 74.50187758493986,18.16416290559403,0 74.502067825433,18.16466745299168,0 74.50227215098693,18.1651826104652,0 74.50234538313013,18.16531734191817,0 74.50066449370875,18.16533619711645,0 74.49977944974933,18.16533406531068,0 74.49953967564171,18.16375197663144,0 74.49942452410818,18.16300901550949,0</coordinates></LinearRing></outerBoundaryIs>
        </Polygon>
      </MultiGeometry>
    </Placemark>
    <Placemark id="ID_00080">
      <name>Gat 32</name>
      <Snippet></Snippet>
      <description><![CDATA[<html xmlns:fo="http://www.w3.org/1999/XSL/Format" xmlns:msxsl="urn:schemas-microsoft-com:xslt">
<head>
<META http-equiv="Content-Type" content="text/html">
<meta http-equiv="content-type" content="text/html; charset=UTF-8">
</head>
<body style="margin:0px 0px 0px 0px;overflow:auto;background:#FFFFFF;">
<table style="font-family:Arial,Verdana,Times;font-size:12px;text-align:left;width:100%;border-collapse:collapse;padding:3px 3px 3px 3px">
<tr style="text-align:center;font-weight:bold;background:#9CBCE2">
<td>Gat 32</td>
</tr>
<tr>
<td>
<table style="font-family:Arial,Verdana,Times;font-size:12px;text-align:left;width:100%;border-spacing:0px; padding:3px 3px 3px 3px">
<tr>
<td>SHAPE</td>
<td>Polygon</td>
</tr>
<tr bgcolor="#D4E4F3">
<td>SHAPE_Length</td>
<td>1606.441159</td>
</tr>
<tr>
<td>SHAPE_Area</td>
<td>156099.108599</td>
</tr>
<tr bgcolor="#D4E4F3">
<td>Gat_name</td>
<td>Gat 32</td>
</tr>
</table>
</td>
</tr>
</table>
</body>
</html>
]]></description>
      <styleUrl>#PolyStyle00</styleUrl>
      <MultiGeometry>
        <Polygon>
          <extrude>0</extrude><altitudeMode>clampToGround</altitudeMode>
          <outerBoundaryIs><LinearRing><coordinates> 74.50143816960504,18.16311085878012,0 74.50130914377998,18.16209955699713,0 74.50129464528914,18.16198591812577,0 74.50116702689213,18.1613009896213,0 74.50105028934416,18.1606744489706,0 74.50107734490426,18.16066260952078,0 74.50159305623696,18.16054868621215,0 74.50249240395925,18.16035001073051,0 74.50414376266484,18.16035973157716,0 74.50428857105857,18.16129936165133,0 74.50431400256183,18.16508043065373,0 74.50358836485285,18.1651702636315,0 74.50271865240681,18.16527697246291,0 74.50234538313013,18.16531734191817,0 74.50227215098693,18.1651826104652,0 74.50187758493986,18.16416290559403,0 74.50170839599978,18.16404185136305,0 74.50159043522076,18.16392527627086,0 74.50150390182375,18.1634985090088,0 74.50143816960504,18.16311085878012,0</coordinates></LinearRing></outerBoundaryIs>
        </Polygon>
      </MultiGeometry>
    </Placemark>
    <Placemark id="ID_00081">
      <name>Gat 31</name>
      <Snippet></Snippet>
      <description><![CDATA[<html xmlns:fo="http://www.w3.org/1999/XSL/Format" xmlns:msxsl="urn:schemas-microsoft-com:xslt">
<head>
<META http-equiv="Content-Type" content="text/html">
<meta http-equiv="content-type" content="text/html; charset=UTF-8">
</head>
<body style="margin:0px 0px 0px 0px;overflow:auto;background:#FFFFFF;">
<table style="font-family:Arial,Verdana,Times;font-size:12px;text-align:left;width:100%;border-collapse:collapse;padding:3px 3px 3px 3px">
<tr style="text-align:center;font-weight:bold;background:#9CBCE2">
<td>Gat 31</td>
</tr>
<tr>
<td>
<table style="font-family:Arial,Verdana,Times;font-size:12px;text-align:left;width:100%;border-spacing:0px; padding:3px 3px 3px 3px">
<tr>
<td>SHAPE</td>
<td>Polygon</td>
</tr>
<tr bgcolor="#D4E4F3">
<td>SHAPE_Length</td>
<td>1441.701298</td>
</tr>
<tr>
<td>SHAPE_Area</td>
<td>124759.107341</td>
</tr>
<tr bgcolor="#D4E4F3">
<td>Gat_name</td>
<td>Gat 31</td>
</tr>
</table>
</td>
</tr>
</table>
</body>
</html>
]]></description>
      <styleUrl>#PolyStyle00</styleUrl>
      <MultiGeometry>
        <Polygon>
          <extrude>0</extrude><altitudeMode>clampToGround</altitudeMode>
          <outerBoundaryIs><LinearRing><coordinates> 74.50429751626625,18.161330440017,0 74.50689321763004,18.16108995235169,0 74.50707995836115,18.16353095751441,0 74.5071981800067,18.16509315448589,0 74.50664308473276,18.16510048700302,0 74.50655423979846,18.16510166081223,0 74.50566582696391,18.16509168333667,0 74.50565618333938,18.16509160250267,0 74.50525070007619,18.16508822847277,0 74.50507495919098,18.16508676565495,0 74.50478349859945,18.16508434031944,0 74.50454533890549,18.16508235740534,0 74.50446830337081,18.16508171598566,0 74.5043055489493,18.16508147717371,0 74.50431400256183,18.16508043065373,0 74.50430665173884,18.163987569916,0 74.50429751626625,18.161330440017,0</coordinates></LinearRing></outerBoundaryIs>
        </Polygon>
      </MultiGeometry>
    </Placemark>
    <Placemark id="ID_00082">
      <name>Gat 30</name>
      <Snippet></Snippet>
      <description><![CDATA[<html xmlns:fo="http://www.w3.org/1999/XSL/Format" xmlns:msxsl="urn:schemas-microsoft-com:xslt">
<head>
<META http-equiv="Content-Type" content="text/html">
<meta http-equiv="content-type" content="text/html; charset=UTF-8">
</head>
<body style="margin:0px 0px 0px 0px;overflow:auto;background:#FFFFFF;">
<table style="font-family:Arial,Verdana,Times;font-size:12px;text-align:left;width:100%;border-collapse:collapse;padding:3px 3px 3px 3px">
<tr style="text-align:center;font-weight:bold;background:#9CBCE2">
<td>Gat 30</td>
</tr>
<tr>
<td>
<table style="font-family:Arial,Verdana,Times;font-size:12px;text-align:left;width:100%;border-spacing:0px; padding:3px 3px 3px 3px">
<tr>
<td>SHAPE</td>
<td>Polygon</td>
</tr>
<tr bgcolor="#D4E4F3">
<td>SHAPE_Length</td>
<td>1809.627957</td>
</tr>
<tr>
<td>SHAPE_Area</td>
<td>195356.435138</td>
</tr>
<tr bgcolor="#D4E4F3">
<td>Gat_name</td>
<td>Gat 30</td>
</tr>
</table>
</td>
</tr>
</table>
</body>
</html>
]]></description>
      <styleUrl>#PolyStyle00</styleUrl>
      <MultiGeometry>
        <Polygon>
          <extrude>0</extrude><altitudeMode>clampToGround</altitudeMode>
          <outerBoundaryIs><LinearRing><coordinates> 74.50940882111165,18.15820450407307,0 74.50952207810832,18.15879159777134,0 74.50955675729705,18.15897136517762,0 74.50970855542919,18.16078415613676,0 74.50964302800109,18.16079092316881,0 74.50931446002915,18.16082525362302,0 74.50805746753549,18.16095506187958,0 74.5075746651173,18.16100326694522,0 74.50704992165947,18.16105871315456,0 74.50689321763004,18.16108995235169,0 74.50440331293825,18.16132063873537,0 74.50428864828615,18.16131086297836,0 74.50428857105857,18.16129936165133,0 74.50417110278043,18.16053713637627,0 74.50414376266484,18.16035973157716,0 74.50418859202212,18.15884104095957,0 74.50425650094141,18.15772599221354,0 74.50482355351087,18.15779580643159,0 74.50718481881843,18.15800556160989,0 74.50940882111165,18.15820450407307,0</coordinates></LinearRing></outerBoundaryIs>
        </Polygon>
      </MultiGeometry>
    </Placemark>
    <Placemark id="ID_00083">
      <name>Gat 29</name>
      <Snippet></Snippet>
      <description><![CDATA[<html xmlns:fo="http://www.w3.org/1999/XSL/Format" xmlns:msxsl="urn:schemas-microsoft-com:xslt">
<head>
<META http-equiv="Content-Type" content="text/html">
<meta http-equiv="content-type" content="text/html; charset=UTF-8">
</head>
<body style="margin:0px 0px 0px 0px;overflow:auto;background:#FFFFFF;">
<table style="font-family:Arial,Verdana,Times;font-size:12px;text-align:left;width:100%;border-collapse:collapse;padding:3px 3px 3px 3px">
<tr style="text-align:center;font-weight:bold;background:#9CBCE2">
<td>Gat 29</td>
</tr>
<tr>
<td>
<table style="font-family:Arial,Verdana,Times;font-size:12px;text-align:left;width:100%;border-spacing:0px; padding:3px 3px 3px 3px">
<tr>
<td>SHAPE</td>
<td>Polygon</td>
</tr>
<tr bgcolor="#D4E4F3">
<td>SHAPE_Length</td>
<td>1686.750499</td>
</tr>
<tr>
<td>SHAPE_Area</td>
<td>173240.011036</td>
</tr>
<tr bgcolor="#D4E4F3">
<td>Gat_name</td>
<td>Gat 29</td>
</tr>
</table>
</td>
</tr>
</table>
</body>
</html>
]]></description>
      <styleUrl>#PolyStyle00</styleUrl>
      <MultiGeometry>
        <Polygon>
          <extrude>0</extrude><altitudeMode>clampToGround</altitudeMode>
          <outerBoundaryIs><LinearRing><coordinates> 74.50425650094141,18.15772599221354,0 74.50421795297677,18.15637579451377,0 74.5042002615958,18.15554974875293,0 74.5052126240012,18.15500956174886,0 74.50567211383911,18.15498572541513,0 74.5091943241576,18.15500742335946,0 74.50940882111165,18.15820450407307,0 74.50554068725755,18.15785951366845,0 74.50482355351087,18.15779580643159,0 74.50425650094141,18.15772599221354,0</coordinates></LinearRing></outerBoundaryIs>
        </Polygon>
      </MultiGeometry>
    </Placemark>
    <Placemark id="ID_00084">
      <name>Gat 24</name>
      <Snippet></Snippet>
      <description><![CDATA[<html xmlns:fo="http://www.w3.org/1999/XSL/Format" xmlns:msxsl="urn:schemas-microsoft-com:xslt">
<head>
<META http-equiv="Content-Type" content="text/html">
<meta http-equiv="content-type" content="text/html; charset=UTF-8">
</head>
<body style="margin:0px 0px 0px 0px;overflow:auto;background:#FFFFFF;">
<table style="font-family:Arial,Verdana,Times;font-size:12px;text-align:left;width:100%;border-collapse:collapse;padding:3px 3px 3px 3px">
<tr style="text-align:center;font-weight:bold;background:#9CBCE2">
<td>Gat 24</td>
</tr>
<tr>
<td>
<table style="font-family:Arial,Verdana,Times;font-size:12px;text-align:left;width:100%;border-spacing:0px; padding:3px 3px 3px 3px">
<tr>
<td>SHAPE</td>
<td>Polygon</td>
</tr>
<tr bgcolor="#D4E4F3">
<td>SHAPE_Length</td>
<td>1548.180569</td>
</tr>
<tr>
<td>SHAPE_Area</td>
<td>141710.062075</td>
</tr>
<tr bgcolor="#D4E4F3">
<td>Gat_name</td>
<td>Gat 24</td>
</tr>
</table>
</td>
</tr>
</table>
</body>
</html>
]]></description>
      <styleUrl>#PolyStyle00</styleUrl>
      <MultiGeometry>
        <Polygon>
          <extrude>0</extrude><altitudeMode>clampToGround</altitudeMode>
          <outerBoundaryIs><LinearRing><coordinates> 74.50886116424061,18.15209130826133,0 74.50892047818888,18.15261048354179,0 74.5091943241576,18.15500742335946,0 74.50775043193077,18.15499853651693,0 74.50570202220666,18.15498372077645,0 74.50551906166045,18.15375954027549,0 74.50516435098307,18.15350815996493,0 74.50511951732683,18.15291681107882,0 74.50536503072193,18.15228243592624,0 74.50511210457543,18.15120815462569,0 74.50654968232264,18.15155073662732,0 74.50778112853534,18.15183873116971,0 74.50886116424061,18.15209130826133,0</coordinates></LinearRing></outerBoundaryIs>
        </Polygon>
      </MultiGeometry>
    </Placemark>
    <Placemark id="ID_00085">
      <name>Gat 23</name>
      <Snippet></Snippet>
      <description><![CDATA[<html xmlns:fo="http://www.w3.org/1999/XSL/Format" xmlns:msxsl="urn:schemas-microsoft-com:xslt">
<head>
<META http-equiv="Content-Type" content="text/html">
<meta http-equiv="content-type" content="text/html; charset=UTF-8">
</head>
<body style="margin:0px 0px 0px 0px;overflow:auto;background:#FFFFFF;">
<table style="font-family:Arial,Verdana,Times;font-size:12px;text-align:left;width:100%;border-collapse:collapse;padding:3px 3px 3px 3px">
<tr style="text-align:center;font-weight:bold;background:#9CBCE2">
<td>Gat 23</td>
</tr>
<tr>
<td>
<table style="font-family:Arial,Verdana,Times;font-size:12px;text-align:left;width:100%;border-spacing:0px; padding:3px 3px 3px 3px">
<tr>
<td>SHAPE</td>
<td>Polygon</td>
</tr>
<tr bgcolor="#D4E4F3">
<td>SHAPE_Length</td>
<td>1144.71004</td>
</tr>
<tr>
<td>SHAPE_Area</td>
<td>68467.963074</td>
</tr>
<tr bgcolor="#D4E4F3">
<td>Gat_name</td>
<td>Gat 23</td>
</tr>
</table>
</td>
</tr>
</table>
</body>
</html>
]]></description>
      <styleUrl>#PolyStyle00</styleUrl>
      <MultiGeometry>
        <Polygon>
          <extrude>0</extrude><altitudeMode>clampToGround</altitudeMode>
          <outerBoundaryIs><LinearRing><coordinates> 74.50511210457543,18.15120815462569,0 74.50487000265727,18.15030331239196,0 74.50841224804184,18.1498516083759,0 74.50875617901208,18.15070794537237,0 74.50886116424061,18.15209130826133,0 74.50511210457543,18.15120815462569,0</coordinates></LinearRing></outerBoundaryIs>
        </Polygon>
      </MultiGeometry>
    </Placemark>
    <Placemark id="ID_00086">
      <name>Gat 22</name>
      <Snippet></Snippet>
      <description><![CDATA[<html xmlns:fo="http://www.w3.org/1999/XSL/Format" xmlns:msxsl="urn:schemas-microsoft-com:xslt">
<head>
<META http-equiv="Content-Type" content="text/html">
<meta http-equiv="content-type" content="text/html; charset=UTF-8">
</head>
<body style="margin:0px 0px 0px 0px;overflow:auto;background:#FFFFFF;">
<table style="font-family:Arial,Verdana,Times;font-size:12px;text-align:left;width:100%;border-collapse:collapse;padding:3px 3px 3px 3px">
<tr style="text-align:center;font-weight:bold;background:#9CBCE2">
<td>Gat 22</td>
</tr>
<tr>
<td>
<table style="font-family:Arial,Verdana,Times;font-size:12px;text-align:left;width:100%;border-spacing:0px; padding:3px 3px 3px 3px">
<tr>
<td>SHAPE</td>
<td>Polygon</td>
</tr>
<tr bgcolor="#D4E4F3">
<td>SHAPE_Length</td>
<td>1126.456801</td>
</tr>
<tr>
<td>SHAPE_Area</td>
<td>63318.135299</td>
</tr>
<tr bgcolor="#D4E4F3">
<td>Gat_name</td>
<td>Gat 22</td>
</tr>
</table>
</td>
</tr>
</table>
</body>
</html>
]]></description>
      <styleUrl>#PolyStyle00</styleUrl>
      <MultiGeometry>
        <Polygon>
          <extrude>0</extrude><altitudeMode>clampToGround</altitudeMode>
          <outerBoundaryIs><LinearRing><coordinates> 74.50487000265727,18.15030331239196,0 74.50567094293193,18.14944148028766,0 74.505795862089,18.149072516415,0 74.50579230463667,18.14838087225528,0 74.50570738020411,18.14797269920316,0 74.50768681782814,18.14775224325789,0 74.50841224804184,18.1498516083759,0 74.50593176225361,18.15016792440387,0 74.50487000265727,18.15030331239196,0</coordinates></LinearRing></outerBoundaryIs>
        </Polygon>
      </MultiGeometry>
    </Placemark>
    <Placemark id="ID_00087">
      <name>Gat 2</name>
      <Snippet></Snippet>
      <description><![CDATA[<html xmlns:fo="http://www.w3.org/1999/XSL/Format" xmlns:msxsl="urn:schemas-microsoft-com:xslt">
<head>
<META http-equiv="Content-Type" content="text/html">
<meta http-equiv="content-type" content="text/html; charset=UTF-8">
</head>
<body style="margin:0px 0px 0px 0px;overflow:auto;background:#FFFFFF;">
<table style="font-family:Arial,Verdana,Times;font-size:12px;text-align:left;width:100%;border-collapse:collapse;padding:3px 3px 3px 3px">
<tr style="text-align:center;font-weight:bold;background:#9CBCE2">
<td>Gat 2</td>
</tr>
<tr>
<td>
<table style="font-family:Arial,Verdana,Times;font-size:12px;text-align:left;width:100%;border-spacing:0px; padding:3px 3px 3px 3px">
<tr>
<td>SHAPE</td>
<td>Polygon</td>
</tr>
<tr bgcolor="#D4E4F3">
<td>SHAPE_Length</td>
<td>2048.537892</td>
</tr>
<tr>
<td>SHAPE_Area</td>
<td>209046.274432</td>
</tr>
<tr bgcolor="#D4E4F3">
<td>Gat_name</td>
<td>Gat 2</td>
</tr>
</table>
</td>
</tr>
</table>
</body>
</html>
]]></description>
      <styleUrl>#PolyStyle00</styleUrl>
      <MultiGeometry>
        <Polygon>
          <extrude>0</extrude><altitudeMode>clampToGround</altitudeMode>
          <outerBoundaryIs><LinearRing><coordinates> 74.50722433477151,18.14780251037582,0 74.5071742118996,18.14741677403256,0 74.50712997661543,18.14708651404299,0 74.50699130111428,18.14599170399073,0 74.50682729812684,18.14482669577422,0 74.50682148665196,18.14478331001723,0 74.50688300192425,18.14480277242235,0 74.50709321730885,18.14486928014705,0 74.50732882183448,18.14494382075478,0 74.50780561274524,18.14509466700264,0 74.50832482918739,18.14525893380805,0 74.50936855045636,18.14459655266714,0 74.50980361725466,18.14455314719566,0 74.51055773478133,18.14631456452736,0 74.51086914388124,18.14707917674085,0 74.5109023034131,18.14708924918566,0 74.51078870986451,18.14716217191749,0 74.5109373807357,18.15079449791846,0 74.51075613239334,18.15078368196664,0 74.51040411095931,18.1507626754459,0 74.51041645207496,18.15084658525193,0 74.51040557062998,18.15077660526703,0 74.51000359156097,18.15075864599961,0 74.50996208331108,18.15075679137503,0 74.50996202371873,18.15075578526818,0 74.50941123582169,18.15073217998314,0 74.50893596466796,18.15071094321,0 74.50875433339868,18.15070158588057,0 74.50875450313332,18.15070377266165,0 74.50841224804184,18.1498516083759,0 74.50768681782814,18.14775224325789,0 74.50722433477151,18.14780251037582,0</coordinates></LinearRing></outerBoundaryIs>
        </Polygon>
      </MultiGeometry>
    </Placemark>
    <Placemark id="ID_00088">
      <name>Gat 1</name>
      <Snippet></Snippet>
      <description><![CDATA[<html xmlns:fo="http://www.w3.org/1999/XSL/Format" xmlns:msxsl="urn:schemas-microsoft-com:xslt">
<head>
<META http-equiv="Content-Type" content="text/html">
<meta http-equiv="content-type" content="text/html; charset=UTF-8">
</head>
<body style="margin:0px 0px 0px 0px;overflow:auto;background:#FFFFFF;">
<table style="font-family:Arial,Verdana,Times;font-size:12px;text-align:left;width:100%;border-collapse:collapse;padding:3px 3px 3px 3px">
<tr style="text-align:center;font-weight:bold;background:#9CBCE2">
<td>Gat 1</td>
</tr>
<tr>
<td>
<table style="font-family:Arial,Verdana,Times;font-size:12px;text-align:left;width:100%;border-spacing:0px; padding:3px 3px 3px 3px">
<tr>
<td>SHAPE</td>
<td>Polygon</td>
</tr>
<tr bgcolor="#D4E4F3">
<td>SHAPE_Length</td>
<td>829.037211</td>
</tr>
<tr>
<td>SHAPE_Area</td>
<td>38143.778819</td>
</tr>
<tr bgcolor="#D4E4F3">
<td>Gat_name</td>
<td>Gat 1</td>
</tr>
</table>
</td>
</tr>
</table>
</body>
</html>
]]></description>
      <styleUrl>#PolyStyle00</styleUrl>
      <MultiGeometry>
        <Polygon>
          <extrude>0</extrude><altitudeMode>clampToGround</altitudeMode>
          <outerBoundaryIs><LinearRing><coordinates> 74.51032295555792,18.14576618596526,0 74.51073023312985,18.14571526565804,0 74.51149809347137,18.14562172392767,0 74.51211081170338,18.14517963018714,0 74.51234256992271,18.14505586142858,0 74.51261631871266,18.14602466778193,0 74.51289106581029,18.14700988064087,0 74.51253717085432,18.14702379446291,0 74.51141839238169,18.14706043409794,0 74.5109023034131,18.14708924918566,0 74.51086914388124,18.14707917674085,0 74.51060838135211,18.14643891846739,0 74.51032295555792,18.14576618596526,0</coordinates></LinearRing></outerBoundaryIs>
        </Polygon>
      </MultiGeometry>
    </Placemark>
    <Placemark id="ID_00089">
      <name>Gat 69</name>
      <Snippet></Snippet>
      <description><![CDATA[<html xmlns:fo="http://www.w3.org/1999/XSL/Format" xmlns:msxsl="urn:schemas-microsoft-com:xslt">
<head>
<META http-equiv="Content-Type" content="text/html">
<meta http-equiv="content-type" content="text/html; charset=UTF-8">
</head>
<body style="margin:0px 0px 0px 0px;overflow:auto;background:#FFFFFF;">
<table style="font-family:Arial,Verdana,Times;font-size:12px;text-align:left;width:100%;border-collapse:collapse;padding:3px 3px 3px 3px">
<tr style="text-align:center;font-weight:bold;background:#9CBCE2">
<td>Gat 69</td>
</tr>
<tr>
<td>
<table style="font-family:Arial,Verdana,Times;font-size:12px;text-align:left;width:100%;border-spacing:0px; padding:3px 3px 3px 3px">
<tr>
<td>SHAPE</td>
<td>Polygon</td>
</tr>
<tr bgcolor="#D4E4F3">
<td>SHAPE_Length</td>
<td>1460.370592</td>
</tr>
<tr>
<td>SHAPE_Area</td>
<td>110701.299015</td>
</tr>
<tr bgcolor="#D4E4F3">
<td>Gat_name</td>
<td>Gat 69</td>
</tr>
</table>
</td>
</tr>
</table>
</body>
</html>
]]></description>
      <styleUrl>#PolyStyle00</styleUrl>
      <MultiGeometry>
        <Polygon>
          <extrude>0</extrude><altitudeMode>clampToGround</altitudeMode>
          <outerBoundaryIs><LinearRing><coordinates> 74.51234256992271,18.14505586142858,0 74.51242450281018,18.1449693552789,0 74.51261708468921,18.14476602542453,0 74.5127106360256,18.14465898567241,0 74.51274662858995,18.14434446834954,0 74.51275984367881,18.1442042599642,0 74.51235065698934,18.14383938737019,0 74.51229639183541,18.1437341794161,0 74.51205974158211,18.14327537061605,0 74.51380251903916,18.14321850304762,0 74.51393358408085,18.14321422642622,0 74.51458135273681,18.14308569805068,0 74.51458566920279,18.1431069533276,0 74.51463264208854,18.14333825468317,0 74.51463275961447,18.14333883071563,0 74.51469350284781,18.14363794094732,0 74.5148166362475,18.14421542634098,0 74.51486383876716,18.14444045205022,0 74.51490584500428,18.14468354203345,0 74.51503093103643,18.14540741462962,0 74.51504528252798,18.14548325633362,0 74.51514615052317,18.14601628769703,0 74.51532054891395,18.14693788372436,0 74.51536999430276,18.14721742726042,0 74.51428241855237,18.14712723000491,0 74.51399048459365,18.14711650287637,0 74.51398945984391,18.14711648763447,0 74.51398759801542,18.14710738684866,0 74.51394918745802,18.14710354166711,0 74.51364788094881,18.1470733744011,0 74.51359664232427,18.14706824402458,0 74.51359595034201,18.14705831829003,0 74.51351332452553,18.14704930254308,0 74.51337039091648,18.14703009276516,0 74.51315855537203,18.14700162242001,0 74.51315591848513,18.14700170341913,0 74.51315518606663,18.14699683176359,0 74.51292187944148,18.14700751289805,0 74.51290466444409,18.14700635942365,0 74.51289027575868,18.14700704696108,0 74.51261631871266,18.14602466778193,0 74.51234256992271,18.14505586142858,0</coordinates></LinearRing></outerBoundaryIs>
        </Polygon>
      </MultiGeometry>
    </Placemark>
    <Placemark id="ID_00090">
      <name>Gat 39/A</name>
      <Snippet></Snippet>
      <description><![CDATA[<html xmlns:fo="http://www.w3.org/1999/XSL/Format" xmlns:msxsl="urn:schemas-microsoft-com:xslt">
<head>
<META http-equiv="Content-Type" content="text/html">
<meta http-equiv="content-type" content="text/html; charset=UTF-8">
</head>
<body style="margin:0px 0px 0px 0px;overflow:auto;background:#FFFFFF;">
<table style="font-family:Arial,Verdana,Times;font-size:12px;text-align:left;width:100%;border-collapse:collapse;padding:3px 3px 3px 3px">
<tr style="text-align:center;font-weight:bold;background:#9CBCE2">
<td>Gat 39/A</td>
</tr>
<tr>
<td>
<table style="font-family:Arial,Verdana,Times;font-size:12px;text-align:left;width:100%;border-spacing:0px; padding:3px 3px 3px 3px">
<tr>
<td>SHAPE</td>
<td>Polygon</td>
</tr>
<tr bgcolor="#D4E4F3">
<td>SHAPE_Length</td>
<td>1357.344889</td>
</tr>
<tr>
<td>SHAPE_Area</td>
<td>120102.476183</td>
</tr>
<tr bgcolor="#D4E4F3">
<td>Gat_name</td>
<td>Gat 39/A</td>
</tr>
</table>
</td>
</tr>
</table>
</body>
</html>
]]></description>
      <styleUrl>#PolyStyle00</styleUrl>
      <MultiGeometry>
        <Polygon>
          <extrude>0</extrude><altitudeMode>clampToGround</altitudeMode>
          <outerBoundaryIs><LinearRing><coordinates> 74.49834719326921,18.16297176844801,0 74.49797660880454,18.16298092307539,0 74.4979604271046,18.16298128663882,0 74.49703563249891,18.16300209602463,0 74.49649953815094,18.16301415709217,0 74.49580004326786,18.16303538590194,0 74.49533854219402,18.16304939002557,0 74.49481052191416,18.16306541184138,0 74.49459440034973,18.1630719695714,0 74.49459442565524,18.1630625147748,0 74.49455295177241,18.16258798419074,0 74.49450969441003,18.16208208903842,0 74.49446694820907,18.16144525694049,0 74.49450477814443,18.16141126610054,0 74.49509968891809,18.16064407563346,0 74.49567838377112,18.15989996577779,0 74.49590058917023,18.15961324190145,0 74.49728815645071,18.16031661327503,0 74.49833296432681,18.1608436411308,0 74.49833437768736,18.1617898267778,0 74.49834719326921,18.16297176844801,0</coordinates></LinearRing></outerBoundaryIs>
        </Polygon>
      </MultiGeometry>
    </Placemark>
    <Placemark id="ID_00091">
      <name>Gat 34</name>
      <Snippet></Snippet>
      <description><![CDATA[<html xmlns:fo="http://www.w3.org/1999/XSL/Format" xmlns:msxsl="urn:schemas-microsoft-com:xslt">
<head>
<META http-equiv="Content-Type" content="text/html">
<meta http-equiv="content-type" content="text/html; charset=UTF-8">
</head>
<body style="margin:0px 0px 0px 0px;overflow:auto;background:#FFFFFF;">
<table style="font-family:Arial,Verdana,Times;font-size:12px;text-align:left;width:100%;border-collapse:collapse;padding:3px 3px 3px 3px">
<tr style="text-align:center;font-weight:bold;background:#9CBCE2">
<td>Gat 34</td>
</tr>
<tr>
<td>
<table style="font-family:Arial,Verdana,Times;font-size:12px;text-align:left;width:100%;border-spacing:0px; padding:3px 3px 3px 3px">
<tr>
<td>SHAPE</td>
<td>Polygon</td>
</tr>
<tr bgcolor="#D4E4F3">
<td>SHAPE_Length</td>
<td>828.069456</td>
</tr>
<tr>
<td>SHAPE_Area</td>
<td>41342.191097</td>
</tr>
<tr bgcolor="#D4E4F3">
<td>Gat_name</td>
<td>Gat 34</td>
</tr>
</table>
</td>
</tr>
</table>
</body>
</html>
]]></description>
      <styleUrl>#PolyStyle00</styleUrl>
      <MultiGeometry>
        <Polygon>
          <extrude>0</extrude><altitudeMode>clampToGround</altitudeMode>
          <outerBoundaryIs><LinearRing><coordinates> 74.49833296432681,18.1608436411308,0 74.49983958993272,18.16075710790127,0 74.49989540189995,18.1613779837578,0 74.49998986841945,18.16239154734621,0 74.50004910645069,18.163027130824,0 74.50004971015832,18.16303260322121,0 74.50001807857997,18.1630309898952,0 74.49978590162827,18.1630191469803,0 74.49951991851134,18.16301168970283,0 74.49938868460129,18.16300795420494,0 74.49929975138284,18.16300532207974,0 74.4989064680408,18.16298468187745,0 74.49834719326921,18.16297176844801,0 74.49834702479663,18.16295626748462,0 74.49833700389689,18.16203200064414,0 74.49833437768736,18.1617898267778,0 74.49833381353878,18.16141219724404,0 74.49833296432681,18.1608436411308,0</coordinates></LinearRing></outerBoundaryIs>
        </Polygon>
      </MultiGeometry>
    </Placemark>
    <Placemark id="ID_00092">
      <name>Gat 33</name>
      <Snippet></Snippet>
      <description><![CDATA[<html xmlns:fo="http://www.w3.org/1999/XSL/Format" xmlns:msxsl="urn:schemas-microsoft-com:xslt">
<head>
<META http-equiv="Content-Type" content="text/html">
<meta http-equiv="content-type" content="text/html; charset=UTF-8">
</head>
<body style="margin:0px 0px 0px 0px;overflow:auto;background:#FFFFFF;">
<table style="font-family:Arial,Verdana,Times;font-size:12px;text-align:left;width:100%;border-collapse:collapse;padding:3px 3px 3px 3px">
<tr style="text-align:center;font-weight:bold;background:#9CBCE2">
<td>Gat 33</td>
</tr>
<tr>
<td>
<table style="font-family:Arial,Verdana,Times;font-size:12px;text-align:left;width:100%;border-spacing:0px; padding:3px 3px 3px 3px">
<tr>
<td>SHAPE</td>
<td>Polygon</td>
</tr>
<tr bgcolor="#D4E4F3">
<td>SHAPE_Length</td>
<td>801.016761</td>
</tr>
<tr>
<td>SHAPE_Area</td>
<td>36330.517575</td>
</tr>
<tr bgcolor="#D4E4F3">
<td>Gat_name</td>
<td>Gat 33</td>
</tr>
</table>
</td>
</tr>
</table>
</body>
</html>
]]></description>
      <styleUrl>#PolyStyle00</styleUrl>
      <MultiGeometry>
        <Polygon>
          <extrude>0</extrude><altitudeMode>clampToGround</altitudeMode>
          <outerBoundaryIs><LinearRing><coordinates> 74.49983958993272,18.16075710790127,0 74.50105028934416,18.1606744489706,0 74.50108992568005,18.16088717935306,0 74.50116702689213,18.1613009896213,0 74.50122411639387,18.16160739207212,0 74.5012396555598,18.16169079089414,0 74.50129464528914,18.16198591812577,0 74.50130914377998,18.16209955699713,0 74.50143816960504,18.16311085878012,0 74.50140629719151,18.16310747718365,0 74.50063580436162,18.16306249637054,0 74.50004971015832,18.16303260322121,0 74.50004910645069,18.163027130824,0 74.49998986841945,18.16239154734621,0 74.49991943976663,18.16163589916032,0 74.49983958993272,18.16075710790127,0</coordinates></LinearRing></outerBoundaryIs>
        </Polygon>
      </MultiGeometry>
    </Placemark>
    <Placemark id="ID_00093">
      <name>Gat 39/B</name>
      <Snippet></Snippet>
      <description><![CDATA[<html xmlns:fo="http://www.w3.org/1999/XSL/Format" xmlns:msxsl="urn:schemas-microsoft-com:xslt">
<head>
<META http-equiv="Content-Type" content="text/html">
<meta http-equiv="content-type" content="text/html; charset=UTF-8">
</head>
<body style="margin:0px 0px 0px 0px;overflow:auto;background:#FFFFFF;">
<table style="font-family:Arial,Verdana,Times;font-size:12px;text-align:left;width:100%;border-collapse:collapse;padding:3px 3px 3px 3px">
<tr style="text-align:center;font-weight:bold;background:#9CBCE2">
<td>Gat 39/B</td>
</tr>
<tr>
<td>
<table style="font-family:Arial,Verdana,Times;font-size:12px;text-align:left;width:100%;border-spacing:0px; padding:3px 3px 3px 3px">
<tr>
<td>SHAPE</td>
<td>Polygon</td>
</tr>
<tr bgcolor="#D4E4F3">
<td>SHAPE_Length</td>
<td>2098.493682</td>
</tr>
<tr>
<td>SHAPE_Area</td>
<td>148030.189907</td>
</tr>
<tr bgcolor="#D4E4F3">
<td>Gat_name</td>
<td>Gat 39/B</td>
</tr>
</table>
</td>
</tr>
</table>
</body>
</html>
]]></description>
      <styleUrl>#PolyStyle00</styleUrl>
      <MultiGeometry>
        <Polygon>
          <extrude>0</extrude><altitudeMode>clampToGround</altitudeMode>
          <outerBoundaryIs><LinearRing><coordinates> 74.49773320372044,18.15357326599649,0 74.49710349307848,18.155608201164,0 74.49625916027952,18.1583714677521,0 74.49588856668736,18.15961166485156,0 74.49590058917023,18.15961324190145,0 74.49578053265637,18.15976815833978,0 74.49515229619384,18.16057643083715,0 74.49450477814443,18.16141126610054,0 74.49449987921898,18.16096742861661,0 74.4944953948627,18.16056122547743,0 74.49448387405577,18.15885458505338,0 74.4944830659711,18.15858693634489,0 74.49458348503569,18.15787246886102,0 74.49496556384413,18.15731972784739,0 74.49506665895663,18.15711239469882,0 74.49490818353001,18.15683186461154,0 74.49490723515277,18.15669865700812,0 74.49481071718688,18.15657005371717,0 74.49476406724003,18.15645646189275,0 74.49475199518464,18.15633801518863,0 74.49469836504561,18.15624356872417,0 74.49465275626019,18.15619900259842,0 74.49465888005533,18.15607723425168,0 74.49466282480314,18.15599881646478,0 74.49464181720479,18.15587295392189,0 74.49469041624728,18.15565048317856,0 74.49480434666246,18.15551782589039,0 74.49502284009603,18.1552619305267,0 74.49526655873707,18.15511925225197,0 74.49536734873129,18.15496591323507,0 74.49542359346644,18.15488034330755,0 74.49558691233321,18.15460539004543,0 74.49573680241919,18.15445849366368,0 74.49581193677631,18.15437537277654,0 74.4958496003965,18.15416830936174,0 74.49594500384056,18.15396729829784,0 74.4959750942384,18.153800865262,0 74.49599350305176,18.15363542202369,0 74.49602867499947,18.15344192108979,0 74.4960610454921,18.15338401672554,0 74.49614225594084,18.15326771424908,0 74.49616090645608,18.15327120575645,0 74.49615951064328,18.15327463933276,0 74.49736498842539,18.15350339412104,0 74.49773320372044,18.15357326599649,0</coordinates></LinearRing></outerBoundaryIs>
        </Polygon>
      </MultiGeometry>
    </Placemark>
    <Placemark id="ID_00094">
      <name>Gat 35</name>
      <Snippet></Snippet>
      <description><![CDATA[<html xmlns:fo="http://www.w3.org/1999/XSL/Format" xmlns:msxsl="urn:schemas-microsoft-com:xslt">
<head>
<META http-equiv="Content-Type" content="text/html">
<meta http-equiv="content-type" content="text/html; charset=UTF-8">
</head>
<body style="margin:0px 0px 0px 0px;overflow:auto;background:#FFFFFF;">
<table style="font-family:Arial,Verdana,Times;font-size:12px;text-align:left;width:100%;border-collapse:collapse;padding:3px 3px 3px 3px">
<tr style="text-align:center;font-weight:bold;background:#9CBCE2">
<td>Gat 35</td>
</tr>
<tr>
<td>
<table style="font-family:Arial,Verdana,Times;font-size:12px;text-align:left;width:100%;border-spacing:0px; padding:3px 3px 3px 3px">
<tr>
<td>SHAPE</td>
<td>Polygon</td>
</tr>
<tr bgcolor="#D4E4F3">
<td>SHAPE_Length</td>
<td>3830.287099</td>
</tr>
<tr>
<td>SHAPE_Area</td>
<td>798573.894733</td>
</tr>
<tr bgcolor="#D4E4F3">
<td>Gat_name</td>
<td>Gat 35</td>
</tr>
</table>
</td>
</tr>
</table>
</body>
</html>
]]></description>
      <styleUrl>#PolyStyle00</styleUrl>
      <MultiGeometry>
        <Polygon>
          <extrude>0</extrude><altitudeMode>clampToGround</altitudeMode>
          <outerBoundaryIs><LinearRing><coordinates> 74.49773320372044,18.15357326599649,0 74.49820835103527,18.15222386318332,0 74.49853978716855,18.15131111556322,0 74.49911892928641,18.14969584696827,0 74.50183938456701,18.14997042006149,0 74.50267418361986,18.14893011926081,0 74.50288890921253,18.14920652169527,0 74.5029200963388,18.15029488485088,0 74.50297124244777,18.15089147644488,0 74.50316364234099,18.15271621563929,0 74.50325030603904,18.15351624428217,0 74.50359934699139,18.15550562245183,0 74.5042002615958,18.15554974875293,0 74.50420481957603,18.15576256448008,0 74.50421795297677,18.15637579451377,0 74.50425650094141,18.15772599221354,0 74.50418859202212,18.15884104095957,0 74.50414376266484,18.16035973157716,0 74.50249240395925,18.16035001073051,0 74.50159305623696,18.16054868621215,0 74.50107734490426,18.16066260952078,0 74.50105028934416,18.1606744489706,0 74.49983958993272,18.16075710790127,0 74.49833296432681,18.1608436411308,0 74.49728815645071,18.16031661327503,0 74.49590058917023,18.15961324190145,0 74.49773320372044,18.15357326599649,0</coordinates></LinearRing></outerBoundaryIs>
        </Polygon>
      </MultiGeometry>
    </Placemark>
    <Placemark id="ID_00095">
      <name>Gat 37</name>
      <Snippet></Snippet>
      <description><![CDATA[<html xmlns:fo="http://www.w3.org/1999/XSL/Format" xmlns:msxsl="urn:schemas-microsoft-com:xslt">
<head>
<META http-equiv="Content-Type" content="text/html">
<meta http-equiv="content-type" content="text/html; charset=UTF-8">
</head>
<body style="margin:0px 0px 0px 0px;overflow:auto;background:#FFFFFF;">
<table style="font-family:Arial,Verdana,Times;font-size:12px;text-align:left;width:100%;border-collapse:collapse;padding:3px 3px 3px 3px">
<tr style="text-align:center;font-weight:bold;background:#9CBCE2">
<td>Gat 37</td>
</tr>
<tr>
<td>
<table style="font-family:Arial,Verdana,Times;font-size:12px;text-align:left;width:100%;border-spacing:0px; padding:3px 3px 3px 3px">
<tr>
<td>SHAPE</td>
<td>Polygon</td>
</tr>
<tr bgcolor="#D4E4F3">
<td>SHAPE_Length</td>
<td>391.207393</td>
</tr>
<tr>
<td>SHAPE_Area</td>
<td>6256.644266</td>
</tr>
<tr bgcolor="#D4E4F3">
<td>Gat_name</td>
<td>Gat 37</td>
</tr>
</table>
</td>
</tr>
</table>
</body>
</html>
]]></description>
      <styleUrl>#PolyStyle00</styleUrl>
      <MultiGeometry>
        <Polygon>
          <extrude>0</extrude><altitudeMode>clampToGround</altitudeMode>
          <outerBoundaryIs><LinearRing><coordinates> 74.4969490617062,18.15160984120211,0 74.49699366125817,18.15136159308573,0 74.49719060424167,18.15080489468523,0 74.49733276572873,18.15048738126557,0 74.49792594900849,18.15051945592959,0 74.49782984516033,18.15115487193782,0 74.49727570988094,18.15116829161137,0 74.49705598619011,18.15162951498159,0 74.4969490617062,18.15160984120211,0</coordinates></LinearRing></outerBoundaryIs>
        </Polygon>
      </MultiGeometry>
    </Placemark>
    <Placemark id="ID_00096">
      <name>Gat 38</name>
      <Snippet></Snippet>
      <description><![CDATA[<html xmlns:fo="http://www.w3.org/1999/XSL/Format" xmlns:msxsl="urn:schemas-microsoft-com:xslt">
<head>
<META http-equiv="Content-Type" content="text/html">
<meta http-equiv="content-type" content="text/html; charset=UTF-8">
</head>
<body style="margin:0px 0px 0px 0px;overflow:auto;background:#FFFFFF;">
<table style="font-family:Arial,Verdana,Times;font-size:12px;text-align:left;width:100%;border-collapse:collapse;padding:3px 3px 3px 3px">
<tr style="text-align:center;font-weight:bold;background:#9CBCE2">
<td>Gat 38</td>
</tr>
<tr>
<td>
<table style="font-family:Arial,Verdana,Times;font-size:12px;text-align:left;width:100%;border-spacing:0px; padding:3px 3px 3px 3px">
<tr>
<td>SHAPE</td>
<td>Polygon</td>
</tr>
<tr bgcolor="#D4E4F3">
<td>SHAPE_Length</td>
<td>1351.404752</td>
</tr>
<tr>
<td>SHAPE_Area</td>
<td>56831.984194</td>
</tr>
<tr bgcolor="#D4E4F3">
<td>Gat_name</td>
<td>Gat 38</td>
</tr>
</table>
</td>
</tr>
</table>
</body>
</html>
]]></description>
      <styleUrl>#PolyStyle00</styleUrl>
      <MultiGeometry>
        <Polygon>
          <extrude>0</extrude><altitudeMode>clampToGround</altitudeMode>
          <outerBoundaryIs><LinearRing><coordinates> 74.49734939636724,18.15049161935475,0 74.49733276572873,18.15048738126557,0 74.49749200077477,18.15003215813409,0 74.49749466928492,18.15002367460272,0 74.49767173592292,18.14998823901903,0 74.49779094822512,18.14996438115114,0 74.49782972823313,18.150153081965,0 74.49804379135793,18.15008740311636,0 74.49808915659359,18.14990241334426,0 74.49911248623857,18.14969990010412,0 74.49871348464369,18.15082666425885,0 74.49805371176289,18.15266303698146,0 74.49773320372044,18.15357326599649,0 74.49614225594084,18.15326771424908,0 74.49634603529195,18.15300278926984,0 74.49646768035669,18.15273502889596,0 74.49661807055587,18.1524628281608,0 74.49668894925004,18.15232754525317,0 74.49683137804894,18.15200031330377,0 74.49694897297178,18.15161276844801,0 74.49701212937406,18.15162144578234,0 74.49705598619011,18.15162951498159,0 74.49727496706373,18.15116985147396,0 74.49734552297166,18.15116794620508,0 74.49781995400578,18.15116559798074,0 74.49782154110726,18.15115508435093,0 74.49782984516033,18.15115487193782,0 74.49792594900849,18.15051945592959,0 74.49734939636724,18.15049161935475,0</coordinates></LinearRing></outerBoundaryIs>
        </Polygon>
      </MultiGeometry>
    </Placemark>
    <Placemark id="ID_00097">
      <name>Gat 17</name>
      <Snippet></Snippet>
      <description><![CDATA[<html xmlns:fo="http://www.w3.org/1999/XSL/Format" xmlns:msxsl="urn:schemas-microsoft-com:xslt">
<head>
<META http-equiv="Content-Type" content="text/html">
<meta http-equiv="content-type" content="text/html; charset=UTF-8">
</head>
<body style="margin:0px 0px 0px 0px;overflow:auto;background:#FFFFFF;">
<table style="font-family:Arial,Verdana,Times;font-size:12px;text-align:left;width:100%;border-collapse:collapse;padding:3px 3px 3px 3px">
<tr style="text-align:center;font-weight:bold;background:#9CBCE2">
<td>Gat 17</td>
</tr>
<tr>
<td>
<table style="font-family:Arial,Verdana,Times;font-size:12px;text-align:left;width:100%;border-spacing:0px; padding:3px 3px 3px 3px">
<tr>
<td>SHAPE</td>
<td>Polygon</td>
</tr>
<tr bgcolor="#D4E4F3">
<td>SHAPE_Length</td>
<td>2496.213501</td>
</tr>
<tr>
<td>SHAPE_Area</td>
<td>151216.198668</td>
</tr>
<tr bgcolor="#D4E4F3">
<td>Gat_name</td>
<td>Gat 17</td>
</tr>
</table>
</td>
</tr>
</table>
</body>
</html>
]]></description>
      <styleUrl>#PolyStyle00</styleUrl>
      <MultiGeometry>
        <Polygon>
          <extrude>0</extrude><altitudeMode>clampToGround</altitudeMode>
          <outerBoundaryIs><LinearRing><coordinates> 74.5020408019431,18.14596685353492,0 74.50203247625252,18.14596210680459,0 74.50228075298324,18.14589188132175,0 74.50244636680088,18.14585319940746,0 74.50291444687058,18.1456923076431,0 74.50304405720502,18.14618248451534,0 74.50311081430844,18.14643495179335,0 74.50311310590335,18.14643762669941,0 74.50312109412543,18.14646714358121,0 74.5031629594307,18.14649581428946,0 74.50318154662178,18.14651750883556,0 74.50324052982479,18.14652209527341,0 74.50334866079018,18.14653988867716,0 74.50335370769739,18.1465407187594,0 74.50349912909006,18.1468990611701,0 74.50350024918173,18.14691318990534,0 74.50350101143313,18.14692280312282,0 74.50351827656058,18.14714058578926,0 74.50354259917424,18.14744738336584,0 74.50354121477395,18.14744985626788,0 74.50351885240245,18.14748982706449,0 74.50304253292789,18.14834117774905,0 74.50267078200442,18.14891444632157,0 74.50267418361986,18.14893011926081,0 74.50183938456701,18.14997042006149,0 74.50107549535171,18.14989332570443,0 74.5006500777651,18.1498503894843,0 74.49932293014791,18.1497179630475,0 74.49911248623857,18.14969990010412,0 74.49871733710786,18.14977809904875,0 74.49861843957103,18.14979767119096,0 74.49808915659359,18.14990241334426,0 74.49779094822512,18.14996438115114,0 74.49767173592292,18.14998823901903,0 74.49758420010089,18.15000575698035,0 74.49749466928492,18.15002367460272,0 74.49747285508559,18.15002804002349,0 74.49710214537484,18.14928395815686,0 74.49707111262924,18.14916143901422,0 74.49758209543391,18.14873192581039,0 74.49782245061984,18.14858988231099,0 74.4979080626446,18.14854890863878,0 74.49823347720439,18.14872136444053,0 74.49830834873417,18.1489355250716,0 74.49834332008047,18.14906393005146,0 74.49841457186278,18.14909020735367,0 74.49853995804368,18.14910239867281,0 74.49871663666437,18.14906041199384,0 74.49888430881691,18.14902627217434,0 74.49902962093883,18.14898470693306,0 74.49912270691584,18.14894181619414,0 74.49912928424976,18.14864531913241,0 74.49912477819019,18.14786674692053,0 74.49913680185009,18.14775743743424,0 74.49919911918785,18.14770875257716,0 74.49928379924017,18.14764687134416,0 74.49938231537799,18.14750843075727,0 74.49938706709983,18.14745919384931,0 74.49977022029471,18.14747711262104,0 74.4999904418066,18.14750208371196,0 74.50099727725724,18.14756753486017,0 74.50187302973941,18.14749117062791,0 74.50223169331385,18.14746298671018,0 74.50220983379666,18.14706000155716,0 74.50220760805098,18.1469916460265,0 74.50220613383131,18.14699177868976,0 74.50220519309704,18.14697444003564,0 74.50182962152577,18.1470256393755,0 74.50140582155112,18.1470834121427,0 74.50130526748535,18.14685564678959,0 74.50115273053508,18.14651013943664,0 74.50127275374193,18.14638236083638,0 74.50156917408925,18.14623990284448,0 74.50160481270524,18.14622992476545,0 74.50162388553152,18.14621360865051,0 74.5016480093382,18.1462020154345,0 74.50183052505265,18.14611991210221,0 74.50195858653321,18.14603568195988,0 74.50204000878628,18.14596751759963,0 74.50203059188843,18.14596219050271,0 74.5020408019431,18.14596685353492,0</coordinates></LinearRing></outerBoundaryIs>
          <innerBoundaryIs><LinearRing><coordinates> 74.5027413581286,18.14679099828937,0 74.50274692485903,18.14678853348985,0 74.5027490432649,18.14678759537353,0 74.50272183978596,18.14633496932194,0 74.50271708196891,18.14624895016447,0 74.50271665171717,18.14624865350255,0 74.50267970277781,18.14622322386047,0 74.50252804884975,18.14612191371828,0 74.50247342501056,18.14614436534573,0 74.50242211501738,18.14616102117747,0 74.50246122056383,18.14630766809961,0 74.50247126955989,18.14638665474011,0 74.50248503015139,18.14651575528749,0 74.50250244504407,18.14665808097515,0 74.50257250730209,18.14685547168421,0 74.5027413581286,18.14679099828937,0</coordinates></LinearRing></innerBoundaryIs>
        </Polygon>
      </MultiGeometry>
    </Placemark>
    <Placemark id="ID_00098">
      <name>Gat 18</name>
      <Snippet></Snippet>
      <description><![CDATA[<html xmlns:fo="http://www.w3.org/1999/XSL/Format" xmlns:msxsl="urn:schemas-microsoft-com:xslt">
<head>
<META http-equiv="Content-Type" content="text/html">
<meta http-equiv="content-type" content="text/html; charset=UTF-8">
</head>
<body style="margin:0px 0px 0px 0px;overflow:auto;background:#FFFFFF;">
<table style="font-family:Arial,Verdana,Times;font-size:12px;text-align:left;width:100%;border-collapse:collapse;padding:3px 3px 3px 3px">
<tr style="text-align:center;font-weight:bold;background:#9CBCE2">
<td>Gat 18</td>
</tr>
<tr>
<td>
<table style="font-family:Arial,Verdana,Times;font-size:12px;text-align:left;width:100%;border-spacing:0px; padding:3px 3px 3px 3px">
<tr>
<td>SHAPE</td>
<td>Polygon</td>
</tr>
<tr bgcolor="#D4E4F3">
<td>SHAPE_Length</td>
<td>746.392768</td>
</tr>
<tr>
<td>SHAPE_Area</td>
<td>23089.027101</td>
</tr>
<tr bgcolor="#D4E4F3">
<td>Gat_name</td>
<td>Gat 18</td>
</tr>
</table>
</td>
</tr>
</table>
</body>
</html>
]]></description>
      <styleUrl>#PolyStyle00</styleUrl>
      <MultiGeometry>
        <Polygon>
          <extrude>0</extrude><altitudeMode>clampToGround</altitudeMode>
          <outerBoundaryIs><LinearRing><coordinates> 74.50113973781372,18.1465116241742,0 74.50140582155112,18.1470834121427,0 74.50182962341651,18.1470256393804,0 74.50220613383131,18.14699177868976,0 74.50220983380943,18.14705999703807,0 74.50222288232806,18.14746066278368,0 74.50187302973941,18.14749117062791,0 74.50099727725724,18.14756753486017,0 74.4999904418066,18.14750208371196,0 74.49977022029471,18.14747711262104,0 74.49971004734432,18.14747028958035,0 74.49943730763782,18.14746011901849,0 74.49948209079007,18.14738553732474,0 74.49950153418203,18.14718862967502,0 74.49956094701126,18.14710074198078,0 74.49956268665312,18.14694586842803,0 74.4997412847819,18.14675200834471,0 74.49994143980049,18.14661072070345,0 74.50017148709193,18.14665909988965,0 74.50042111156694,18.14665382541127,0 74.50059317837616,18.14664421072564,0 74.50072265038386,18.1466225838335,0 74.50093144312574,18.14656065779884,0 74.50113973781372,18.1465116241742,0</coordinates></LinearRing></outerBoundaryIs>
        </Polygon>
      </MultiGeometry>
    </Placemark>
    <Placemark id="ID_00099">
      <name>Gat 16</name>
      <Snippet></Snippet>
      <description><![CDATA[<html xmlns:fo="http://www.w3.org/1999/XSL/Format" xmlns:msxsl="urn:schemas-microsoft-com:xslt">
<head>
<META http-equiv="Content-Type" content="text/html">
<meta http-equiv="content-type" content="text/html; charset=UTF-8">
</head>
<body style="margin:0px 0px 0px 0px;overflow:auto;background:#FFFFFF;">
<table style="font-family:Arial,Verdana,Times;font-size:12px;text-align:left;width:100%;border-collapse:collapse;padding:3px 3px 3px 3px">
<tr style="text-align:center;font-weight:bold;background:#9CBCE2">
<td>Gat 16</td>
</tr>
<tr>
<td>
<table style="font-family:Arial,Verdana,Times;font-size:12px;text-align:left;width:100%;border-spacing:0px; padding:3px 3px 3px 3px">
<tr>
<td>SHAPE</td>
<td>Polygon</td>
</tr>
<tr bgcolor="#D4E4F3">
<td>SHAPE_Length</td>
<td>195.097719</td>
</tr>
<tr>
<td>SHAPE_Area</td>
<td>1878.81435</td>
</tr>
<tr bgcolor="#D4E4F3">
<td>Gat_name</td>
<td>Gat 16</td>
</tr>
</table>
</td>
</tr>
</table>
</body>
</html>
]]></description>
      <styleUrl>#PolyStyle00</styleUrl>
      <MultiGeometry>
        <Polygon>
          <extrude>0</extrude><altitudeMode>clampToGround</altitudeMode>
          <outerBoundaryIs><LinearRing><coordinates> 74.50242211501738,18.14616102117747,0 74.50252804884975,18.14612191371828,0 74.50267970277781,18.14622322386047,0 74.50271665171717,18.14624865350255,0 74.50271708196891,18.14624895016447,0 74.50272183978596,18.14633496932194,0 74.5027490432649,18.14678759537353,0 74.50274692485903,18.14678853348985,0 74.5027413581286,18.14679099828937,0 74.50257250730209,18.14685547168421,0 74.50250244504407,18.14665808097515,0 74.50248503015139,18.14651575528749,0 74.50247126955989,18.14638665474011,0 74.50246122056383,18.14630766809961,0 74.50242211501738,18.14616102117747,0</coordinates></LinearRing></outerBoundaryIs>
        </Polygon>
      </MultiGeometry>
    </Placemark>
    <Placemark id="ID_00100">
      <name>Gat 15</name>
      <Snippet></Snippet>
      <description><![CDATA[<html xmlns:fo="http://www.w3.org/1999/XSL/Format" xmlns:msxsl="urn:schemas-microsoft-com:xslt">
<head>
<META http-equiv="Content-Type" content="text/html">
<meta http-equiv="content-type" content="text/html; charset=UTF-8">
</head>
<body style="margin:0px 0px 0px 0px;overflow:auto;background:#FFFFFF;">
<table style="font-family:Arial,Verdana,Times;font-size:12px;text-align:left;width:100%;border-collapse:collapse;padding:3px 3px 3px 3px">
<tr style="text-align:center;font-weight:bold;background:#9CBCE2">
<td>Gat 15</td>
</tr>
<tr>
<td>
<table style="font-family:Arial,Verdana,Times;font-size:12px;text-align:left;width:100%;border-spacing:0px; padding:3px 3px 3px 3px">
<tr>
<td>SHAPE</td>
<td>Polygon</td>
</tr>
<tr bgcolor="#D4E4F3">
<td>SHAPE_Length</td>
<td>385.506335</td>
</tr>
<tr>
<td>SHAPE_Area</td>
<td>6241.543529</td>
</tr>
<tr bgcolor="#D4E4F3">
<td>Gat_name</td>
<td>Gat 15</td>
</tr>
</table>
</td>
</tr>
</table>
</body>
</html>
]]></description>
      <styleUrl>#PolyStyle00</styleUrl>
      <MultiGeometry>
        <Polygon>
          <extrude>0</extrude><altitudeMode>clampToGround</altitudeMode>
          <outerBoundaryIs><LinearRing><coordinates> 74.50291444687058,18.1456923076431,0 74.50330722763418,18.14551692731764,0 74.50350549217035,18.14611920600426,0 74.50354727954959,18.14624614546321,0 74.50370604886808,18.14672844711427,0 74.50373885104652,18.14683215137886,0 74.50372342480712,18.14683803072736,0 74.50354272762011,18.14690690315698,0 74.50350298311538,18.14691992230457,0 74.50350024918173,18.14691318990534,0 74.50349912909006,18.1468990611701,0 74.50345582858161,18.14679236071911,0 74.50335370769739,18.1465407187594,0 74.50334866079018,18.14653988867716,0 74.50324052982479,18.14652209527341,0 74.50318154662178,18.14651750883556,0 74.5031629594307,18.14649581428946,0 74.50312109412543,18.14646714358121,0 74.50311310590335,18.14643762669941,0 74.50311081430844,18.14643495179335,0 74.50306884660742,18.14627623699101,0 74.50304970969835,18.14620386096355,0 74.50304405720502,18.14618248451534,0 74.50296457450979,18.145881886511,0 74.50291444687058,18.1456923076431,0</coordinates></LinearRing></outerBoundaryIs>
        </Polygon>
      </MultiGeometry>
    </Placemark>
    <Placemark id="ID_00101">
      <name>Gat 10</name>
      <Snippet></Snippet>
      <description><![CDATA[<html xmlns:fo="http://www.w3.org/1999/XSL/Format" xmlns:msxsl="urn:schemas-microsoft-com:xslt">
<head>
<META http-equiv="Content-Type" content="text/html">
<meta http-equiv="content-type" content="text/html; charset=UTF-8">
</head>
<body style="margin:0px 0px 0px 0px;overflow:auto;background:#FFFFFF;">
<table style="font-family:Arial,Verdana,Times;font-size:12px;text-align:left;width:100%;border-collapse:collapse;padding:3px 3px 3px 3px">
<tr style="text-align:center;font-weight:bold;background:#9CBCE2">
<td>Gat 10</td>
</tr>
<tr>
<td>
<table style="font-family:Arial,Verdana,Times;font-size:12px;text-align:left;width:100%;border-spacing:0px; padding:3px 3px 3px 3px">
<tr>
<td>SHAPE</td>
<td>Polygon</td>
</tr>
<tr bgcolor="#D4E4F3">
<td>SHAPE_Length</td>
<td>368.108575</td>
</tr>
<tr>
<td>SHAPE_Area</td>
<td>5593.076926</td>
</tr>
<tr bgcolor="#D4E4F3">
<td>Gat_name</td>
<td>Gat 10</td>
</tr>
</table>
</td>
</tr>
</table>
</body>
</html>
]]></description>
      <styleUrl>#PolyStyle00</styleUrl>
      <MultiGeometry>
        <Polygon>
          <extrude>0</extrude><altitudeMode>clampToGround</altitudeMode>
          <outerBoundaryIs><LinearRing><coordinates> 74.50410243057954,18.14662906611793,0 74.5037258100285,18.14536283537909,0 74.50409292418009,18.14521570398741,0 74.50440958754146,18.14648128888602,0 74.50410243057954,18.14662906611793,0</coordinates></LinearRing></outerBoundaryIs>
        </Polygon>
      </MultiGeometry>
    </Placemark>
    <Placemark id="ID_00102">
      <name>Gat 13</name>
      <Snippet></Snippet>
      <description><![CDATA[<html xmlns:fo="http://www.w3.org/1999/XSL/Format" xmlns:msxsl="urn:schemas-microsoft-com:xslt">
<head>
<META http-equiv="Content-Type" content="text/html">
<meta http-equiv="content-type" content="text/html; charset=UTF-8">
</head>
<body style="margin:0px 0px 0px 0px;overflow:auto;background:#FFFFFF;">
<table style="font-family:Arial,Verdana,Times;font-size:12px;text-align:left;width:100%;border-collapse:collapse;padding:3px 3px 3px 3px">
<tr style="text-align:center;font-weight:bold;background:#9CBCE2">
<td>Gat 13</td>
</tr>
<tr>
<td>
<table style="font-family:Arial,Verdana,Times;font-size:12px;text-align:left;width:100%;border-spacing:0px; padding:3px 3px 3px 3px">
<tr>
<td>SHAPE</td>
<td>Polygon</td>
</tr>
<tr bgcolor="#D4E4F3">
<td>SHAPE_Length</td>
<td>527.559852</td>
</tr>
<tr>
<td>SHAPE_Area</td>
<td>13574.287695</td>
</tr>
<tr bgcolor="#D4E4F3">
<td>Gat_name</td>
<td>Gat 13</td>
</tr>
</table>
</td>
</tr>
</table>
</body>
</html>
]]></description>
      <styleUrl>#PolyStyle00</styleUrl>
      <MultiGeometry>
        <Polygon>
          <extrude>0</extrude><altitudeMode>clampToGround</altitudeMode>
          <outerBoundaryIs><LinearRing><coordinates> 74.50409292418009,18.14521570398741,0 74.50513091434976,18.14477755634889,0 74.50530944091797,18.14506166036079,0 74.50533719738725,18.14525276285295,0 74.50489338023432,18.14547794958568,0 74.50502535968576,18.14618503168014,0 74.50440958754146,18.14648128888602,0 74.50429325390992,18.14604372696036,0 74.50409292418009,18.14521570398741,0</coordinates></LinearRing></outerBoundaryIs>
        </Polygon>
      </MultiGeometry>
    </Placemark>
    <Placemark id="ID_00103">
      <name>Gat 14</name>
      <Snippet></Snippet>
      <description><![CDATA[<html xmlns:fo="http://www.w3.org/1999/XSL/Format" xmlns:msxsl="urn:schemas-microsoft-com:xslt">
<head>
<META http-equiv="Content-Type" content="text/html">
<meta http-equiv="content-type" content="text/html; charset=UTF-8">
</head>
<body style="margin:0px 0px 0px 0px;overflow:auto;background:#FFFFFF;">
<table style="font-family:Arial,Verdana,Times;font-size:12px;text-align:left;width:100%;border-collapse:collapse;padding:3px 3px 3px 3px">
<tr style="text-align:center;font-weight:bold;background:#9CBCE2">
<td>Gat 14</td>
</tr>
<tr>
<td>
<table style="font-family:Arial,Verdana,Times;font-size:12px;text-align:left;width:100%;border-spacing:0px; padding:3px 3px 3px 3px">
<tr>
<td>SHAPE</td>
<td>Polygon</td>
</tr>
<tr bgcolor="#D4E4F3">
<td>SHAPE_Length</td>
<td>1094.727253</td>
</tr>
<tr>
<td>SHAPE_Area</td>
<td>28992.789004</td>
</tr>
<tr bgcolor="#D4E4F3">
<td>Gat_name</td>
<td>Gat 14</td>
</tr>
</table>
</td>
</tr>
</table>
</body>
</html>
]]></description>
      <styleUrl>#PolyStyle00</styleUrl>
      <MultiGeometry>
        <Polygon>
          <extrude>0</extrude><altitudeMode>clampToGround</altitudeMode>
          <outerBoundaryIs><LinearRing><coordinates> 74.5037258100285,18.14536283537909,0 74.50410243057954,18.14662906611793,0 74.50502535968576,18.14618503168014,0 74.50489338023432,18.14547794958568,0 74.50508680116589,18.14537981023246,0 74.50533719738725,18.14525276285295,0 74.50535084343475,18.14526263694895,0 74.50554287399912,18.14541711661991,0 74.50557399058675,18.14561461954827,0 74.50537874422699,18.14602838686332,0 74.50533067246113,18.14673004837118,0 74.50537481796211,18.1471232705916,0 74.5043087562605,18.14730353682398,0 74.50354259917424,18.14744738336584,0 74.50351827656058,18.14714058578926,0 74.50350101143313,18.14692280312282,0 74.50350024918173,18.14691318990534,0 74.50349912909006,18.1468990611701,0 74.50354272762011,18.14690690315698,0 74.50373885104652,18.14683215137886,0 74.50365006056523,18.1465583695606,0 74.50350549217035,18.14611920600426,0 74.50330722763418,18.14551692731764,0 74.5037258100285,18.14536283537909,0</coordinates></LinearRing></outerBoundaryIs>
        </Polygon>
      </MultiGeometry>
    </Placemark>
    <Placemark id="ID_00104">
      <name>Gat 12</name>
      <Snippet></Snippet>
      <description><![CDATA[<html xmlns:fo="http://www.w3.org/1999/XSL/Format" xmlns:msxsl="urn:schemas-microsoft-com:xslt">
<head>
<META http-equiv="Content-Type" content="text/html">
<meta http-equiv="content-type" content="text/html; charset=UTF-8">
</head>
<body style="margin:0px 0px 0px 0px;overflow:auto;background:#FFFFFF;">
<table style="font-family:Arial,Verdana,Times;font-size:12px;text-align:left;width:100%;border-collapse:collapse;padding:3px 3px 3px 3px">
<tr style="text-align:center;font-weight:bold;background:#9CBCE2">
<td>Gat 12</td>
</tr>
<tr>
<td>
<table style="font-family:Arial,Verdana,Times;font-size:12px;text-align:left;width:100%;border-spacing:0px; padding:3px 3px 3px 3px">
<tr>
<td>SHAPE</td>
<td>Polygon</td>
</tr>
<tr bgcolor="#D4E4F3">
<td>SHAPE_Length</td>
<td>274.267965</td>
</tr>
<tr>
<td>SHAPE_Area</td>
<td>3824.188652</td>
</tr>
<tr bgcolor="#D4E4F3">
<td>Gat_name</td>
<td>Gat 12</td>
</tr>
</table>
</td>
</tr>
</table>
</body>
</html>
]]></description>
      <styleUrl>#PolyStyle00</styleUrl>
      <MultiGeometry>
        <Polygon>
          <extrude>0</extrude><altitudeMode>clampToGround</altitudeMode>
          <outerBoundaryIs><LinearRing><coordinates> 74.50513091434976,18.14477755634889,0 74.50558009073553,18.14479816844133,0 74.50611486421202,18.14490171889782,0 74.50580879228897,18.14518598898654,0 74.5056289065747,18.14533634517657,0 74.50553668084291,18.14541343118447,0 74.50551152553193,18.1453918980347,0 74.50535084343475,18.14526263694895,0 74.50533719738725,18.14525276285295,0 74.50530944091797,18.14506166036079,0 74.5052336948913,18.14494111886995,0 74.50513091434976,18.14477755634889,0</coordinates></LinearRing></outerBoundaryIs>
        </Polygon>
      </MultiGeometry>
    </Placemark>
    <Placemark id="ID_00105">
      <name>Gat 11</name>
      <Snippet></Snippet>
      <description><![CDATA[<html xmlns:fo="http://www.w3.org/1999/XSL/Format" xmlns:msxsl="urn:schemas-microsoft-com:xslt">
<head>
<META http-equiv="Content-Type" content="text/html">
<meta http-equiv="content-type" content="text/html; charset=UTF-8">
</head>
<body style="margin:0px 0px 0px 0px;overflow:auto;background:#FFFFFF;">
<table style="font-family:Arial,Verdana,Times;font-size:12px;text-align:left;width:100%;border-collapse:collapse;padding:3px 3px 3px 3px">
<tr style="text-align:center;font-weight:bold;background:#9CBCE2">
<td>Gat 11</td>
</tr>
<tr>
<td>
<table style="font-family:Arial,Verdana,Times;font-size:12px;text-align:left;width:100%;border-spacing:0px; padding:3px 3px 3px 3px">
<tr>
<td>SHAPE</td>
<td>Polygon</td>
</tr>
<tr bgcolor="#D4E4F3">
<td>SHAPE_Length</td>
<td>1051.750233</td>
</tr>
<tr>
<td>SHAPE_Area</td>
<td>50465.743946</td>
</tr>
<tr bgcolor="#D4E4F3">
<td>Gat_name</td>
<td>Gat 11</td>
</tr>
</table>
</td>
</tr>
</table>
</body>
</html>
]]></description>
      <styleUrl>#PolyStyle00</styleUrl>
      <MultiGeometry>
        <Polygon>
          <extrude>0</extrude><altitudeMode>clampToGround</altitudeMode>
          <outerBoundaryIs><LinearRing><coordinates> 74.50722433477151,18.14780251037582,0 74.50718650742651,18.14750857248764,0 74.50722585540981,18.14780234525544,0 74.50722433477151,18.14780251037582,0</coordinates></LinearRing></outerBoundaryIs>
        </Polygon>
        <Polygon>
          <extrude>0</extrude><altitudeMode>clampToGround</altitudeMode>
          <outerBoundaryIs><LinearRing><coordinates> 74.50682148665196,18.14478331001723,0 74.50692591751481,18.14552724520046,0 74.50697969704504,18.14590927631599,0 74.50721887197351,18.14776047132543,0 74.50722433477151,18.14780251037582,0 74.50722449205384,18.14780373545884,0 74.50618627318073,18.14791936510273,0 74.50642911214673,18.14789469471607,0 74.50570813948535,18.14797634988659,0 74.50570513126117,18.14797669103404,0 74.50563218866283,18.14779260460164,0 74.50561679536966,18.14763710480626,0 74.50560126513705,18.14748021819156,0 74.50542186512057,18.14719743179461,0 74.50537302782979,18.14710732436169,0 74.50533067246113,18.14673004837118,0 74.50537874422699,18.14602838686332,0 74.5055366728453,18.14569370488497,0 74.50557533192027,18.14561332691246,0 74.5055927234457,18.14558120543902,0 74.50573759475675,18.14548907673643,0 74.50622904461603,18.14517654729703,0 74.50682148665196,18.14478331001723,0</coordinates></LinearRing></outerBoundaryIs>
        </Polygon>
      </MultiGeometry>
    </Placemark>
    <Placemark id="ID_00106">
      <name>Gat 222</name>
      <Snippet></Snippet>
      <description><![CDATA[<html xmlns:fo="http://www.w3.org/1999/XSL/Format" xmlns:msxsl="urn:schemas-microsoft-com:xslt">
<head>
<META http-equiv="Content-Type" content="text/html">
<meta http-equiv="content-type" content="text/html; charset=UTF-8">
</head>
<body style="margin:0px 0px 0px 0px;overflow:auto;background:#FFFFFF;">
<table style="font-family:Arial,Verdana,Times;font-size:12px;text-align:left;width:100%;border-collapse:collapse;padding:3px 3px 3px 3px">
<tr style="text-align:center;font-weight:bold;background:#9CBCE2">
<td>Gat 222</td>
</tr>
<tr>
<td>
<table style="font-family:Arial,Verdana,Times;font-size:12px;text-align:left;width:100%;border-spacing:0px; padding:3px 3px 3px 3px">
<tr>
<td>SHAPE</td>
<td>Polygon</td>
</tr>
<tr bgcolor="#D4E4F3">
<td>SHAPE_Length</td>
<td>595.0571</td>
</tr>
<tr>
<td>SHAPE_Area</td>
<td>15033.114092</td>
</tr>
<tr bgcolor="#D4E4F3">
<td>Gat_name</td>
<td>Gat 222</td>
</tr>
</table>
</td>
</tr>
</table>
</body>
</html>
]]></description>
      <styleUrl>#PolyStyle00</styleUrl>
      <MultiGeometry>
        <Polygon>
          <extrude>0</extrude><altitudeMode>clampToGround</altitudeMode>
          <outerBoundaryIs><LinearRing><coordinates> 74.50570813948535,18.14797634988659,0 74.50544528057831,18.14795238290499,0 74.50483790597121,18.14790530153946,0 74.50390484533747,18.14782911084174,0 74.50339498516665,18.14778633360076,0 74.50335541439043,18.14778194915251,0 74.50338542101206,18.14772831784904,0 74.50351885240245,18.14748982706449,0 74.50354121477395,18.14744985626788,0 74.50354259917424,18.14744738336584,0 74.50394881269648,18.14737111715293,0 74.50416137293999,18.1473312081204,0 74.5043087562605,18.14730353682398,0 74.50537481796211,18.1471232705916,0 74.50537302782979,18.14710732436169,0 74.50542186512057,18.14719743179461,0 74.5054454847168,18.14723466402903,0 74.50550894943817,18.14733470228184,0 74.50560126513705,18.14748021819156,0 74.50561679536966,18.14763710480626,0 74.50563218866283,18.14779260460164,0 74.50564605266564,18.14782759286055,0 74.50570813948535,18.14797634988659,0</coordinates></LinearRing></outerBoundaryIs>
        </Polygon>
      </MultiGeometry>
    </Placemark>
    <Placemark id="ID_00107">
      <name>Gat 19</name>
      <Snippet></Snippet>
      <description><![CDATA[<html xmlns:fo="http://www.w3.org/1999/XSL/Format" xmlns:msxsl="urn:schemas-microsoft-com:xslt">
<head>
<META http-equiv="Content-Type" content="text/html">
<meta http-equiv="content-type" content="text/html; charset=UTF-8">
</head>
<body style="margin:0px 0px 0px 0px;overflow:auto;background:#FFFFFF;">
<table style="font-family:Arial,Verdana,Times;font-size:12px;text-align:left;width:100%;border-collapse:collapse;padding:3px 3px 3px 3px">
<tr style="text-align:center;font-weight:bold;background:#9CBCE2">
<td>Gat 19</td>
</tr>
<tr>
<td>
<table style="font-family:Arial,Verdana,Times;font-size:12px;text-align:left;width:100%;border-spacing:0px; padding:3px 3px 3px 3px">
<tr>
<td>SHAPE</td>
<td>Polygon</td>
</tr>
<tr bgcolor="#D4E4F3">
<td>SHAPE_Length</td>
<td>677.732251</td>
</tr>
<tr>
<td>SHAPE_Area</td>
<td>22598.940021</td>
</tr>
<tr bgcolor="#D4E4F3">
<td>Gat_name</td>
<td>Gat 19</td>
</tr>
</table>
</td>
</tr>
</table>
</body>
</html>
]]></description>
      <styleUrl>#PolyStyle00</styleUrl>
      <MultiGeometry>
        <Polygon>
          <extrude>0</extrude><altitudeMode>clampToGround</altitudeMode>
          <outerBoundaryIs><LinearRing><coordinates> 74.50288890921253,18.14920652169527,0 74.50311851012404,18.14878638454408,0 74.50329110254928,18.14847056281602,0 74.50351662379597,18.14805788738951,0 74.50381231160321,18.14804042547975,0 74.504007860877,18.14802887810625,0 74.50444604745975,18.14806031598014,0 74.50444614821063,18.14806079526566,0 74.50452831077055,18.14845029595059,0 74.50455390745863,18.14857163950274,0 74.50455527512283,18.14857812524073,0 74.50402749397963,18.14913224304576,0 74.50292441448886,18.15029035068557,0 74.5029200963388,18.15029488485088,0 74.50288890921253,18.14920652169527,0</coordinates></LinearRing></outerBoundaryIs>
        </Polygon>
      </MultiGeometry>
    </Placemark>
    <Placemark id="ID_00108">
      <name>Gat 20</name>
      <Snippet></Snippet>
      <description><![CDATA[<html xmlns:fo="http://www.w3.org/1999/XSL/Format" xmlns:msxsl="urn:schemas-microsoft-com:xslt">
<head>
<META http-equiv="Content-Type" content="text/html">
<meta http-equiv="content-type" content="text/html; charset=UTF-8">
</head>
<body style="margin:0px 0px 0px 0px;overflow:auto;background:#FFFFFF;">
<table style="font-family:Arial,Verdana,Times;font-size:12px;text-align:left;width:100%;border-collapse:collapse;padding:3px 3px 3px 3px">
<tr style="text-align:center;font-weight:bold;background:#9CBCE2">
<td>Gat 20</td>
</tr>
<tr>
<td>
<table style="font-family:Arial,Verdana,Times;font-size:12px;text-align:left;width:100%;border-spacing:0px; padding:3px 3px 3px 3px">
<tr>
<td>SHAPE</td>
<td>Polygon</td>
</tr>
<tr bgcolor="#D4E4F3">
<td>SHAPE_Length</td>
<td>979.953394</td>
</tr>
<tr>
<td>SHAPE_Area</td>
<td>33443.516804</td>
</tr>
<tr bgcolor="#D4E4F3">
<td>Gat_name</td>
<td>Gat 20</td>
</tr>
</table>
</td>
</tr>
</table>
</body>
</html>
]]></description>
      <styleUrl>#PolyStyle00</styleUrl>
      <MultiGeometry>
        <Polygon>
          <extrude>0</extrude><altitudeMode>clampToGround</altitudeMode>
          <outerBoundaryIs><LinearRing><coordinates> 74.5029200963388,18.15029488485088,0 74.50308406823973,18.15012273351451,0 74.50455527512283,18.14857812524073,0 74.50444604745975,18.14806031598014,0 74.50537124677655,18.14806191487702,0 74.50543021193518,18.14867854137597,0 74.50466737693516,18.14890310584292,0 74.50474320995076,18.14947455582718,0 74.50481651073662,18.14996642941424,0 74.50450740441268,18.1503905801735,0 74.50400115924096,18.15055565308765,0 74.50319312780908,18.15081912648446,0 74.50297124244777,18.15089147644488,0 74.5029200963388,18.15029488485088,0</coordinates></LinearRing></outerBoundaryIs>
        </Polygon>
      </MultiGeometry>
    </Placemark>
    <Placemark id="ID_00109">
      <name>Gat 23</name>
      <Snippet></Snippet>
      <description><![CDATA[<html xmlns:fo="http://www.w3.org/1999/XSL/Format" xmlns:msxsl="urn:schemas-microsoft-com:xslt">
<head>
<META http-equiv="Content-Type" content="text/html">
<meta http-equiv="content-type" content="text/html; charset=UTF-8">
</head>
<body style="margin:0px 0px 0px 0px;overflow:auto;background:#FFFFFF;">
<table style="font-family:Arial,Verdana,Times;font-size:12px;text-align:left;width:100%;border-collapse:collapse;padding:3px 3px 3px 3px">
<tr style="text-align:center;font-weight:bold;background:#9CBCE2">
<td>Gat 23</td>
</tr>
<tr>
<td>
<table style="font-family:Arial,Verdana,Times;font-size:12px;text-align:left;width:100%;border-spacing:0px; padding:3px 3px 3px 3px">
<tr>
<td>SHAPE</td>
<td>Polygon</td>
</tr>
<tr bgcolor="#D4E4F3">
<td>SHAPE_Length</td>
<td>754.267094</td>
</tr>
<tr>
<td>SHAPE_Area</td>
<td>35988.151304</td>
</tr>
<tr bgcolor="#D4E4F3">
<td>Gat_name</td>
<td>Gat 23</td>
</tr>
</table>
</td>
</tr>
</table>
</body>
</html>
]]></description>
      <styleUrl>#PolyStyle00</styleUrl>
      <MultiGeometry>
        <Polygon>
          <extrude>0</extrude><altitudeMode>clampToGround</altitudeMode>
          <outerBoundaryIs><LinearRing><coordinates> 74.50450740441268,18.1503905801735,0 74.5048067415334,18.15102939173282,0 74.50479674500966,18.15207192696132,0 74.50316364234099,18.15271621563929,0 74.5030428982609,18.15157107107174,0 74.50297124244777,18.15089147644488,0 74.50425040887254,18.15047437940188,0 74.50450740441268,18.1503905801735,0</coordinates></LinearRing></outerBoundaryIs>
        </Polygon>
      </MultiGeometry>
    </Placemark>
    <Placemark id="ID_00110">
      <name>Gat 25</name>
      <Snippet></Snippet>
      <description><![CDATA[<html xmlns:fo="http://www.w3.org/1999/XSL/Format" xmlns:msxsl="urn:schemas-microsoft-com:xslt">
<head>
<META http-equiv="Content-Type" content="text/html">
<meta http-equiv="content-type" content="text/html; charset=UTF-8">
</head>
<body style="margin:0px 0px 0px 0px;overflow:auto;background:#FFFFFF;">
<table style="font-family:Arial,Verdana,Times;font-size:12px;text-align:left;width:100%;border-collapse:collapse;padding:3px 3px 3px 3px">
<tr style="text-align:center;font-weight:bold;background:#9CBCE2">
<td>Gat 25</td>
</tr>
<tr>
<td>
<table style="font-family:Arial,Verdana,Times;font-size:12px;text-align:left;width:100%;border-spacing:0px; padding:3px 3px 3px 3px">
<tr>
<td>SHAPE</td>
<td>Polygon</td>
</tr>
<tr bgcolor="#D4E4F3">
<td>SHAPE_Length</td>
<td>568.924876</td>
</tr>
<tr>
<td>SHAPE_Area</td>
<td>17992.896356</td>
</tr>
<tr bgcolor="#D4E4F3">
<td>Gat_name</td>
<td>Gat 25</td>
</tr>
</table>
</td>
</tr>
</table>
</body>
</html>
]]></description>
      <styleUrl>#PolyStyle00</styleUrl>
      <MultiGeometry>
        <Polygon>
          <extrude>0</extrude><altitudeMode>clampToGround</altitudeMode>
          <outerBoundaryIs><LinearRing><coordinates> 74.50479674500966,18.15207192696132,0 74.50494246584761,18.15224323020364,0 74.50498729427066,18.15244097626604,0 74.50493550744601,18.15295977981184,0 74.50325030603904,18.15351624428217,0 74.50316364234099,18.15271621563929,0 74.50479674500966,18.15207192696132,0</coordinates></LinearRing></outerBoundaryIs>
        </Polygon>
      </MultiGeometry>
    </Placemark>
    <Placemark id="ID_00111">
      <name>Gat 28</name>
      <Snippet></Snippet>
      <description><![CDATA[<html xmlns:fo="http://www.w3.org/1999/XSL/Format" xmlns:msxsl="urn:schemas-microsoft-com:xslt">
<head>
<META http-equiv="Content-Type" content="text/html">
<meta http-equiv="content-type" content="text/html; charset=UTF-8">
</head>
<body style="margin:0px 0px 0px 0px;overflow:auto;background:#FFFFFF;">
<table style="font-family:Arial,Verdana,Times;font-size:12px;text-align:left;width:100%;border-collapse:collapse;padding:3px 3px 3px 3px">
<tr style="text-align:center;font-weight:bold;background:#9CBCE2">
<td>Gat 28</td>
</tr>
<tr>
<td>
<table style="font-family:Arial,Verdana,Times;font-size:12px;text-align:left;width:100%;border-spacing:0px; padding:3px 3px 3px 3px">
<tr>
<td>SHAPE</td>
<td>Polygon</td>
</tr>
<tr bgcolor="#D4E4F3">
<td>SHAPE_Length</td>
<td>839.832601</td>
</tr>
<tr>
<td>SHAPE_Area</td>
<td>36526.948872</td>
</tr>
<tr bgcolor="#D4E4F3">
<td>Gat_name</td>
<td>Gat 28</td>
</tr>
</table>
</td>
</tr>
</table>
</body>
</html>
]]></description>
      <styleUrl>#PolyStyle00</styleUrl>
      <MultiGeometry>
        <Polygon>
          <extrude>0</extrude><altitudeMode>clampToGround</altitudeMode>
          <outerBoundaryIs><LinearRing><coordinates> 74.50364239122092,18.15338677705484,0 74.50385433471391,18.15398106085227,0 74.50478948491541,18.15374284972199,0 74.50496155534205,18.15369105532949,0 74.50537978455223,18.15424762038185,0 74.50541585803349,18.15429562475715,0 74.5055313970949,18.15462214107479,0 74.5055330464202,18.15498327560559,0 74.50553314877482,18.15499293411248,0 74.5052126240012,18.15500956174886,0 74.5042002615958,18.15554974875293,0 74.50410300421359,18.15554260728187,0 74.50359934699139,18.15550562245183,0 74.50341014143382,18.15442723779998,0 74.50325030603904,18.15351624428217,0 74.50364239122092,18.15338677705484,0</coordinates></LinearRing></outerBoundaryIs>
        </Polygon>
      </MultiGeometry>
    </Placemark>
    <Placemark id="ID_00112">
      <name>Gat 26</name>
      <Snippet></Snippet>
      <description><![CDATA[<html xmlns:fo="http://www.w3.org/1999/XSL/Format" xmlns:msxsl="urn:schemas-microsoft-com:xslt">
<head>
<META http-equiv="Content-Type" content="text/html">
<meta http-equiv="content-type" content="text/html; charset=UTF-8">
</head>
<body style="margin:0px 0px 0px 0px;overflow:auto;background:#FFFFFF;">
<table style="font-family:Arial,Verdana,Times;font-size:12px;text-align:left;width:100%;border-collapse:collapse;padding:3px 3px 3px 3px">
<tr style="text-align:center;font-weight:bold;background:#9CBCE2">
<td>Gat 26</td>
</tr>
<tr>
<td>
<table style="font-family:Arial,Verdana,Times;font-size:12px;text-align:left;width:100%;border-spacing:0px; padding:3px 3px 3px 3px">
<tr>
<td>SHAPE</td>
<td>Polygon</td>
</tr>
<tr bgcolor="#D4E4F3">
<td>SHAPE_Length</td>
<td>413.735255</td>
</tr>
<tr>
<td>SHAPE_Area</td>
<td>9425.511316</td>
</tr>
<tr bgcolor="#D4E4F3">
<td>Gat_name</td>
<td>Gat 26</td>
</tr>
</table>
</td>
</tr>
</table>
</body>
</html>
]]></description>
      <styleUrl>#PolyStyle00</styleUrl>
      <MultiGeometry>
        <Polygon>
          <extrude>0</extrude><altitudeMode>clampToGround</altitudeMode>
          <outerBoundaryIs><LinearRing><coordinates> 74.5049430765622,18.15295602944905,0 74.50489542335644,18.15357533144936,0 74.50477062094544,18.15363280960817,0 74.50478731026701,18.15373016530543,0 74.50478948491541,18.15374284972199,0 74.5043633425513,18.15385404391806,0 74.50385599484962,18.15398642570316,0 74.50364405134498,18.1533921419076,0 74.50364239122092,18.15338677705484,0 74.50380106208348,18.153334383329,0 74.50415251645198,18.15321833050379,0 74.50461602832095,18.15306527483889,0 74.5049430765622,18.15295602944905,0</coordinates></LinearRing></outerBoundaryIs>
        </Polygon>
      </MultiGeometry>
    </Placemark>
    <Placemark id="ID_00113">
      <name>Gat 9</name>
      <Snippet></Snippet>
      <description><![CDATA[<html xmlns:fo="http://www.w3.org/1999/XSL/Format" xmlns:msxsl="urn:schemas-microsoft-com:xslt">
<head>
<META http-equiv="Content-Type" content="text/html">
<meta http-equiv="content-type" content="text/html; charset=UTF-8">
</head>
<body style="margin:0px 0px 0px 0px;overflow:auto;background:#FFFFFF;">
<table style="font-family:Arial,Verdana,Times;font-size:12px;text-align:left;width:100%;border-collapse:collapse;padding:3px 3px 3px 3px">
<tr style="text-align:center;font-weight:bold;background:#9CBCE2">
<td>Gat 9</td>
</tr>
<tr>
<td>
<table style="font-family:Arial,Verdana,Times;font-size:12px;text-align:left;width:100%;border-spacing:0px; padding:3px 3px 3px 3px">
<tr>
<td>SHAPE</td>
<td>Polygon</td>
</tr>
<tr bgcolor="#D4E4F3">
<td>SHAPE_Length</td>
<td>111.26177</td>
</tr>
<tr>
<td>SHAPE_Area</td>
<td>773.306322</td>
</tr>
<tr bgcolor="#D4E4F3">
<td>Gat_name</td>
<td>Gat 9</td>
</tr>
</table>
</td>
</tr>
</table>
</body>
</html>
]]></description>
      <styleUrl>#PolyStyle00</styleUrl>
      <MultiGeometry>
        <Polygon>
          <extrude>0</extrude><altitudeMode>clampToGround</altitudeMode>
          <outerBoundaryIs><LinearRing><coordinates> 74.50743444029422,18.14337901337459,0 74.50750390803245,18.1435711714015,0 74.50754267833467,18.14368694736488,0 74.50746631422692,18.14375033410838,0 74.5073893127523,18.14377528680895,0 74.50729592221363,18.14367309012025,0 74.50729579035684,18.14345555484756,0 74.50743444029422,18.14337901337459,0</coordinates></LinearRing></outerBoundaryIs>
        </Polygon>
      </MultiGeometry>
    </Placemark>
    <Placemark id="ID_00114">
      <name>Gat 8</name>
      <Snippet></Snippet>
      <description><![CDATA[<html xmlns:fo="http://www.w3.org/1999/XSL/Format" xmlns:msxsl="urn:schemas-microsoft-com:xslt">
<head>
<META http-equiv="Content-Type" content="text/html">
<meta http-equiv="content-type" content="text/html; charset=UTF-8">
</head>
<body style="margin:0px 0px 0px 0px;overflow:auto;background:#FFFFFF;">
<table style="font-family:Arial,Verdana,Times;font-size:12px;text-align:left;width:100%;border-collapse:collapse;padding:3px 3px 3px 3px">
<tr style="text-align:center;font-weight:bold;background:#9CBCE2">
<td>Gat 8</td>
</tr>
<tr>
<td>
<table style="font-family:Arial,Verdana,Times;font-size:12px;text-align:left;width:100%;border-spacing:0px; padding:3px 3px 3px 3px">
<tr>
<td>SHAPE</td>
<td>Polygon</td>
</tr>
<tr bgcolor="#D4E4F3">
<td>SHAPE_Length</td>
<td>570.304062</td>
</tr>
<tr>
<td>SHAPE_Area</td>
<td>7479.164626</td>
</tr>
<tr bgcolor="#D4E4F3">
<td>Gat_name</td>
<td>Gat 8</td>
</tr>
</table>
</td>
</tr>
</table>
</body>
</html>
]]></description>
      <styleUrl>#PolyStyle00</styleUrl>
      <MultiGeometry>
        <Polygon>
          <extrude>0</extrude><altitudeMode>clampToGround</altitudeMode>
          <outerBoundaryIs><LinearRing><coordinates> 74.5073893127523,18.14377528680895,0 74.50738471633719,18.14378408822535,0 74.50723227565405,18.14390025953356,0 74.50712949103128,18.14397858918196,0 74.50685810747049,18.14418540364288,0 74.5067683069916,18.14428096159986,0 74.50666487400369,18.14410425840913,0 74.50661189397009,18.1439114744518,0 74.50690843467673,18.14365126815637,0 74.50714722674348,18.14351237199741,0 74.50716794563684,18.14349097551969,0 74.50723506371256,18.143421659636,0 74.50733493652943,18.1434002759957,0 74.50754407878152,18.14325288972795,0 74.50770186181612,18.14315058200624,0 74.50776622092323,18.14311102358635,0 74.50781471246619,18.14307980843112,0 74.5078561896247,18.14305089272934,0 74.50793366866399,18.14296254777259,0 74.50799645345447,18.14294536120713,0 74.50799750950358,18.14294769667556,0 74.50822974792951,18.14346096609649,0 74.50823438087235,18.14347120560249,0 74.50816705666196,18.14349130450899,0 74.50753986389363,18.14367854183536,0 74.50753973710738,18.14367858037531,0 74.50753968980172,18.14367859381162,0 74.50753875045164,18.14367577147868,0 74.50750768249307,18.14358244360492,0 74.50750392396681,18.14357122024875,0 74.50753875045164,18.14367577147868,0 74.50743444029422,18.14337901337459,0 74.50729579035684,18.14345555484756,0 74.50729592221363,18.14367309012025,0 74.5073325042711,18.14371312102118,0 74.5073893127523,18.14377528680895,0</coordinates></LinearRing></outerBoundaryIs>
        </Polygon>
      </MultiGeometry>
    </Placemark>
    <Placemark id="ID_00115">
      <name>Gat 7</name>
      <Snippet></Snippet>
      <description><![CDATA[<html xmlns:fo="http://www.w3.org/1999/XSL/Format" xmlns:msxsl="urn:schemas-microsoft-com:xslt">
<head>
<META http-equiv="Content-Type" content="text/html">
<meta http-equiv="content-type" content="text/html; charset=UTF-8">
</head>
<body style="margin:0px 0px 0px 0px;overflow:auto;background:#FFFFFF;">
<table style="font-family:Arial,Verdana,Times;font-size:12px;text-align:left;width:100%;border-collapse:collapse;padding:3px 3px 3px 3px">
<tr style="text-align:center;font-weight:bold;background:#9CBCE2">
<td>Gat 7</td>
</tr>
<tr>
<td>
<table style="font-family:Arial,Verdana,Times;font-size:12px;text-align:left;width:100%;border-spacing:0px; padding:3px 3px 3px 3px">
<tr>
<td>SHAPE</td>
<td>Polygon</td>
</tr>
<tr bgcolor="#D4E4F3">
<td>SHAPE_Length</td>
<td>285.983737</td>
</tr>
<tr>
<td>SHAPE_Area</td>
<td>4956.106743</td>
</tr>
<tr bgcolor="#D4E4F3">
<td>Gat_name</td>
<td>Gat 7</td>
</tr>
</table>
</td>
</tr>
</table>
</body>
</html>
]]></description>
      <styleUrl>#PolyStyle00</styleUrl>
      <MultiGeometry>
        <Polygon>
          <extrude>0</extrude><altitudeMode>clampToGround</altitudeMode>
          <outerBoundaryIs><LinearRing><coordinates> 74.50799750950358,18.14294769667556,0 74.50804978374153,18.14287475617163,0 74.50812031490018,18.14287306463344,0 74.50817108674021,18.14283061074362,0 74.50818003777829,18.14276520582813,0 74.50824690070328,18.14275141441977,0 74.50833341881749,18.14274224835787,0 74.50840012262572,18.14266292837199,0 74.50840994915772,18.14265124443717,0 74.50849117913467,18.14260071486328,0 74.50853014943182,18.14261021595912,0 74.50855141559407,18.14264391238942,0 74.50885831099805,18.14318770856766,0 74.50854630470752,18.14333702721358,0 74.50824024933873,18.1434834963297,0 74.50813126770052,18.14324331593431,0 74.50799750950358,18.14294769667556,0</coordinates></LinearRing></outerBoundaryIs>
        </Polygon>
      </MultiGeometry>
    </Placemark>
    <Placemark id="ID_00116">
      <name>Gat 6</name>
      <Snippet></Snippet>
      <description><![CDATA[<html xmlns:fo="http://www.w3.org/1999/XSL/Format" xmlns:msxsl="urn:schemas-microsoft-com:xslt">
<head>
<META http-equiv="Content-Type" content="text/html">
<meta http-equiv="content-type" content="text/html; charset=UTF-8">
</head>
<body style="margin:0px 0px 0px 0px;overflow:auto;background:#FFFFFF;">
<table style="font-family:Arial,Verdana,Times;font-size:12px;text-align:left;width:100%;border-collapse:collapse;padding:3px 3px 3px 3px">
<tr style="text-align:center;font-weight:bold;background:#9CBCE2">
<td>Gat 6</td>
</tr>
<tr>
<td>
<table style="font-family:Arial,Verdana,Times;font-size:12px;text-align:left;width:100%;border-spacing:0px; padding:3px 3px 3px 3px">
<tr>
<td>SHAPE</td>
<td>Polygon</td>
</tr>
<tr bgcolor="#D4E4F3">
<td>SHAPE_Length</td>
<td>383.119947</td>
</tr>
<tr>
<td>SHAPE_Area</td>
<td>8904.542605</td>
</tr>
<tr bgcolor="#D4E4F3">
<td>Gat_name</td>
<td>Gat 6</td>
</tr>
</table>
</td>
</tr>
</table>
</body>
</html>
]]></description>
      <styleUrl>#PolyStyle00</styleUrl>
      <MultiGeometry>
        <Polygon>
          <extrude>0</extrude><altitudeMode>clampToGround</altitudeMode>
          <outerBoundaryIs><LinearRing><coordinates> 74.50855141559407,18.14264391238942,0 74.50855228843601,18.14259169982173,0 74.5087462491817,18.14245988065282,0 74.50885505780371,18.14240900736295,0 74.50904830576647,18.14231463147664,0 74.50914702210778,18.14226392297869,0 74.50928347802717,18.14219382692898,0 74.50952684562012,18.14206881307564,0 74.50959439188168,18.14202883463627,0 74.50978488801088,18.1424952637224,0 74.50938387102707,18.14293470588855,0 74.50885831099805,18.14318770856766,0 74.50855141559407,18.14264391238942,0</coordinates></LinearRing></outerBoundaryIs>
        </Polygon>
      </MultiGeometry>
    </Placemark>
    <Placemark id="ID_00117">
      <name>Gat 5</name>
      <Snippet></Snippet>
      <description><![CDATA[<html xmlns:fo="http://www.w3.org/1999/XSL/Format" xmlns:msxsl="urn:schemas-microsoft-com:xslt">
<head>
<META http-equiv="Content-Type" content="text/html">
<meta http-equiv="content-type" content="text/html; charset=UTF-8">
</head>
<body style="margin:0px 0px 0px 0px;overflow:auto;background:#FFFFFF;">
<table style="font-family:Arial,Verdana,Times;font-size:12px;text-align:left;width:100%;border-collapse:collapse;padding:3px 3px 3px 3px">
<tr style="text-align:center;font-weight:bold;background:#9CBCE2">
<td>Gat 5</td>
</tr>
<tr>
<td>
<table style="font-family:Arial,Verdana,Times;font-size:12px;text-align:left;width:100%;border-spacing:0px; padding:3px 3px 3px 3px">
<tr>
<td>SHAPE</td>
<td>Polygon</td>
</tr>
<tr bgcolor="#D4E4F3">
<td>SHAPE_Length</td>
<td>292.286254</td>
</tr>
<tr>
<td>SHAPE_Area</td>
<td>3904.341305</td>
</tr>
<tr bgcolor="#D4E4F3">
<td>Gat_name</td>
<td>Gat 5</td>
</tr>
</table>
</td>
</tr>
</table>
</body>
</html>
]]></description>
      <styleUrl>#PolyStyle00</styleUrl>
      <MultiGeometry>
        <Polygon>
          <extrude>0</extrude><altitudeMode>clampToGround</altitudeMode>
          <outerBoundaryIs><LinearRing><coordinates> 74.50959439188168,18.14202883463627,0 74.50979425892746,18.14194410599267,0 74.50992917174615,18.14189565302735,0 74.51007150989544,18.14177739033697,0 74.51013107236102,18.14173506312904,0 74.5101856488353,18.14170264900701,0 74.51020300632817,18.14157398955688,0 74.51040952377186,18.14159398789479,0 74.51042208481793,18.14185345528052,0 74.51039462364382,18.14188934134715,0 74.51037574912014,18.14191400658854,0 74.51022837896875,18.14203837377905,0 74.51011295975476,18.14218918130113,0 74.50994065685369,18.14238737600647,0 74.5098807575386,18.14241241033171,0 74.50978488801088,18.1424952637224,0 74.50959439188168,18.14202883463627,0</coordinates></LinearRing></outerBoundaryIs>
        </Polygon>
      </MultiGeometry>
    </Placemark>
    <Placemark id="ID_00118">
      <name>Gat 4</name>
      <Snippet></Snippet>
      <description><![CDATA[<html xmlns:fo="http://www.w3.org/1999/XSL/Format" xmlns:msxsl="urn:schemas-microsoft-com:xslt">
<head>
<META http-equiv="Content-Type" content="text/html">
<meta http-equiv="content-type" content="text/html; charset=UTF-8">
</head>
<body style="margin:0px 0px 0px 0px;overflow:auto;background:#FFFFFF;">
<table style="font-family:Arial,Verdana,Times;font-size:12px;text-align:left;width:100%;border-collapse:collapse;padding:3px 3px 3px 3px">
<tr style="text-align:center;font-weight:bold;background:#9CBCE2">
<td>Gat 4</td>
</tr>
<tr>
<td>
<table style="font-family:Arial,Verdana,Times;font-size:12px;text-align:left;width:100%;border-spacing:0px; padding:3px 3px 3px 3px">
<tr>
<td>SHAPE</td>
<td>Polygon</td>
</tr>
<tr bgcolor="#D4E4F3">
<td>SHAPE_Length</td>
<td>239.111539</td>
</tr>
<tr>
<td>SHAPE_Area</td>
<td>1577.730445</td>
</tr>
<tr bgcolor="#D4E4F3">
<td>Gat_name</td>
<td>Gat 4</td>
</tr>
</table>
</td>
</tr>
</table>
</body>
</html>
]]></description>
      <styleUrl>#PolyStyle00</styleUrl>
      <MultiGeometry>
        <Polygon>
          <extrude>0</extrude><altitudeMode>clampToGround</altitudeMode>
          <outerBoundaryIs><LinearRing><coordinates> 74.51020300632817,18.14157398955688,0 74.51017671133002,18.14143753018203,0 74.51007450160313,18.14105919504902,0 74.50996942063486,18.14067023171046,0 74.50998158009342,18.14067856157977,0 74.51001810928308,18.14071280285496,0 74.51008216787577,18.1407728487796,0 74.51019772846405,18.14099469998242,0 74.51021867505587,18.14103491289826,0 74.51026443487241,18.14112276172623,0 74.51033036327244,18.1413327079202,0 74.51034734249849,18.1413867771957,0 74.51040354549296,18.14156575259166,0 74.51040922117828,18.1415838263361,0 74.51040952377186,18.14159398789479,0 74.51028494889674,18.1415819248641,0 74.51020300632817,18.14157398955688,0</coordinates></LinearRing></outerBoundaryIs>
        </Polygon>
      </MultiGeometry>
    </Placemark>
    <Placemark id="ID_00119">
      <name>Gat 216</name>
      <Snippet></Snippet>
      <description><![CDATA[<html xmlns:fo="http://www.w3.org/1999/XSL/Format" xmlns:msxsl="urn:schemas-microsoft-com:xslt">
<head>
<META http-equiv="Content-Type" content="text/html">
<meta http-equiv="content-type" content="text/html; charset=UTF-8">
</head>
<body style="margin:0px 0px 0px 0px;overflow:auto;background:#FFFFFF;">
<table style="font-family:Arial,Verdana,Times;font-size:12px;text-align:left;width:100%;border-collapse:collapse;padding:3px 3px 3px 3px">
<tr style="text-align:center;font-weight:bold;background:#9CBCE2">
<td>Gat 216</td>
</tr>
<tr>
<td>
<table style="font-family:Arial,Verdana,Times;font-size:12px;text-align:left;width:100%;border-spacing:0px; padding:3px 3px 3px 3px">
<tr>
<td>SHAPE</td>
<td>Polygon</td>
</tr>
<tr bgcolor="#D4E4F3">
<td>SHAPE_Length</td>
<td>120.881383</td>
</tr>
<tr>
<td>SHAPE_Area</td>
<td>899.653251</td>
</tr>
<tr bgcolor="#D4E4F3">
<td>Gat_name</td>
<td>Gat 216</td>
</tr>
</table>
</td>
</tr>
</table>
</body>
</html>
]]></description>
      <styleUrl>#PolyStyle00</styleUrl>
      <MultiGeometry>
        <Polygon>
          <extrude>0</extrude><altitudeMode>clampToGround</altitudeMode>
          <outerBoundaryIs><LinearRing><coordinates> 74.5106758413439,18.1412237728566,0 74.51093046530328,18.14120398728824,0 74.51093487436657,18.14125059062157,0 74.51096813366796,18.14150019202648,0 74.51095859122714,18.14150124242668,0 74.51075105942293,18.14152408787715,0 74.51074478794618,18.14152477782135,0 74.51071530954123,18.14152802262888,0 74.5106758413439,18.1412237728566,0</coordinates></LinearRing></outerBoundaryIs>
        </Polygon>
      </MultiGeometry>
    </Placemark>
    <Placemark id="ID_00120">
      <name>Gat 214</name>
      <Snippet></Snippet>
      <description><![CDATA[<html xmlns:fo="http://www.w3.org/1999/XSL/Format" xmlns:msxsl="urn:schemas-microsoft-com:xslt">
<head>
<META http-equiv="Content-Type" content="text/html">
<meta http-equiv="content-type" content="text/html; charset=UTF-8">
</head>
<body style="margin:0px 0px 0px 0px;overflow:auto;background:#FFFFFF;">
<table style="font-family:Arial,Verdana,Times;font-size:12px;text-align:left;width:100%;border-collapse:collapse;padding:3px 3px 3px 3px">
<tr style="text-align:center;font-weight:bold;background:#9CBCE2">
<td>Gat 214</td>
</tr>
<tr>
<td>
<table style="font-family:Arial,Verdana,Times;font-size:12px;text-align:left;width:100%;border-spacing:0px; padding:3px 3px 3px 3px">
<tr>
<td>SHAPE</td>
<td>Polygon</td>
</tr>
<tr bgcolor="#D4E4F3">
<td>SHAPE_Length</td>
<td>672.045769</td>
</tr>
<tr>
<td>SHAPE_Area</td>
<td>22064.89358</td>
</tr>
<tr bgcolor="#D4E4F3">
<td>Gat_name</td>
<td>Gat 214</td>
</tr>
</table>
</td>
</tr>
</table>
</body>
</html>
]]></description>
      <styleUrl>#PolyStyle00</styleUrl>
      <MultiGeometry>
        <Polygon>
          <extrude>0</extrude><altitudeMode>clampToGround</altitudeMode>
          <outerBoundaryIs><LinearRing><coordinates> 74.51021285979176,18.14029343340962,0 74.51019075494206,18.14001257167455,0 74.51016240961573,18.13991078137076,0 74.51013284826955,18.13972015561622,0 74.51019932729902,18.13938637624231,0 74.51019651475097,18.13862166695024,0 74.51010935478969,18.13819899680261,0 74.51015166066766,18.13810275228043,0 74.51025541590722,18.13805742467344,0 74.51092468416361,18.13793617359981,0 74.51111551387747,18.14014780838854,0 74.51072219136068,18.14021126337145,0 74.51021285979176,18.14029343340962,0</coordinates></LinearRing></outerBoundaryIs>
        </Polygon>
      </MultiGeometry>
    </Placemark>
    <Placemark id="ID_00121">
      <name>Gat 215</name>
      <Snippet></Snippet>
      <description><![CDATA[<html xmlns:fo="http://www.w3.org/1999/XSL/Format" xmlns:msxsl="urn:schemas-microsoft-com:xslt">
<head>
<META http-equiv="Content-Type" content="text/html">
<meta http-equiv="content-type" content="text/html; charset=UTF-8">
</head>
<body style="margin:0px 0px 0px 0px;overflow:auto;background:#FFFFFF;">
<table style="font-family:Arial,Verdana,Times;font-size:12px;text-align:left;width:100%;border-collapse:collapse;padding:3px 3px 3px 3px">
<tr style="text-align:center;font-weight:bold;background:#9CBCE2">
<td>Gat 215</td>
</tr>
<tr>
<td>
<table style="font-family:Arial,Verdana,Times;font-size:12px;text-align:left;width:100%;border-spacing:0px; padding:3px 3px 3px 3px">
<tr>
<td>SHAPE</td>
<td>Polygon</td>
</tr>
<tr bgcolor="#D4E4F3">
<td>SHAPE_Length</td>
<td>1023.833733</td>
</tr>
<tr>
<td>SHAPE_Area</td>
<td>35782.119679</td>
</tr>
<tr bgcolor="#D4E4F3">
<td>Gat_name</td>
<td>Gat 215</td>
</tr>
</table>
</td>
</tr>
</table>
</body>
</html>
]]></description>
      <styleUrl>#PolyStyle00</styleUrl>
      <MultiGeometry>
        <Polygon>
          <extrude>0</extrude><altitudeMode>clampToGround</altitudeMode>
          <outerBoundaryIs><LinearRing><coordinates> 74.51181570628933,18.14016377471513,0 74.51188475845046,18.14102019132394,0 74.51062759222893,18.14101934076218,0 74.51062175723028,18.14101945517283,0 74.51021244935791,18.14029926203036,0 74.51066252955287,18.14022088836644,0 74.51111551387747,18.14014780838854,0 74.51105858306312,18.13948801040167,0 74.51092463196828,18.13793556609724,0 74.51182478605777,18.1377692181475,0 74.51181570628933,18.14016377471513,0</coordinates></LinearRing></outerBoundaryIs>
        </Polygon>
      </MultiGeometry>
    </Placemark>
    <Placemark id="ID_00122">
      <name>Gat 113</name>
      <Snippet></Snippet>
      <description><![CDATA[<html xmlns:fo="http://www.w3.org/1999/XSL/Format" xmlns:msxsl="urn:schemas-microsoft-com:xslt">
<head>
<META http-equiv="Content-Type" content="text/html">
<meta http-equiv="content-type" content="text/html; charset=UTF-8">
</head>
<body style="margin:0px 0px 0px 0px;overflow:auto;background:#FFFFFF;">
<table style="font-family:Arial,Verdana,Times;font-size:12px;text-align:left;width:100%;border-collapse:collapse;padding:3px 3px 3px 3px">
<tr style="text-align:center;font-weight:bold;background:#9CBCE2">
<td>Gat 113</td>
</tr>
<tr>
<td>
<table style="font-family:Arial,Verdana,Times;font-size:12px;text-align:left;width:100%;border-spacing:0px; padding:3px 3px 3px 3px">
<tr>
<td>SHAPE</td>
<td>Polygon</td>
</tr>
<tr bgcolor="#D4E4F3">
<td>SHAPE_Length</td>
<td>2008.498854</td>
</tr>
<tr>
<td>SHAPE_Area</td>
<td>95524.890551</td>
</tr>
<tr bgcolor="#D4E4F3">
<td>Gat_name</td>
<td>Gat 113</td>
</tr>
</table>
</td>
</tr>
</table>
</body>
</html>
]]></description>
      <styleUrl>#PolyStyle00</styleUrl>
      <MultiGeometry>
        <Polygon>
          <extrude>0</extrude><altitudeMode>clampToGround</altitudeMode>
          <outerBoundaryIs><LinearRing><coordinates> 74.52011617076542,18.14387814272674,0 74.52016484451779,18.14369764374552,0 74.52024030524294,18.14333229709688,0 74.52144822831832,18.14336940769958,0 74.5222117069578,18.14339458722961,0 74.52283141689328,18.14341502376558,0 74.52379316600779,18.14344673512532,0 74.52379416239732,18.14342788560421,0 74.52381224114988,18.14308576650297,0 74.52382994412497,18.14275077402304,0 74.52403366649679,18.14277080059391,0 74.52514080710213,18.1428734245166,0 74.52638938118041,18.14298915041488,0 74.52842789180536,18.14316642093587,0 74.52829413255128,18.14440672582624,0 74.5260982538987,18.1442650998598,0 74.52412705345874,18.14413794251488,0 74.52191544718136,18.14399485895487,0 74.5208083984588,18.1439230487859,0 74.52011617076542,18.14387814272674,0</coordinates></LinearRing></outerBoundaryIs>
        </Polygon>
      </MultiGeometry>
    </Placemark>
    <Placemark id="ID_00123">
      <name>Gat 114</name>
      <Snippet></Snippet>
      <description><![CDATA[<html xmlns:fo="http://www.w3.org/1999/XSL/Format" xmlns:msxsl="urn:schemas-microsoft-com:xslt">
<head>
<META http-equiv="Content-Type" content="text/html">
<meta http-equiv="content-type" content="text/html; charset=UTF-8">
</head>
<body style="margin:0px 0px 0px 0px;overflow:auto;background:#FFFFFF;">
<table style="font-family:Arial,Verdana,Times;font-size:12px;text-align:left;width:100%;border-collapse:collapse;padding:3px 3px 3px 3px">
<tr style="text-align:center;font-weight:bold;background:#9CBCE2">
<td>Gat 114</td>
</tr>
<tr>
<td>
<table style="font-family:Arial,Verdana,Times;font-size:12px;text-align:left;width:100%;border-spacing:0px; padding:3px 3px 3px 3px">
<tr>
<td>SHAPE</td>
<td>Polygon</td>
</tr>
<tr bgcolor="#D4E4F3">
<td>SHAPE_Length</td>
<td>885.961972</td>
</tr>
<tr>
<td>SHAPE_Area</td>
<td>26241.803404</td>
</tr>
<tr bgcolor="#D4E4F3">
<td>Gat_name</td>
<td>Gat 114</td>
</tr>
</table>
</td>
</tr>
</table>
</body>
</html>
]]></description>
      <styleUrl>#PolyStyle00</styleUrl>
      <MultiGeometry>
        <Polygon>
          <extrude>0</extrude><altitudeMode>clampToGround</altitudeMode>
          <outerBoundaryIs><LinearRing><coordinates> 74.52023890707423,18.14332951706137,0 74.52035025480568,18.14275557928891,0 74.52181148027901,18.14275073947001,0 74.52382994412497,18.14275077402304,0 74.52379316600779,18.14344673512532,0 74.52172176753129,18.1433784291049,0 74.52023890707423,18.14332951706137,0</coordinates></LinearRing></outerBoundaryIs>
        </Polygon>
      </MultiGeometry>
    </Placemark>
    <Placemark id="ID_00124">
      <name>Gat 152</name>
      <Snippet></Snippet>
      <description><![CDATA[<html xmlns:fo="http://www.w3.org/1999/XSL/Format" xmlns:msxsl="urn:schemas-microsoft-com:xslt">
<head>
<META http-equiv="Content-Type" content="text/html">
<meta http-equiv="content-type" content="text/html; charset=UTF-8">
</head>
<body style="margin:0px 0px 0px 0px;overflow:auto;background:#FFFFFF;">
<table style="font-family:Arial,Verdana,Times;font-size:12px;text-align:left;width:100%;border-collapse:collapse;padding:3px 3px 3px 3px">
<tr style="text-align:center;font-weight:bold;background:#9CBCE2">
<td>Gat 152</td>
</tr>
<tr>
<td>
<table style="font-family:Arial,Verdana,Times;font-size:12px;text-align:left;width:100%;border-spacing:0px; padding:3px 3px 3px 3px">
<tr>
<td>SHAPE</td>
<td>Polygon</td>
</tr>
<tr bgcolor="#D4E4F3">
<td>SHAPE_Length</td>
<td>1155.776677</td>
</tr>
<tr>
<td>SHAPE_Area</td>
<td>81412.261137</td>
</tr>
<tr bgcolor="#D4E4F3">
<td>Gat_name</td>
<td>Gat 152</td>
</tr>
</table>
</td>
</tr>
</table>
</body>
</html>
]]></description>
      <styleUrl>#PolyStyle00</styleUrl>
      <MultiGeometry>
        <Polygon>
          <extrude>0</extrude><altitudeMode>clampToGround</altitudeMode>
          <outerBoundaryIs><LinearRing><coordinates> 74.52035025480568,18.14275557928891,0 74.52065405175335,18.14182480805816,0 74.52115170399456,18.14030007906768,0 74.52344230780852,18.14042861475715,0 74.52367526196478,18.14153675627316,0 74.52382994412497,18.14275077402304,0 74.52196390591017,18.14275074305391,0 74.52035025480568,18.14275557928891,0</coordinates></LinearRing></outerBoundaryIs>
        </Polygon>
      </MultiGeometry>
    </Placemark>
    <Placemark id="ID_00125">
      <name>Gat 144</name>
      <Snippet></Snippet>
      <description><![CDATA[<html xmlns:fo="http://www.w3.org/1999/XSL/Format" xmlns:msxsl="urn:schemas-microsoft-com:xslt">
<head>
<META http-equiv="Content-Type" content="text/html">
<meta http-equiv="content-type" content="text/html; charset=UTF-8">
</head>
<body style="margin:0px 0px 0px 0px;overflow:auto;background:#FFFFFF;">
<table style="font-family:Arial,Verdana,Times;font-size:12px;text-align:left;width:100%;border-collapse:collapse;padding:3px 3px 3px 3px">
<tr style="text-align:center;font-weight:bold;background:#9CBCE2">
<td>Gat 144</td>
</tr>
<tr>
<td>
<table style="font-family:Arial,Verdana,Times;font-size:12px;text-align:left;width:100%;border-spacing:0px; padding:3px 3px 3px 3px">
<tr>
<td>SHAPE</td>
<td>Polygon</td>
</tr>
<tr bgcolor="#D4E4F3">
<td>SHAPE_Length</td>
<td>647.19341</td>
</tr>
<tr>
<td>SHAPE_Area</td>
<td>22649.493159</td>
</tr>
<tr bgcolor="#D4E4F3">
<td>Gat_name</td>
<td>Gat 144</td>
</tr>
</table>
</td>
</tr>
</table>
</body>
</html>
]]></description>
      <styleUrl>#PolyStyle00</styleUrl>
      <MultiGeometry>
        <Polygon>
          <extrude>0</extrude><altitudeMode>clampToGround</altitudeMode>
          <outerBoundaryIs><LinearRing><coordinates> 74.52115423754458,18.14029694277037,0 74.52155389585241,18.13938615674227,0 74.52331718540766,18.139436730611,0 74.52342936659258,18.14042701277004,0 74.52184297884921,18.14033887251976,0 74.52115423754458,18.14029694277037,0</coordinates></LinearRing></outerBoundaryIs>
        </Polygon>
      </MultiGeometry>
    </Placemark>
    <Placemark id="ID_00126">
      <name>Gat 143</name>
      <Snippet></Snippet>
      <description><![CDATA[<html xmlns:fo="http://www.w3.org/1999/XSL/Format" xmlns:msxsl="urn:schemas-microsoft-com:xslt">
<head>
<META http-equiv="Content-Type" content="text/html">
<meta http-equiv="content-type" content="text/html; charset=UTF-8">
</head>
<body style="margin:0px 0px 0px 0px;overflow:auto;background:#FFFFFF;">
<table style="font-family:Arial,Verdana,Times;font-size:12px;text-align:left;width:100%;border-collapse:collapse;padding:3px 3px 3px 3px">
<tr style="text-align:center;font-weight:bold;background:#9CBCE2">
<td>Gat 143</td>
</tr>
<tr>
<td>
<table style="font-family:Arial,Verdana,Times;font-size:12px;text-align:left;width:100%;border-spacing:0px; padding:3px 3px 3px 3px">
<tr>
<td>SHAPE</td>
<td>Polygon</td>
</tr>
<tr bgcolor="#D4E4F3">
<td>SHAPE_Length</td>
<td>509.593318</td>
</tr>
<tr>
<td>SHAPE_Area</td>
<td>14111.5601</td>
</tr>
<tr bgcolor="#D4E4F3">
<td>Gat_name</td>
<td>Gat 143</td>
</tr>
</table>
</td>
</tr>
</table>
</body>
</html>
]]></description>
      <styleUrl>#PolyStyle00</styleUrl>
      <MultiGeometry>
        <Polygon>
          <extrude>0</extrude><altitudeMode>clampToGround</altitudeMode>
          <outerBoundaryIs><LinearRing><coordinates> 74.52155389585241,18.13938615674227,0 74.52239249060314,18.13846068211268,0 74.52319500021204,18.13851890673204,0 74.52331718540766,18.139436730611,0 74.52259125930323,18.13942026873695,0 74.52155389585241,18.13938615674227,0</coordinates></LinearRing></outerBoundaryIs>
        </Polygon>
      </MultiGeometry>
    </Placemark>
    <Placemark id="ID_00127">
      <name>Gat 142</name>
      <Snippet></Snippet>
      <description><![CDATA[<html xmlns:fo="http://www.w3.org/1999/XSL/Format" xmlns:msxsl="urn:schemas-microsoft-com:xslt">
<head>
<META http-equiv="Content-Type" content="text/html">
<meta http-equiv="content-type" content="text/html; charset=UTF-8">
</head>
<body style="margin:0px 0px 0px 0px;overflow:auto;background:#FFFFFF;">
<table style="font-family:Arial,Verdana,Times;font-size:12px;text-align:left;width:100%;border-collapse:collapse;padding:3px 3px 3px 3px">
<tr style="text-align:center;font-weight:bold;background:#9CBCE2">
<td>Gat 142</td>
</tr>
<tr>
<td>
<table style="font-family:Arial,Verdana,Times;font-size:12px;text-align:left;width:100%;border-spacing:0px; padding:3px 3px 3px 3px">
<tr>
<td>SHAPE</td>
<td>Polygon</td>
</tr>
<tr bgcolor="#D4E4F3">
<td>SHAPE_Length</td>
<td>280.591781</td>
</tr>
<tr>
<td>SHAPE_Area</td>
<td>3600.351234</td>
</tr>
<tr bgcolor="#D4E4F3">
<td>Gat_name</td>
<td>Gat 142</td>
</tr>
</table>
</td>
</tr>
</table>
</body>
</html>
]]></description>
      <styleUrl>#PolyStyle00</styleUrl>
      <MultiGeometry>
        <Polygon>
          <extrude>0</extrude><altitudeMode>clampToGround</altitudeMode>
          <outerBoundaryIs><LinearRing><coordinates> 74.52239249060314,18.13846068211268,0 74.52310755209729,18.13774592188223,0 74.52319500021204,18.13851890673204,0 74.52277432299886,18.13848838597895,0 74.52239249060314,18.13846068211268,0</coordinates></LinearRing></outerBoundaryIs>
        </Polygon>
      </MultiGeometry>
    </Placemark>
    <Placemark id="ID_00128">
      <name>Gat 129</name>
      <Snippet></Snippet>
      <description><![CDATA[<html xmlns:fo="http://www.w3.org/1999/XSL/Format" xmlns:msxsl="urn:schemas-microsoft-com:xslt">
<head>
<META http-equiv="Content-Type" content="text/html">
<meta http-equiv="content-type" content="text/html; charset=UTF-8">
</head>
<body style="margin:0px 0px 0px 0px;overflow:auto;background:#FFFFFF;">
<table style="font-family:Arial,Verdana,Times;font-size:12px;text-align:left;width:100%;border-collapse:collapse;padding:3px 3px 3px 3px">
<tr style="text-align:center;font-weight:bold;background:#9CBCE2">
<td>Gat 129</td>
</tr>
<tr>
<td>
<table style="font-family:Arial,Verdana,Times;font-size:12px;text-align:left;width:100%;border-spacing:0px; padding:3px 3px 3px 3px">
<tr>
<td>SHAPE</td>
<td>Polygon</td>
</tr>
<tr bgcolor="#D4E4F3">
<td>SHAPE_Length</td>
<td>1264.574766</td>
</tr>
<tr>
<td>SHAPE_Area</td>
<td>101854.9116</td>
</tr>
<tr bgcolor="#D4E4F3">
<td>Gat_name</td>
<td>Gat 129</td>
</tr>
</table>
</td>
</tr>
</table>
</body>
</html>
]]></description>
      <styleUrl>#PolyStyle00</styleUrl>
      <MultiGeometry>
        <Polygon>
          <extrude>0</extrude><altitudeMode>clampToGround</altitudeMode>
          <outerBoundaryIs><LinearRing><coordinates> 74.52310755209729,18.13774592188223,0 74.5234032745294,18.13741701275634,0 74.52638861572318,18.13810169619407,0 74.52644362765143,18.13828990959195,0 74.52647159140197,18.14054506916658,0 74.52342936659258,18.14042701277004,0 74.52331718540766,18.139436730611,0 74.52319500021204,18.13851890673204,0 74.52310755209729,18.13774592188223,0</coordinates></LinearRing></outerBoundaryIs>
        </Polygon>
      </MultiGeometry>
    </Placemark>
    <Placemark id="ID_00129">
      <name>Gat 117</name>
      <Snippet></Snippet>
      <description><![CDATA[<html xmlns:fo="http://www.w3.org/1999/XSL/Format" xmlns:msxsl="urn:schemas-microsoft-com:xslt">
<head>
<META http-equiv="Content-Type" content="text/html">
<meta http-equiv="content-type" content="text/html; charset=UTF-8">
</head>
<body style="margin:0px 0px 0px 0px;overflow:auto;background:#FFFFFF;">
<table style="font-family:Arial,Verdana,Times;font-size:12px;text-align:left;width:100%;border-collapse:collapse;padding:3px 3px 3px 3px">
<tr style="text-align:center;font-weight:bold;background:#9CBCE2">
<td>Gat 117</td>
</tr>
<tr>
<td>
<table style="font-family:Arial,Verdana,Times;font-size:12px;text-align:left;width:100%;border-spacing:0px; padding:3px 3px 3px 3px">
<tr>
<td>SHAPE</td>
<td>Polygon</td>
</tr>
<tr bgcolor="#D4E4F3">
<td>SHAPE_Length</td>
<td>1174.529589</td>
</tr>
<tr>
<td>SHAPE_Area</td>
<td>43563.323011</td>
</tr>
<tr bgcolor="#D4E4F3">
<td>Gat_name</td>
<td>Gat 117</td>
</tr>
</table>
</td>
</tr>
</table>
</body>
</html>
]]></description>
      <styleUrl>#PolyStyle00</styleUrl>
      <MultiGeometry>
        <Polygon>
          <extrude>0</extrude><altitudeMode>clampToGround</altitudeMode>
          <outerBoundaryIs><LinearRing><coordinates> 74.52647159140197,18.14054506916658,0 74.52826776560393,18.14067886427311,0 74.52822466388811,18.14149270629114,0 74.52360965756529,18.14115512715678,0 74.52359490425052,18.14115450224896,0 74.52356585261647,18.14101630592786,0 74.52347955101898,18.14060577812487,0 74.52344230780852,18.14042861475715,0 74.52356481841193,18.14043227033709,0 74.52439108532923,18.14046433801584,0 74.52647159140197,18.14054506916658,0</coordinates></LinearRing></outerBoundaryIs>
        </Polygon>
      </MultiGeometry>
    </Placemark>
    <Placemark id="ID_00130">
      <name>Gat 116</name>
      <Snippet></Snippet>
      <description><![CDATA[<html xmlns:fo="http://www.w3.org/1999/XSL/Format" xmlns:msxsl="urn:schemas-microsoft-com:xslt">
<head>
<META http-equiv="Content-Type" content="text/html">
<meta http-equiv="content-type" content="text/html; charset=UTF-8">
</head>
<body style="margin:0px 0px 0px 0px;overflow:auto;background:#FFFFFF;">
<table style="font-family:Arial,Verdana,Times;font-size:12px;text-align:left;width:100%;border-collapse:collapse;padding:3px 3px 3px 3px">
<tr style="text-align:center;font-weight:bold;background:#9CBCE2">
<td>Gat 116</td>
</tr>
<tr>
<td>
<table style="font-family:Arial,Verdana,Times;font-size:12px;text-align:left;width:100%;border-spacing:0px; padding:3px 3px 3px 3px">
<tr>
<td>SHAPE</td>
<td>Polygon</td>
</tr>
<tr bgcolor="#D4E4F3">
<td>SHAPE_Length</td>
<td>1638.124798</td>
</tr>
<tr>
<td>SHAPE_Area</td>
<td>43212.529394</td>
</tr>
<tr bgcolor="#D4E4F3">
<td>Gat_name</td>
<td>Gat 116</td>
</tr>
</table>
</td>
</tr>
</table>
</body>
</html>
]]></description>
      <styleUrl>#PolyStyle00</styleUrl>
      <MultiGeometry>
        <Polygon>
          <extrude>0</extrude><altitudeMode>clampToGround</altitudeMode>
          <outerBoundaryIs><LinearRing><coordinates> 74.52359490425052,18.14115450224896,0 74.52822466388811,18.14149270629114,0 74.52923640963043,18.14156707848798,0 74.52979176174523,18.14161077218138,0 74.52978893344176,18.14162980075161,0 74.52973550662725,18.1423499210157,0 74.52967661582107,18.14314367881289,0 74.52868263219597,18.14311991678698,0 74.52870383723709,18.14266908617908,0 74.52873265317545,18.14199170401545,0 74.5266384909912,18.14178194314795,0 74.525303138255,18.141683704627,0 74.52511938724784,18.14166693185655,0 74.52454748551585,18.14161472762638,0 74.52381379419566,18.14154775246274,0 74.52367526196478,18.14153675627316,0 74.52359490425052,18.14115450224896,0</coordinates></LinearRing></outerBoundaryIs>
        </Polygon>
      </MultiGeometry>
    </Placemark>
    <Placemark id="ID_00131">
      <name>Gat 115</name>
      <Snippet></Snippet>
      <description><![CDATA[<html xmlns:fo="http://www.w3.org/1999/XSL/Format" xmlns:msxsl="urn:schemas-microsoft-com:xslt">
<head>
<META http-equiv="Content-Type" content="text/html">
<meta http-equiv="content-type" content="text/html; charset=UTF-8">
</head>
<body style="margin:0px 0px 0px 0px;overflow:auto;background:#FFFFFF;">
<table style="font-family:Arial,Verdana,Times;font-size:12px;text-align:left;width:100%;border-collapse:collapse;padding:3px 3px 3px 3px">
<tr style="text-align:center;font-weight:bold;background:#9CBCE2">
<td>Gat 115</td>
</tr>
<tr>
<td>
<table style="font-family:Arial,Verdana,Times;font-size:12px;text-align:left;width:100%;border-spacing:0px; padding:3px 3px 3px 3px">
<tr>
<td>SHAPE</td>
<td>Polygon</td>
</tr>
<tr bgcolor="#D4E4F3">
<td>SHAPE_Length</td>
<td>1313.761468</td>
</tr>
<tr>
<td>SHAPE_Area</td>
<td>70249.361774</td>
</tr>
<tr bgcolor="#D4E4F3">
<td>Gat_name</td>
<td>Gat 115</td>
</tr>
</table>
</td>
</tr>
</table>
</body>
</html>
]]></description>
      <styleUrl>#PolyStyle00</styleUrl>
      <MultiGeometry>
        <Polygon>
          <extrude>0</extrude><altitudeMode>clampToGround</altitudeMode>
          <outerBoundaryIs><LinearRing><coordinates> 74.52367526196478,18.14153675627316,0 74.52569313394848,18.14171239640173,0 74.5266384909912,18.14178194314795,0 74.52873265317545,18.14199170401545,0 74.52870383723709,18.14266908617908,0 74.52868263219597,18.14311991678698,0 74.52856001736016,18.14315615271233,0 74.52842789180536,18.14316642093587,0 74.52673949339004,18.1430195984312,0 74.52647940556594,18.14299697943795,0 74.52638938118041,18.14298915041488,0 74.52514080710213,18.1428734245166,0 74.52403366649679,18.14277080059391,0 74.52382994412497,18.14275077402304,0 74.52372818879019,18.14195214892018,0 74.52367526196478,18.14153675627316,0</coordinates></LinearRing></outerBoundaryIs>
        </Polygon>
      </MultiGeometry>
    </Placemark>
    <Placemark id="ID_00132">
      <name>Gat 118</name>
      <Snippet></Snippet>
      <description><![CDATA[<html xmlns:fo="http://www.w3.org/1999/XSL/Format" xmlns:msxsl="urn:schemas-microsoft-com:xslt">
<head>
<META http-equiv="Content-Type" content="text/html">
<meta http-equiv="content-type" content="text/html; charset=UTF-8">
</head>
<body style="margin:0px 0px 0px 0px;overflow:auto;background:#FFFFFF;">
<table style="font-family:Arial,Verdana,Times;font-size:12px;text-align:left;width:100%;border-collapse:collapse;padding:3px 3px 3px 3px">
<tr style="text-align:center;font-weight:bold;background:#9CBCE2">
<td>Gat 118</td>
</tr>
<tr>
<td>
<table style="font-family:Arial,Verdana,Times;font-size:12px;text-align:left;width:100%;border-spacing:0px; padding:3px 3px 3px 3px">
<tr>
<td>SHAPE</td>
<td>Polygon</td>
</tr>
<tr bgcolor="#D4E4F3">
<td>SHAPE_Length</td>
<td>511.34517</td>
</tr>
<tr>
<td>SHAPE_Area</td>
<td>15048.421251</td>
</tr>
<tr bgcolor="#D4E4F3">
<td>Gat_name</td>
<td>Gat 118</td>
</tr>
</table>
</td>
</tr>
</table>
</body>
</html>
]]></description>
      <styleUrl>#PolyStyle00</styleUrl>
      <MultiGeometry>
        <Polygon>
          <extrude>0</extrude><altitudeMode>clampToGround</altitudeMode>
          <outerBoundaryIs><LinearRing><coordinates> 74.52826776560393,18.14067886427311,0 74.52978724424371,18.14077272005261,0 74.52978068021017,18.14079801476278,0 74.529784169376,18.14087339696123,0 74.52979072405803,18.1410150172167,0 74.52982403825872,18.14106343973999,0 74.52981026223974,18.14134231867857,0 74.52979035346725,18.14161066118552,0 74.52923640963043,18.14156707848798,0 74.52822466388811,18.14149270629114,0 74.52826776560393,18.14067886427311,0</coordinates></LinearRing></outerBoundaryIs>
        </Polygon>
      </MultiGeometry>
    </Placemark>
    <Placemark id="ID_00133">
      <name>Gat 128</name>
      <Snippet></Snippet>
      <description><![CDATA[<html xmlns:fo="http://www.w3.org/1999/XSL/Format" xmlns:msxsl="urn:schemas-microsoft-com:xslt">
<head>
<META http-equiv="Content-Type" content="text/html">
<meta http-equiv="content-type" content="text/html; charset=UTF-8">
</head>
<body style="margin:0px 0px 0px 0px;overflow:auto;background:#FFFFFF;">
<table style="font-family:Arial,Verdana,Times;font-size:12px;text-align:left;width:100%;border-collapse:collapse;padding:3px 3px 3px 3px">
<tr style="text-align:center;font-weight:bold;background:#9CBCE2">
<td>Gat 128</td>
</tr>
<tr>
<td>
<table style="font-family:Arial,Verdana,Times;font-size:12px;text-align:left;width:100%;border-spacing:0px; padding:3px 3px 3px 3px">
<tr>
<td>SHAPE</td>
<td>Polygon</td>
</tr>
<tr bgcolor="#D4E4F3">
<td>SHAPE_Length</td>
<td>1292.431258</td>
</tr>
<tr>
<td>SHAPE_Area</td>
<td>84584.717949</td>
</tr>
<tr bgcolor="#D4E4F3">
<td>Gat_name</td>
<td>Gat 128</td>
</tr>
</table>
</td>
</tr>
</table>
</body>
</html>
]]></description>
      <styleUrl>#PolyStyle00</styleUrl>
      <MultiGeometry>
        <Polygon>
          <extrude>0</extrude><altitudeMode>clampToGround</altitudeMode>
          <outerBoundaryIs><LinearRing><coordinates> 74.52949958422384,18.13836391589236,0 74.52962423535504,18.13882283554998,0 74.52968605329883,18.13905042815577,0 74.52987281694257,18.13973972562776,0 74.52987285802469,18.13975406945015,0 74.52985322492654,18.13999932535029,0 74.52983950429036,18.14014186318562,0 74.52981197492126,18.14042379421927,0 74.52979394284461,18.14063941754569,0 74.52978284425819,18.140772138989,0 74.52978281885559,18.14077244713165,0 74.52891184119531,18.14071864920318,0 74.52873367272423,18.14070764370026,0 74.52826776560393,18.14067886427311,0 74.52647159140197,18.14054506916658,0 74.52646481745036,18.13999874312575,0 74.52646191704223,18.13976484936117,0 74.52644362765143,18.13828990959195,0 74.52642266901302,18.13825008516763,0 74.52738574033161,18.13850233652937,0 74.52845886521318,18.13878340733096,0 74.52826297943491,18.13849169108584,0 74.52886161004764,18.13849984190492,0 74.52947809905406,18.13821175121581,0 74.52947142765029,18.13826025230516,0 74.52949958422384,18.13836391589236,0</coordinates></LinearRing></outerBoundaryIs>
        </Polygon>
      </MultiGeometry>
    </Placemark>
    <Placemark id="ID_00134">
      <name>Gat 125</name>
      <Snippet></Snippet>
      <description><![CDATA[<html xmlns:fo="http://www.w3.org/1999/XSL/Format" xmlns:msxsl="urn:schemas-microsoft-com:xslt">
<head>
<META http-equiv="Content-Type" content="text/html">
<meta http-equiv="content-type" content="text/html; charset=UTF-8">
</head>
<body style="margin:0px 0px 0px 0px;overflow:auto;background:#FFFFFF;">
<table style="font-family:Arial,Verdana,Times;font-size:12px;text-align:left;width:100%;border-collapse:collapse;padding:3px 3px 3px 3px">
<tr style="text-align:center;font-weight:bold;background:#9CBCE2">
<td>Gat 125</td>
</tr>
<tr>
<td>
<table style="font-family:Arial,Verdana,Times;font-size:12px;text-align:left;width:100%;border-spacing:0px; padding:3px 3px 3px 3px">
<tr>
<td>SHAPE</td>
<td>Polygon</td>
</tr>
<tr bgcolor="#D4E4F3">
<td>SHAPE_Length</td>
<td>1160.607151</td>
</tr>
<tr>
<td>SHAPE_Area</td>
<td>57838.622792</td>
</tr>
<tr bgcolor="#D4E4F3">
<td>Gat_name</td>
<td>Gat 125</td>
</tr>
</table>
</td>
</tr>
</table>
</body>
</html>
]]></description>
      <styleUrl>#PolyStyle00</styleUrl>
      <MultiGeometry>
        <Polygon>
          <extrude>0</extrude><altitudeMode>clampToGround</altitudeMode>
          <outerBoundaryIs><LinearRing><coordinates> 74.5323316800295,18.13382933438395,0 74.53228010463759,18.13395604585662,0 74.53213413019925,18.13415748140772,0 74.53181655757305,18.1341911217301,0 74.53142301718523,18.13466343521418,0 74.52963066644865,18.13699660592906,0 74.52913993381954,18.13692983364252,0 74.52913831425543,18.13691366384213,0 74.52914210194453,18.13691410513561,0 74.5288969385344,18.13445925125599,0 74.52914891329236,18.13440607279471,0 74.52988582425627,18.13425054716867,0 74.53022395737484,18.1341791829623,0 74.53157965459322,18.13394785712759,0 74.5323316800295,18.13382933438395,0</coordinates></LinearRing></outerBoundaryIs>
        </Polygon>
      </MultiGeometry>
    </Placemark>
    <Placemark id="ID_00135">
      <name>Gat 126</name>
      <Snippet></Snippet>
      <description><![CDATA[<html xmlns:fo="http://www.w3.org/1999/XSL/Format" xmlns:msxsl="urn:schemas-microsoft-com:xslt">
<head>
<META http-equiv="Content-Type" content="text/html">
<meta http-equiv="content-type" content="text/html; charset=UTF-8">
</head>
<body style="margin:0px 0px 0px 0px;overflow:auto;background:#FFFFFF;">
<table style="font-family:Arial,Verdana,Times;font-size:12px;text-align:left;width:100%;border-collapse:collapse;padding:3px 3px 3px 3px">
<tr style="text-align:center;font-weight:bold;background:#9CBCE2">
<td>Gat 126</td>
</tr>
<tr>
<td>
<table style="font-family:Arial,Verdana,Times;font-size:12px;text-align:left;width:100%;border-spacing:0px; padding:3px 3px 3px 3px">
<tr>
<td>SHAPE</td>
<td>Polygon</td>
</tr>
<tr bgcolor="#D4E4F3">
<td>SHAPE_Length</td>
<td>1115.839499</td>
</tr>
<tr>
<td>SHAPE_Area</td>
<td>74259.625682</td>
</tr>
<tr bgcolor="#D4E4F3">
<td>Gat_name</td>
<td>Gat 126</td>
</tr>
</table>
</td>
</tr>
</table>
</body>
</html>
]]></description>
      <styleUrl>#PolyStyle00</styleUrl>
      <MultiGeometry>
        <Polygon>
          <extrude>0</extrude><altitudeMode>clampToGround</altitudeMode>
          <outerBoundaryIs><LinearRing><coordinates> 74.52889693725461,18.13445972937713,0 74.52914210066521,18.13691458325664,0 74.52913831297612,18.13691414196316,0 74.52913993157796,18.13693031808799,0 74.52829096894064,18.13681554159992,0 74.52623206236989,18.13658610802809,0 74.52613548052449,18.13629644349661,0 74.52599183565304,18.1358753497547,0 74.52598151343958,18.13587684819028,0 74.52598054497858,18.13587420844096,0 74.52597765549109,18.13586073883559,0 74.52598435295708,18.13585973490652,0 74.52577611244469,18.13487447088836,0 74.52889693725461,18.13445972937713,0</coordinates></LinearRing></outerBoundaryIs>
        </Polygon>
      </MultiGeometry>
    </Placemark>
    <Placemark id="ID_00136">
      <name>Gat 132</name>
      <Snippet></Snippet>
      <description><![CDATA[<html xmlns:fo="http://www.w3.org/1999/XSL/Format" xmlns:msxsl="urn:schemas-microsoft-com:xslt">
<head>
<META http-equiv="Content-Type" content="text/html">
<meta http-equiv="content-type" content="text/html; charset=UTF-8">
</head>
<body style="margin:0px 0px 0px 0px;overflow:auto;background:#FFFFFF;">
<table style="font-family:Arial,Verdana,Times;font-size:12px;text-align:left;width:100%;border-collapse:collapse;padding:3px 3px 3px 3px">
<tr style="text-align:center;font-weight:bold;background:#9CBCE2">
<td>Gat 132</td>
</tr>
<tr>
<td>
<table style="font-family:Arial,Verdana,Times;font-size:12px;text-align:left;width:100%;border-spacing:0px; padding:3px 3px 3px 3px">
<tr>
<td>SHAPE</td>
<td>Polygon</td>
</tr>
<tr bgcolor="#D4E4F3">
<td>SHAPE_Length</td>
<td>890.319269</td>
</tr>
<tr>
<td>SHAPE_Area</td>
<td>27629.746281</td>
</tr>
<tr bgcolor="#D4E4F3">
<td>Gat_name</td>
<td>Gat 132</td>
</tr>
</table>
</td>
</tr>
</table>
</body>
</html>
]]></description>
      <styleUrl>#PolyStyle00</styleUrl>
      <MultiGeometry>
        <Polygon>
          <extrude>0</extrude><altitudeMode>clampToGround</altitudeMode>
          <outerBoundaryIs><LinearRing><coordinates> 74.52270744928173,18.13517998572274,0 74.52293680653491,18.13518600065227,0 74.52315142226165,18.13516141501925,0 74.52577611373299,18.13487399276745,0 74.52593959187624,18.13564747138019,0 74.52597765677892,18.13586026071473,0 74.52486078291075,18.13602766355778,0 74.52483606615812,18.13559960657327,0 74.52282818831867,18.13581789258786,0 74.52270744928173,18.13517998572274,0</coordinates></LinearRing></outerBoundaryIs>
        </Polygon>
      </MultiGeometry>
    </Placemark>
    <Placemark id="ID_00137">
      <name>Gat 134</name>
      <Snippet></Snippet>
      <description><![CDATA[<html xmlns:fo="http://www.w3.org/1999/XSL/Format" xmlns:msxsl="urn:schemas-microsoft-com:xslt">
<head>
<META http-equiv="Content-Type" content="text/html">
<meta http-equiv="content-type" content="text/html; charset=UTF-8">
</head>
<body style="margin:0px 0px 0px 0px;overflow:auto;background:#FFFFFF;">
<table style="font-family:Arial,Verdana,Times;font-size:12px;text-align:left;width:100%;border-collapse:collapse;padding:3px 3px 3px 3px">
<tr style="text-align:center;font-weight:bold;background:#9CBCE2">
<td>Gat 134</td>
</tr>
<tr>
<td>
<table style="font-family:Arial,Verdana,Times;font-size:12px;text-align:left;width:100%;border-spacing:0px; padding:3px 3px 3px 3px">
<tr>
<td>SHAPE</td>
<td>Polygon</td>
</tr>
<tr bgcolor="#D4E4F3">
<td>SHAPE_Length</td>
<td>458.135687</td>
</tr>
<tr>
<td>SHAPE_Area</td>
<td>10529.016423</td>
</tr>
<tr bgcolor="#D4E4F3">
<td>Gat_name</td>
<td>Gat 134</td>
</tr>
</table>
</td>
</tr>
</table>
</body>
</html>
]]></description>
      <styleUrl>#PolyStyle00</styleUrl>
      <MultiGeometry>
        <Polygon>
          <extrude>0</extrude><altitudeMode>clampToGround</altitudeMode>
          <outerBoundaryIs><LinearRing><coordinates> 74.52282196629379,18.1357324484513,0 74.52122041118008,18.13576518282883,0 74.52119365744103,18.13517041796519,0 74.52143967470974,18.1351629259545,0 74.52270791991793,18.13518247421835,0 74.52270744928173,18.13517998572274,0 74.52282196629379,18.1357324484513,0</coordinates></LinearRing></outerBoundaryIs>
        </Polygon>
      </MultiGeometry>
    </Placemark>
    <Placemark id="ID_00138">
      <name>Gat 135</name>
      <Snippet></Snippet>
      <description><![CDATA[<html xmlns:fo="http://www.w3.org/1999/XSL/Format" xmlns:msxsl="urn:schemas-microsoft-com:xslt">
<head>
<META http-equiv="Content-Type" content="text/html">
<meta http-equiv="content-type" content="text/html; charset=UTF-8">
</head>
<body style="margin:0px 0px 0px 0px;overflow:auto;background:#FFFFFF;">
<table style="font-family:Arial,Verdana,Times;font-size:12px;text-align:left;width:100%;border-collapse:collapse;padding:3px 3px 3px 3px">
<tr style="text-align:center;font-weight:bold;background:#9CBCE2">
<td>Gat 135</td>
</tr>
<tr>
<td>
<table style="font-family:Arial,Verdana,Times;font-size:12px;text-align:left;width:100%;border-spacing:0px; padding:3px 3px 3px 3px">
<tr>
<td>SHAPE</td>
<td>Polygon</td>
</tr>
<tr bgcolor="#D4E4F3">
<td>SHAPE_Length</td>
<td>460.679236</td>
</tr>
<tr>
<td>SHAPE_Area</td>
<td>10091.102257</td>
</tr>
<tr bgcolor="#D4E4F3">
<td>Gat_name</td>
<td>Gat 135</td>
</tr>
</table>
</td>
</tr>
</table>
</body>
</html>
]]></description>
      <styleUrl>#PolyStyle00</styleUrl>
      <MultiGeometry>
        <Polygon>
          <extrude>0</extrude><altitudeMode>clampToGround</altitudeMode>
          <outerBoundaryIs><LinearRing><coordinates> 74.52282818831867,18.13581789258786,0 74.52289889225739,18.13628596489242,0 74.52125441802042,18.13627742562622,0 74.5212424675135,18.13612130973952,0 74.52123290630239,18.13577043711165,0 74.52123275585161,18.1357649306315,0 74.52171608121878,18.13575505290133,0 74.52282196629379,18.1357324484513,0 74.52282818831867,18.13581789258786,0</coordinates></LinearRing></outerBoundaryIs>
        </Polygon>
      </MultiGeometry>
    </Placemark>
    <Placemark id="ID_00139">
      <name>Gat 136</name>
      <Snippet></Snippet>
      <description><![CDATA[<html xmlns:fo="http://www.w3.org/1999/XSL/Format" xmlns:msxsl="urn:schemas-microsoft-com:xslt">
<head>
<META http-equiv="Content-Type" content="text/html">
<meta http-equiv="content-type" content="text/html; charset=UTF-8">
</head>
<body style="margin:0px 0px 0px 0px;overflow:auto;background:#FFFFFF;">
<table style="font-family:Arial,Verdana,Times;font-size:12px;text-align:left;width:100%;border-collapse:collapse;padding:3px 3px 3px 3px">
<tr style="text-align:center;font-weight:bold;background:#9CBCE2">
<td>Gat 136</td>
</tr>
<tr>
<td>
<table style="font-family:Arial,Verdana,Times;font-size:12px;text-align:left;width:100%;border-spacing:0px; padding:3px 3px 3px 3px">
<tr>
<td>SHAPE</td>
<td>Polygon</td>
</tr>
<tr bgcolor="#D4E4F3">
<td>SHAPE_Length</td>
<td>1202.619139</td>
</tr>
<tr>
<td>SHAPE_Area</td>
<td>40753.202046</td>
</tr>
<tr bgcolor="#D4E4F3">
<td>Gat_name</td>
<td>Gat 136</td>
</tr>
</table>
</td>
</tr>
</table>
</body>
</html>
]]></description>
      <styleUrl>#PolyStyle00</styleUrl>
      <MultiGeometry>
        <Polygon>
          <extrude>0</extrude><altitudeMode>clampToGround</altitudeMode>
          <outerBoundaryIs><LinearRing><coordinates> 74.51894367249672,18.13507373871615,0 74.51957360715289,18.13527707900022,0 74.51960367642813,18.1352868900427,0 74.52009326181545,18.13525013503566,0 74.520232936391,18.13523964899954,0 74.52106333343306,18.13517730362126,0 74.52119365744103,18.13517041796519,0 74.52122041118008,18.13576518282883,0 74.52123290630239,18.13577043711165,0 74.5212424675135,18.13612130973952,0 74.52125441802042,18.13627742562622,0 74.52233529217771,18.13628303983942,0 74.52289889225739,18.13628596489242,0 74.52300406167791,18.13693661220922,0 74.52266259971221,18.13693058871248,0 74.52041486923491,18.1366775012804,0 74.52035959896406,18.13612497705822,0 74.52031825186755,18.13611271939335,0 74.51891564576081,18.13597009722179,0 74.51894367249672,18.13507373871615,0</coordinates></LinearRing></outerBoundaryIs>
        </Polygon>
      </MultiGeometry>
    </Placemark>
    <Placemark id="ID_00140">
      <name>Gat 137</name>
      <Snippet></Snippet>
      <description><![CDATA[<html xmlns:fo="http://www.w3.org/1999/XSL/Format" xmlns:msxsl="urn:schemas-microsoft-com:xslt">
<head>
<META http-equiv="Content-Type" content="text/html">
<meta http-equiv="content-type" content="text/html; charset=UTF-8">
</head>
<body style="margin:0px 0px 0px 0px;overflow:auto;background:#FFFFFF;">
<table style="font-family:Arial,Verdana,Times;font-size:12px;text-align:left;width:100%;border-collapse:collapse;padding:3px 3px 3px 3px">
<tr style="text-align:center;font-weight:bold;background:#9CBCE2">
<td>Gat 137</td>
</tr>
<tr>
<td>
<table style="font-family:Arial,Verdana,Times;font-size:12px;text-align:left;width:100%;border-spacing:0px; padding:3px 3px 3px 3px">
<tr>
<td>SHAPE</td>
<td>Polygon</td>
</tr>
<tr bgcolor="#D4E4F3">
<td>SHAPE_Length</td>
<td>559.84202</td>
</tr>
<tr>
<td>SHAPE_Area</td>
<td>11759.375641</td>
</tr>
<tr bgcolor="#D4E4F3">
<td>Gat_name</td>
<td>Gat 137</td>
</tr>
</table>
</td>
</tr>
</table>
</body>
</html>
]]></description>
      <styleUrl>#PolyStyle00</styleUrl>
      <MultiGeometry>
        <Polygon>
          <extrude>0</extrude><altitudeMode>clampToGround</altitudeMode>
          <outerBoundaryIs><LinearRing><coordinates> 74.51832874569517,18.13499734911289,0 74.51861301626754,18.13503395644415,0 74.51894367249672,18.13507373871615,0 74.51891564576081,18.13597009722179,0 74.51969969593246,18.1360513909136,0 74.51966323328412,18.13629615258551,0 74.51837584469632,18.13619232138426,0 74.51824222461315,18.13618154425334,0 74.51825144205715,18.13599451795778,0 74.51818478379604,18.13556150014611,0 74.51832874569517,18.13499734911289,0</coordinates></LinearRing></outerBoundaryIs>
        </Polygon>
      </MultiGeometry>
    </Placemark>
    <Placemark id="ID_00141">
      <name>Gat 138</name>
      <Snippet></Snippet>
      <description><![CDATA[<html xmlns:fo="http://www.w3.org/1999/XSL/Format" xmlns:msxsl="urn:schemas-microsoft-com:xslt">
<head>
<META http-equiv="Content-Type" content="text/html">
<meta http-equiv="content-type" content="text/html; charset=UTF-8">
</head>
<body style="margin:0px 0px 0px 0px;overflow:auto;background:#FFFFFF;">
<table style="font-family:Arial,Verdana,Times;font-size:12px;text-align:left;width:100%;border-collapse:collapse;padding:3px 3px 3px 3px">
<tr style="text-align:center;font-weight:bold;background:#9CBCE2">
<td>Gat 138</td>
</tr>
<tr>
<td>
<table style="font-family:Arial,Verdana,Times;font-size:12px;text-align:left;width:100%;border-spacing:0px; padding:3px 3px 3px 3px">
<tr>
<td>SHAPE</td>
<td>Polygon</td>
</tr>
<tr bgcolor="#D4E4F3">
<td>SHAPE_Length</td>
<td>745.846713</td>
</tr>
<tr>
<td>SHAPE_Area</td>
<td>10650.765266</td>
</tr>
<tr bgcolor="#D4E4F3">
<td>Gat_name</td>
<td>Gat 138</td>
</tr>
</table>
</td>
</tr>
</table>
</body>
</html>
]]></description>
      <styleUrl>#PolyStyle00</styleUrl>
      <MultiGeometry>
        <Polygon>
          <extrude>0</extrude><altitudeMode>clampToGround</altitudeMode>
          <outerBoundaryIs><LinearRing><coordinates> 74.51824222461315,18.13618154425334,0 74.51898835379988,18.13624172297548,0 74.51966323328412,18.13629615258551,0 74.51969969593246,18.1360513909136,0 74.51891564576081,18.13597009722179,0 74.52031825186755,18.13611271939335,0 74.52035959896406,18.13612497705822,0 74.52039673196616,18.13649619117881,0 74.52041486923491,18.1366775012804,0 74.51913792671367,18.13661387436569,0 74.51822655079245,18.13651283382503,0 74.51824222461315,18.13618154425334,0</coordinates></LinearRing></outerBoundaryIs>
        </Polygon>
      </MultiGeometry>
    </Placemark>
    <Placemark id="ID_00142">
      <name>Gat 139</name>
      <Snippet></Snippet>
      <description><![CDATA[<html xmlns:fo="http://www.w3.org/1999/XSL/Format" xmlns:msxsl="urn:schemas-microsoft-com:xslt">
<head>
<META http-equiv="Content-Type" content="text/html">
<meta http-equiv="content-type" content="text/html; charset=UTF-8">
</head>
<body style="margin:0px 0px 0px 0px;overflow:auto;background:#FFFFFF;">
<table style="font-family:Arial,Verdana,Times;font-size:12px;text-align:left;width:100%;border-collapse:collapse;padding:3px 3px 3px 3px">
<tr style="text-align:center;font-weight:bold;background:#9CBCE2">
<td>Gat 139</td>
</tr>
<tr>
<td>
<table style="font-family:Arial,Verdana,Times;font-size:12px;text-align:left;width:100%;border-spacing:0px; padding:3px 3px 3px 3px">
<tr>
<td>SHAPE</td>
<td>Polygon</td>
</tr>
<tr bgcolor="#D4E4F3">
<td>SHAPE_Length</td>
<td>417.797705</td>
</tr>
<tr>
<td>SHAPE_Area</td>
<td>7426.576458</td>
</tr>
<tr bgcolor="#D4E4F3">
<td>Gat_name</td>
<td>Gat 139</td>
</tr>
</table>
</td>
</tr>
</table>
</body>
</html>
]]></description>
      <styleUrl>#PolyStyle00</styleUrl>
      <MultiGeometry>
        <Polygon>
          <extrude>0</extrude><altitudeMode>clampToGround</altitudeMode>
          <outerBoundaryIs><LinearRing><coordinates> 74.51822655079245,18.13651283382503,0 74.51843533775899,18.13653598167769,0 74.51867788056951,18.13656287148693,0 74.51867375329427,18.13659224633651,0 74.51849738260348,18.13803176698972,0 74.51809497228504,18.13798228514365,0 74.51822655079245,18.13651283382503,0</coordinates></LinearRing></outerBoundaryIs>
        </Polygon>
      </MultiGeometry>
    </Placemark>
    <Placemark id="ID_00143">
      <name>Gat 140</name>
      <Snippet></Snippet>
      <description><![CDATA[<html xmlns:fo="http://www.w3.org/1999/XSL/Format" xmlns:msxsl="urn:schemas-microsoft-com:xslt">
<head>
<META http-equiv="Content-Type" content="text/html">
<meta http-equiv="content-type" content="text/html; charset=UTF-8">
</head>
<body style="margin:0px 0px 0px 0px;overflow:auto;background:#FFFFFF;">
<table style="font-family:Arial,Verdana,Times;font-size:12px;text-align:left;width:100%;border-collapse:collapse;padding:3px 3px 3px 3px">
<tr style="text-align:center;font-weight:bold;background:#9CBCE2">
<td>Gat 140</td>
</tr>
<tr>
<td>
<table style="font-family:Arial,Verdana,Times;font-size:12px;text-align:left;width:100%;border-spacing:0px; padding:3px 3px 3px 3px">
<tr>
<td>SHAPE</td>
<td>Polygon</td>
</tr>
<tr bgcolor="#D4E4F3">
<td>SHAPE_Length</td>
<td>442.323799</td>
</tr>
<tr>
<td>SHAPE_Area</td>
<td>9287.830633</td>
</tr>
<tr bgcolor="#D4E4F3">
<td>Gat_name</td>
<td>Gat 140</td>
</tr>
</table>
</td>
</tr>
</table>
</body>
</html>
]]></description>
      <styleUrl>#PolyStyle00</styleUrl>
      <MultiGeometry>
        <Polygon>
          <extrude>0</extrude><altitudeMode>clampToGround</altitudeMode>
          <outerBoundaryIs><LinearRing><coordinates> 74.51849738260348,18.13803176698972,0 74.5185506436865,18.13759705815757,0 74.51867788056951,18.13656287148693,0 74.51913792671367,18.13661387436569,0 74.51909903323005,18.13779068700985,0 74.51907876812226,18.13812137767018,0 74.51876119909454,18.13808121338482,0 74.5185778149461,18.13805984755436,0 74.51850672060411,18.13804316227542,0 74.51849738260348,18.13803176698972,0</coordinates></LinearRing></outerBoundaryIs>
        </Polygon>
      </MultiGeometry>
    </Placemark>
    <Placemark id="ID_00144">
      <name>Gat 141</name>
      <Snippet></Snippet>
      <description><![CDATA[<html xmlns:fo="http://www.w3.org/1999/XSL/Format" xmlns:msxsl="urn:schemas-microsoft-com:xslt">
<head>
<META http-equiv="Content-Type" content="text/html">
<meta http-equiv="content-type" content="text/html; charset=UTF-8">
</head>
<body style="margin:0px 0px 0px 0px;overflow:auto;background:#FFFFFF;">
<table style="font-family:Arial,Verdana,Times;font-size:12px;text-align:left;width:100%;border-collapse:collapse;padding:3px 3px 3px 3px">
<tr style="text-align:center;font-weight:bold;background:#9CBCE2">
<td>Gat 141</td>
</tr>
<tr>
<td>
<table style="font-family:Arial,Verdana,Times;font-size:12px;text-align:left;width:100%;border-spacing:0px; padding:3px 3px 3px 3px">
<tr>
<td>SHAPE</td>
<td>Polygon</td>
</tr>
<tr bgcolor="#D4E4F3">
<td>SHAPE_Length</td>
<td>859.424532</td>
</tr>
<tr>
<td>SHAPE_Area</td>
<td>28802.475048</td>
</tr>
<tr bgcolor="#D4E4F3">
<td>Gat_name</td>
<td>Gat 141</td>
</tr>
</table>
</td>
</tr>
</table>
</body>
</html>
]]></description>
      <styleUrl>#PolyStyle00</styleUrl>
      <MultiGeometry>
        <Polygon>
          <extrude>0</extrude><altitudeMode>clampToGround</altitudeMode>
          <outerBoundaryIs><LinearRing><coordinates> 74.51911462017125,18.13731907466969,0 74.51913792671367,18.13661387436569,0 74.52041486923491,18.1366775012804,0 74.5223489673302,18.13689527650176,0 74.52266259971221,18.13693058871248,0 74.52168804112165,18.13767108001882,0 74.51911462017125,18.13731907466969,0</coordinates></LinearRing></outerBoundaryIs>
        </Polygon>
      </MultiGeometry>
    </Placemark>
    <Placemark id="ID_00145">
      <name>Gat 142</name>
      <Snippet></Snippet>
      <description><![CDATA[<html xmlns:fo="http://www.w3.org/1999/XSL/Format" xmlns:msxsl="urn:schemas-microsoft-com:xslt">
<head>
<META http-equiv="Content-Type" content="text/html">
<meta http-equiv="content-type" content="text/html; charset=UTF-8">
</head>
<body style="margin:0px 0px 0px 0px;overflow:auto;background:#FFFFFF;">
<table style="font-family:Arial,Verdana,Times;font-size:12px;text-align:left;width:100%;border-collapse:collapse;padding:3px 3px 3px 3px">
<tr style="text-align:center;font-weight:bold;background:#9CBCE2">
<td>Gat 142</td>
</tr>
<tr>
<td>
<table style="font-family:Arial,Verdana,Times;font-size:12px;text-align:left;width:100%;border-spacing:0px; padding:3px 3px 3px 3px">
<tr>
<td>SHAPE</td>
<td>Polygon</td>
</tr>
<tr bgcolor="#D4E4F3">
<td>SHAPE_Length</td>
<td>670.638661</td>
</tr>
<tr>
<td>SHAPE_Area</td>
<td>20432.241005</td>
</tr>
<tr bgcolor="#D4E4F3">
<td>Gat_name</td>
<td>Gat 142</td>
</tr>
</table>
</td>
</tr>
</table>
</body>
</html>
]]></description>
      <styleUrl>#PolyStyle00</styleUrl>
      <MultiGeometry>
        <Polygon>
          <extrude>0</extrude><altitudeMode>clampToGround</altitudeMode>
          <outerBoundaryIs><LinearRing><coordinates> 74.52168804112165,18.13767108001882,0 74.52099576070925,18.13834482986599,0 74.51907995450433,18.13810201165968,0 74.51910016784682,18.13775636165733,0 74.51911462017125,18.13731907466969,0 74.51955232251605,18.13737640269109,0 74.52007028234299,18.137447003665,0 74.52036163783806,18.13748671633757,0 74.52168804112165,18.13767108001882,0</coordinates></LinearRing></outerBoundaryIs>
        </Polygon>
      </MultiGeometry>
    </Placemark>
    <Placemark id="ID_00146">
      <name>Gat 133</name>
      <Snippet></Snippet>
      <description><![CDATA[<html xmlns:fo="http://www.w3.org/1999/XSL/Format" xmlns:msxsl="urn:schemas-microsoft-com:xslt">
<head>
<META http-equiv="Content-Type" content="text/html">
<meta http-equiv="content-type" content="text/html; charset=UTF-8">
</head>
<body style="margin:0px 0px 0px 0px;overflow:auto;background:#FFFFFF;">
<table style="font-family:Arial,Verdana,Times;font-size:12px;text-align:left;width:100%;border-collapse:collapse;padding:3px 3px 3px 3px">
<tr style="text-align:center;font-weight:bold;background:#9CBCE2">
<td>Gat 133</td>
</tr>
<tr>
<td>
<table style="font-family:Arial,Verdana,Times;font-size:12px;text-align:left;width:100%;border-spacing:0px; padding:3px 3px 3px 3px">
<tr>
<td>SHAPE</td>
<td>Polygon</td>
</tr>
<tr bgcolor="#D4E4F3">
<td>SHAPE_Length</td>
<td>978.130688</td>
</tr>
<tr>
<td>SHAPE_Area</td>
<td>22740.081141</td>
</tr>
<tr bgcolor="#D4E4F3">
<td>Gat_name</td>
<td>Gat 133</td>
</tr>
</table>
</td>
</tr>
</table>
</body>
</html>
]]></description>
      <styleUrl>#PolyStyle00</styleUrl>
      <MultiGeometry>
        <Polygon>
          <extrude>0</extrude><altitudeMode>clampToGround</altitudeMode>
          <outerBoundaryIs><LinearRing><coordinates> 74.52486078291075,18.13602766355778,0 74.5237504437184,18.13621192425835,0 74.52378407130711,18.13666724194555,0 74.52495774245273,18.13657755197511,0 74.52497112732846,18.13703245259696,0 74.52504464284441,18.13703515385729,0 74.52505826145985,18.1371902315687,0 74.52361348985079,18.13683326755864,0 74.52301758708022,18.13693638361274,0 74.52295785391222,18.13665074054184,0 74.52289889225739,18.13628596489242,0 74.52282818831867,18.13581789258786,0 74.52483606615812,18.13559960657327,0 74.52484191728817,18.13570093991665,0 74.52486078291075,18.13602766355778,0</coordinates></LinearRing></outerBoundaryIs>
        </Polygon>
      </MultiGeometry>
    </Placemark>
    <Placemark id="ID_00147">
      <name>Gat 131</name>
      <Snippet></Snippet>
      <description><![CDATA[<html xmlns:fo="http://www.w3.org/1999/XSL/Format" xmlns:msxsl="urn:schemas-microsoft-com:xslt">
<head>
<META http-equiv="Content-Type" content="text/html">
<meta http-equiv="content-type" content="text/html; charset=UTF-8">
</head>
<body style="margin:0px 0px 0px 0px;overflow:auto;background:#FFFFFF;">
<table style="font-family:Arial,Verdana,Times;font-size:12px;text-align:left;width:100%;border-collapse:collapse;padding:3px 3px 3px 3px">
<tr style="text-align:center;font-weight:bold;background:#9CBCE2">
<td>Gat 131</td>
</tr>
<tr>
<td>
<table style="font-family:Arial,Verdana,Times;font-size:12px;text-align:left;width:100%;border-spacing:0px; padding:3px 3px 3px 3px">
<tr>
<td>SHAPE</td>
<td>Polygon</td>
</tr>
<tr bgcolor="#D4E4F3">
<td>SHAPE_Length</td>
<td>762.986234</td>
</tr>
<tr>
<td>SHAPE_Area</td>
<td>20916.538493</td>
</tr>
<tr bgcolor="#D4E4F3">
<td>Gat_name</td>
<td>Gat 131</td>
</tr>
</table>
</td>
</tr>
</table>
</body>
</html>
]]></description>
      <styleUrl>#PolyStyle00</styleUrl>
      <MultiGeometry>
        <Polygon>
          <extrude>0</extrude><altitudeMode>clampToGround</altitudeMode>
          <outerBoundaryIs><LinearRing><coordinates> 74.52505826145985,18.1371902315687,0 74.52504464284441,18.13703515385729,0 74.52497112732846,18.13703245259696,0 74.5249568381652,18.13660927584361,0 74.52495774245273,18.13657755197511,0 74.52379025536574,18.1366631448355,0 74.52376964579294,18.13647191841273,0 74.5237504437184,18.13621192425835,0 74.52431575245858,18.13611811198908,0 74.5248496458145,18.13602951150941,0 74.52486078291075,18.13602766355778,0 74.52597765677892,18.13586026071473,0 74.5259805462664,18.13587373032008,0 74.52598151472739,18.13587637006939,0 74.52599183694082,18.13587487163383,0 74.52613548181192,18.13629596537575,0 74.52617791655713,18.13642371628535,0 74.52623206365708,18.13658562990724,0 74.52615023353781,18.1365947487603,0 74.52563351035212,18.13665232791744,0 74.52560216900714,18.13702860655894,0 74.52558490682105,18.13727460082219,0 74.52558172149514,18.13727409044484,0 74.52505826145985,18.1371902315687,0</coordinates></LinearRing></outerBoundaryIs>
        </Polygon>
      </MultiGeometry>
    </Placemark>
    <Placemark id="ID_00148">
      <name>Gat 130</name>
      <Snippet></Snippet>
      <description><![CDATA[<html xmlns:fo="http://www.w3.org/1999/XSL/Format" xmlns:msxsl="urn:schemas-microsoft-com:xslt">
<head>
<META http-equiv="Content-Type" content="text/html">
<meta http-equiv="content-type" content="text/html; charset=UTF-8">
</head>
<body style="margin:0px 0px 0px 0px;overflow:auto;background:#FFFFFF;">
<table style="font-family:Arial,Verdana,Times;font-size:12px;text-align:left;width:100%;border-collapse:collapse;padding:3px 3px 3px 3px">
<tr style="text-align:center;font-weight:bold;background:#9CBCE2">
<td>Gat 130</td>
</tr>
<tr>
<td>
<table style="font-family:Arial,Verdana,Times;font-size:12px;text-align:left;width:100%;border-spacing:0px; padding:3px 3px 3px 3px">
<tr>
<td>SHAPE</td>
<td>Polygon</td>
</tr>
<tr bgcolor="#D4E4F3">
<td>SHAPE_Length</td>
<td>314.565292</td>
</tr>
<tr>
<td>SHAPE_Area</td>
<td>5996.029863</td>
</tr>
<tr bgcolor="#D4E4F3">
<td>Gat_name</td>
<td>Gat 130</td>
</tr>
</table>
</td>
</tr>
</table>
</body>
</html>
]]></description>
      <styleUrl>#PolyStyle00</styleUrl>
      <MultiGeometry>
        <Polygon>
          <extrude>0</extrude><altitudeMode>clampToGround</altitudeMode>
          <outerBoundaryIs><LinearRing><coordinates> 74.52558075821298,18.13728565885121,0 74.52563351035212,18.13665232791744,0 74.52594993283137,18.13661706910381,0 74.52623206365708,18.13658562990724,0 74.52635089408305,18.13745443863776,0 74.52558075821298,18.13728565885121,0</coordinates></LinearRing></outerBoundaryIs>
        </Polygon>
      </MultiGeometry>
    </Placemark>
    <Placemark id="ID_00149">
      <name>Gat 127</name>
      <Snippet></Snippet>
      <description><![CDATA[<html xmlns:fo="http://www.w3.org/1999/XSL/Format" xmlns:msxsl="urn:schemas-microsoft-com:xslt">
<head>
<META http-equiv="Content-Type" content="text/html">
<meta http-equiv="content-type" content="text/html; charset=UTF-8">
</head>
<body style="margin:0px 0px 0px 0px;overflow:auto;background:#FFFFFF;">
<table style="font-family:Arial,Verdana,Times;font-size:12px;text-align:left;width:100%;border-collapse:collapse;padding:3px 3px 3px 3px">
<tr style="text-align:center;font-weight:bold;background:#9CBCE2">
<td>Gat 127</td>
</tr>
<tr>
<td>
<table style="font-family:Arial,Verdana,Times;font-size:12px;text-align:left;width:100%;border-spacing:0px; padding:3px 3px 3px 3px">
<tr>
<td>SHAPE</td>
<td>Polygon</td>
</tr>
<tr bgcolor="#D4E4F3">
<td>SHAPE_Length</td>
<td>821.903809</td>
</tr>
<tr>
<td>SHAPE_Area</td>
<td>33440.834847</td>
</tr>
<tr bgcolor="#D4E4F3">
<td>Gat_name</td>
<td>Gat 127</td>
</tr>
</table>
</td>
</tr>
</table>
</body>
</html>
]]></description>
      <styleUrl>#PolyStyle00</styleUrl>
      <MultiGeometry>
        <Polygon>
          <extrude>0</extrude><altitudeMode>clampToGround</altitudeMode>
          <outerBoundaryIs><LinearRing><coordinates> 74.52913993381954,18.13692983364252,0 74.52915960768938,18.13695254792116,0 74.5293193535427,18.13757254680719,0 74.52856391264983,18.13804607737954,0 74.5283703169616,18.13789583914888,0 74.5280122462766,18.13781925884968,0 74.52707631712497,18.13761908802063,0 74.5267666764357,18.13755286294072,0 74.52635089408305,18.13745443863776,0 74.52630550315824,18.13712257126299,0 74.52623206365708,18.13658562990724,0 74.52829097022226,18.13681506347893,0 74.52913993381954,18.13692983364252,0</coordinates></LinearRing></outerBoundaryIs>
        </Polygon>
      </MultiGeometry>
    </Placemark>
    <Placemark id="ID_00150">
      <name></name>
      <Snippet></Snippet>
      <description><![CDATA[<html xmlns:fo="http://www.w3.org/1999/XSL/Format" xmlns:msxsl="urn:schemas-microsoft-com:xslt">
<head>
<META http-equiv="Content-Type" content="text/html">
<meta http-equiv="content-type" content="text/html; charset=UTF-8">
</head>
<body style="margin:0px 0px 0px 0px;overflow:auto;background:#FFFFFF;">
<table style="font-family:Arial,Verdana,Times;font-size:12px;text-align:left;width:100%;border-collapse:collapse;padding:3px 3px 3px 3px">
<tr style="text-align:center;font-weight:bold;background:#9CBCE2">
<td></td>
</tr>
<tr>
<td>
<table style="font-family:Arial,Verdana,Times;font-size:12px;text-align:left;width:100%;border-spacing:0px; padding:3px 3px 3px 3px">
<tr>
<td>SHAPE</td>
<td>Polygon</td>
</tr>
<tr bgcolor="#D4E4F3">
<td>SHAPE_Length</td>
<td>531.002378</td>
</tr>
<tr>
<td>SHAPE_Area</td>
<td>10741.711196</td>
</tr>
<tr bgcolor="#D4E4F3">
<td>Gat_name</td>
<td>&lt;Null&gt;</td>
</tr>
</table>
</td>
</tr>
</table>
</body>
</html>
]]></description>
      <styleUrl>#PolyStyle00</styleUrl>
      <MultiGeometry>
        <Polygon>
          <extrude>0</extrude><altitudeMode>clampToGround</altitudeMode>
          <outerBoundaryIs><LinearRing><coordinates> 74.51809497228504,18.13798228514365,0 74.51842783432592,18.13802321545657,0 74.51849738260348,18.13803176698972,0 74.5185272031872,18.13804796943569,0 74.51855787935479,18.13805516920683,0 74.51857250276257,18.13832706734991,0 74.51859344515881,18.13889150157415,0 74.51861828480756,18.13998648718553,0 74.51861861869371,18.13999955100324,0 74.51821896434913,18.13996073412789,0 74.51821888274397,18.13996947662245,0 74.51820930084054,18.13996875578931,0 74.51815339811637,18.13911782460202,0 74.51806777883297,18.1387105807829,0 74.51806551610484,18.13821686699467,0 74.51806483020188,18.13806726504911,0 74.51809497228504,18.13798228514365,0</coordinates></LinearRing></outerBoundaryIs>
        </Polygon>
      </MultiGeometry>
    </Placemark>
    <Placemark id="ID_00151">
      <name>Gat 148</name>
      <Snippet></Snippet>
      <description><![CDATA[<html xmlns:fo="http://www.w3.org/1999/XSL/Format" xmlns:msxsl="urn:schemas-microsoft-com:xslt">
<head>
<META http-equiv="Content-Type" content="text/html">
<meta http-equiv="content-type" content="text/html; charset=UTF-8">
</head>
<body style="margin:0px 0px 0px 0px;overflow:auto;background:#FFFFFF;">
<table style="font-family:Arial,Verdana,Times;font-size:12px;text-align:left;width:100%;border-collapse:collapse;padding:3px 3px 3px 3px">
<tr style="text-align:center;font-weight:bold;background:#9CBCE2">
<td>Gat 148</td>
</tr>
<tr>
<td>
<table style="font-family:Arial,Verdana,Times;font-size:12px;text-align:left;width:100%;border-spacing:0px; padding:3px 3px 3px 3px">
<tr>
<td>SHAPE</td>
<td>Polygon</td>
</tr>
<tr bgcolor="#D4E4F3">
<td>SHAPE_Length</td>
<td>389.602171</td>
</tr>
<tr>
<td>SHAPE_Area</td>
<td>9262.460734</td>
</tr>
<tr bgcolor="#D4E4F3">
<td>Gat_name</td>
<td>Gat 148</td>
</tr>
</table>
</td>
</tr>
</table>
</body>
</html>
]]></description>
      <styleUrl>#PolyStyle00</styleUrl>
      <MultiGeometry>
        <Polygon>
          <extrude>0</extrude><altitudeMode>clampToGround</altitudeMode>
          <outerBoundaryIs><LinearRing><coordinates> 74.51859344515881,18.13889150157415,0 74.5185623781102,18.13813881230495,0 74.51855787935479,18.13805516920683,0 74.5185778149461,18.13805984755436,0 74.51876119909454,18.13808121338482,0 74.51907901544249,18.1381201246825,0 74.51907995450433,18.13810201165968,0 74.51908423315581,18.13810129115455,0 74.51947670535928,18.13815231607965,0 74.5195523861132,18.1381619083836,0 74.51955245665998,18.13818869703675,0 74.51955445410688,18.138949008844,0 74.51916467896662,18.13892568579171,0 74.51859344515881,18.13889150157415,0</coordinates></LinearRing></outerBoundaryIs>
        </Polygon>
      </MultiGeometry>
    </Placemark>
    <Placemark id="ID_00152">
      <name>Gat 147</name>
      <Snippet></Snippet>
      <description><![CDATA[<html xmlns:fo="http://www.w3.org/1999/XSL/Format" xmlns:msxsl="urn:schemas-microsoft-com:xslt">
<head>
<META http-equiv="Content-Type" content="text/html">
<meta http-equiv="content-type" content="text/html; charset=UTF-8">
</head>
<body style="margin:0px 0px 0px 0px;overflow:auto;background:#FFFFFF;">
<table style="font-family:Arial,Verdana,Times;font-size:12px;text-align:left;width:100%;border-collapse:collapse;padding:3px 3px 3px 3px">
<tr style="text-align:center;font-weight:bold;background:#9CBCE2">
<td>Gat 147</td>
</tr>
<tr>
<td>
<table style="font-family:Arial,Verdana,Times;font-size:12px;text-align:left;width:100%;border-spacing:0px; padding:3px 3px 3px 3px">
<tr>
<td>SHAPE</td>
<td>Polygon</td>
</tr>
<tr bgcolor="#D4E4F3">
<td>SHAPE_Length</td>
<td>250.226607</td>
</tr>
<tr>
<td>SHAPE_Area</td>
<td>3426.168994</td>
</tr>
<tr bgcolor="#D4E4F3">
<td>Gat_name</td>
<td>Gat 147</td>
</tr>
</table>
</td>
</tr>
</table>
</body>
</html>
]]></description>
      <styleUrl>#PolyStyle00</styleUrl>
      <MultiGeometry>
        <Polygon>
          <extrude>0</extrude><altitudeMode>clampToGround</altitudeMode>
          <outerBoundaryIs><LinearRing><coordinates> 74.5195523861132,18.1381619083836,0 74.51978918943992,18.1381919052296,0 74.51994295323439,18.1382113947207,0 74.51994233265192,18.13821814113278,0 74.5199330703431,18.13894713716912,0 74.51955445410688,18.138949008844,0 74.5195523861132,18.1381619083836,0</coordinates></LinearRing></outerBoundaryIs>
        </Polygon>
      </MultiGeometry>
    </Placemark>
    <Placemark id="ID_00153">
      <name>Gat 150</name>
      <Snippet></Snippet>
      <description><![CDATA[<html xmlns:fo="http://www.w3.org/1999/XSL/Format" xmlns:msxsl="urn:schemas-microsoft-com:xslt">
<head>
<META http-equiv="Content-Type" content="text/html">
<meta http-equiv="content-type" content="text/html; charset=UTF-8">
</head>
<body style="margin:0px 0px 0px 0px;overflow:auto;background:#FFFFFF;">
<table style="font-family:Arial,Verdana,Times;font-size:12px;text-align:left;width:100%;border-collapse:collapse;padding:3px 3px 3px 3px">
<tr style="text-align:center;font-weight:bold;background:#9CBCE2">
<td>Gat 150</td>
</tr>
<tr>
<td>
<table style="font-family:Arial,Verdana,Times;font-size:12px;text-align:left;width:100%;border-spacing:0px; padding:3px 3px 3px 3px">
<tr>
<td>SHAPE</td>
<td>Polygon</td>
</tr>
<tr bgcolor="#D4E4F3">
<td>SHAPE_Length</td>
<td>404.37846</td>
</tr>
<tr>
<td>SHAPE_Area</td>
<td>9695.086167</td>
</tr>
<tr bgcolor="#D4E4F3">
<td>Gat_name</td>
<td>Gat 150</td>
</tr>
</table>
</td>
</tr>
</table>
</body>
</html>
]]></description>
      <styleUrl>#PolyStyle00</styleUrl>
      <MultiGeometry>
        <Polygon>
          <extrude>0</extrude><altitudeMode>clampToGround</altitudeMode>
          <outerBoundaryIs><LinearRing><coordinates> 74.51861861869371,18.13999955100324,0 74.51859344515881,18.13889150157415,0 74.51916467896662,18.13892568579171,0 74.51935544978024,18.13893710123837,0 74.51934406697316,18.14005761531601,0 74.51861861869371,18.13999955100324,0</coordinates></LinearRing></outerBoundaryIs>
        </Polygon>
      </MultiGeometry>
    </Placemark>
    <Placemark id="ID_00154">
      <name>Gat 151</name>
      <Snippet></Snippet>
      <description><![CDATA[<html xmlns:fo="http://www.w3.org/1999/XSL/Format" xmlns:msxsl="urn:schemas-microsoft-com:xslt">
<head>
<META http-equiv="Content-Type" content="text/html">
<meta http-equiv="content-type" content="text/html; charset=UTF-8">
</head>
<body style="margin:0px 0px 0px 0px;overflow:auto;background:#FFFFFF;">
<table style="font-family:Arial,Verdana,Times;font-size:12px;text-align:left;width:100%;border-collapse:collapse;padding:3px 3px 3px 3px">
<tr style="text-align:center;font-weight:bold;background:#9CBCE2">
<td>Gat 151</td>
</tr>
<tr>
<td>
<table style="font-family:Arial,Verdana,Times;font-size:12px;text-align:left;width:100%;border-spacing:0px; padding:3px 3px 3px 3px">
<tr>
<td>SHAPE</td>
<td>Polygon</td>
</tr>
<tr bgcolor="#D4E4F3">
<td>SHAPE_Length</td>
<td>333.349061</td>
</tr>
<tr>
<td>SHAPE_Area</td>
<td>5101.762128</td>
</tr>
<tr bgcolor="#D4E4F3">
<td>Gat_name</td>
<td>Gat 151</td>
</tr>
</table>
</td>
</tr>
</table>
</body>
</html>
]]></description>
      <styleUrl>#PolyStyle00</styleUrl>
      <MultiGeometry>
        <Polygon>
          <extrude>0</extrude><altitudeMode>clampToGround</altitudeMode>
          <outerBoundaryIs><LinearRing><coordinates> 74.51934406697316,18.14005761531601,0 74.51935175774869,18.13927019407,0 74.51935490335863,18.1389481816744,0 74.51935544978024,18.13893710123837,0 74.51955445410688,18.138949008844,0 74.51961874921254,18.13894869118875,0 74.5197384209991,18.1389480995416,0 74.51973805706315,18.13895605862223,0 74.51973593153048,18.13953528686246,0 74.51971930381217,18.140110911484,0 74.51953389003293,18.14008179206152,0 74.51934406697316,18.14005761531601,0</coordinates></LinearRing></outerBoundaryIs>
        </Polygon>
      </MultiGeometry>
    </Placemark>
    <Placemark id="ID_00155">
      <name>Gat 146</name>
      <Snippet></Snippet>
      <description><![CDATA[<html xmlns:fo="http://www.w3.org/1999/XSL/Format" xmlns:msxsl="urn:schemas-microsoft-com:xslt">
<head>
<META http-equiv="Content-Type" content="text/html">
<meta http-equiv="content-type" content="text/html; charset=UTF-8">
</head>
<body style="margin:0px 0px 0px 0px;overflow:auto;background:#FFFFFF;">
<table style="font-family:Arial,Verdana,Times;font-size:12px;text-align:left;width:100%;border-collapse:collapse;padding:3px 3px 3px 3px">
<tr style="text-align:center;font-weight:bold;background:#9CBCE2">
<td>Gat 146</td>
</tr>
<tr>
<td>
<table style="font-family:Arial,Verdana,Times;font-size:12px;text-align:left;width:100%;border-spacing:0px; padding:3px 3px 3px 3px">
<tr>
<td>SHAPE</td>
<td>Polygon</td>
</tr>
<tr bgcolor="#D4E4F3">
<td>SHAPE_Length</td>
<td>511.214643</td>
</tr>
<tr>
<td>SHAPE_Area</td>
<td>5986.499811</td>
</tr>
<tr bgcolor="#D4E4F3">
<td>Gat_name</td>
<td>Gat 146</td>
</tr>
</table>
</td>
</tr>
</table>
</body>
</html>
]]></description>
      <styleUrl>#PolyStyle00</styleUrl>
      <MultiGeometry>
        <Polygon>
          <extrude>0</extrude><altitudeMode>clampToGround</altitudeMode>
          <outerBoundaryIs><LinearRing><coordinates> 74.52021901429738,18.13825706456226,0 74.52016158841377,18.13908547433137,0 74.52000061043915,18.13909872977133,0 74.51998200647141,18.13987134726485,0 74.51997584523825,18.14012756994258,0 74.51971930381217,18.140110911484,0 74.51973215223344,18.13966613594985,0 74.51973610161691,18.13948890569102,0 74.51973725646472,18.13917421652939,0 74.51973805706315,18.13895605862223,0 74.5197384209991,18.1389480995416,0 74.5199330703431,18.13894713716912,0 74.51993911249137,18.13847156390637,0 74.51994295323439,18.1382113947207,0 74.52021766086455,18.13824621257347,0 74.52021901429738,18.13825706456226,0</coordinates></LinearRing></outerBoundaryIs>
        </Polygon>
      </MultiGeometry>
    </Placemark>
    <Placemark id="ID_00156">
      <name>Gat 145</name>
      <Snippet></Snippet>
      <description><![CDATA[<html xmlns:fo="http://www.w3.org/1999/XSL/Format" xmlns:msxsl="urn:schemas-microsoft-com:xslt">
<head>
<META http-equiv="Content-Type" content="text/html">
<meta http-equiv="content-type" content="text/html; charset=UTF-8">
</head>
<body style="margin:0px 0px 0px 0px;overflow:auto;background:#FFFFFF;">
<table style="font-family:Arial,Verdana,Times;font-size:12px;text-align:left;width:100%;border-collapse:collapse;padding:3px 3px 3px 3px">
<tr style="text-align:center;font-weight:bold;background:#9CBCE2">
<td>Gat 145</td>
</tr>
<tr>
<td>
<table style="font-family:Arial,Verdana,Times;font-size:12px;text-align:left;width:100%;border-spacing:0px; padding:3px 3px 3px 3px">
<tr>
<td>SHAPE</td>
<td>Polygon</td>
</tr>
<tr bgcolor="#D4E4F3">
<td>SHAPE_Length</td>
<td>540.711837</td>
</tr>
<tr>
<td>SHAPE_Area</td>
<td>8888.243641</td>
</tr>
<tr bgcolor="#D4E4F3">
<td>Gat_name</td>
<td>Gat 145</td>
</tr>
</table>
</td>
</tr>
</table>
</body>
</html>
]]></description>
      <styleUrl>#PolyStyle00</styleUrl>
      <MultiGeometry>
        <Polygon>
          <extrude>0</extrude><altitudeMode>clampToGround</altitudeMode>
          <outerBoundaryIs><LinearRing><coordinates> 74.51997584523825,18.14012756994258,0 74.51998559613421,18.13972227567944,0 74.52000061043915,18.13909872977133,0 74.52016158841377,18.13908547433137,0 74.52017492521513,18.13889308589153,0 74.52021766086455,18.13824621257347,0 74.52099576070925,18.13834482986599,0 74.52098050203779,18.13840943439196,0 74.5208442558579,18.13859964699075,0 74.5205775084778,18.13897205026755,0 74.52042173204751,18.13918952839672,0 74.52041819615889,18.13919935862886,0 74.52037426611078,18.13932149967134,0 74.52026603911885,18.13962240622108,0 74.52013518905846,18.13998143642285,0 74.52010735373131,18.14005515892603,0 74.52007629034665,18.14013743079175,0 74.51997584523825,18.14012756994258,0</coordinates></LinearRing></outerBoundaryIs>
        </Polygon>
      </MultiGeometry>
    </Placemark>
    <Placemark id="ID_00157">
      <name>Gat 152</name>
      <Snippet></Snippet>
      <description><![CDATA[<html xmlns:fo="http://www.w3.org/1999/XSL/Format" xmlns:msxsl="urn:schemas-microsoft-com:xslt">
<head>
<META http-equiv="Content-Type" content="text/html">
<meta http-equiv="content-type" content="text/html; charset=UTF-8">
</head>
<body style="margin:0px 0px 0px 0px;overflow:auto;background:#FFFFFF;">
<table style="font-family:Arial,Verdana,Times;font-size:12px;text-align:left;width:100%;border-collapse:collapse;padding:3px 3px 3px 3px">
<tr style="text-align:center;font-weight:bold;background:#9CBCE2">
<td>Gat 152</td>
</tr>
<tr>
<td>
<table style="font-family:Arial,Verdana,Times;font-size:12px;text-align:left;width:100%;border-spacing:0px; padding:3px 3px 3px 3px">
<tr>
<td>SHAPE</td>
<td>Polygon</td>
</tr>
<tr bgcolor="#D4E4F3">
<td>SHAPE_Length</td>
<td>985.626484</td>
</tr>
<tr>
<td>SHAPE_Area</td>
<td>58106.468635</td>
</tr>
<tr bgcolor="#D4E4F3">
<td>Gat_name</td>
<td>Gat 152</td>
</tr>
</table>
</td>
</tr>
</table>
</body>
</html>
]]></description>
      <styleUrl>#PolyStyle00</styleUrl>
      <MultiGeometry>
        <Polygon>
          <extrude>0</extrude><altitudeMode>clampToGround</altitudeMode>
          <outerBoundaryIs><LinearRing><coordinates> 74.51820930084054,18.13996875578931,0 74.51821888274397,18.13996947662245,0 74.51821896434913,18.13996073412789,0 74.51825763745727,18.1399644905114,0 74.51837398474007,18.13997579116614,0 74.51861861869371,18.13999955100324,0 74.51884151185426,18.14001739126363,0 74.51902279830341,18.14003190155011,0 74.51926443454718,18.14005124150862,0 74.51935455851756,18.14005895115773,0 74.51953389003293,18.14008179206152,0 74.51959700808264,18.14009170459173,0 74.51972446541403,18.140111247029,0 74.51997584523825,18.14012756994258,0 74.52002156018503,18.14013205755666,0 74.52007629034665,18.14013743079175,0 74.52001534422716,18.14040142351805,0 74.51964139403232,18.14219326724216,0 74.51959063649025,18.14243647822695,0 74.51952925098762,18.14273061035892,0 74.51850126554812,18.142757395611,0 74.518030081988,18.14276107062252,0 74.51803169779038,18.14276962846577,0 74.51801364774364,18.14277009934534,0 74.51788097020157,18.14253881269948,0 74.51781938054921,18.142431447622,0 74.51776543827066,18.14233741321715,0 74.5177247144705,18.14200181596353,0 74.51772416708899,18.14167353189298,0 74.51784649226475,18.14143257500922,0 74.51799841528694,18.14117185139719,0 74.51816054835774,18.14097401784366,0 74.5182406334221,18.14080141694299,0 74.51821356490778,18.14054265371648,0 74.51821603676144,18.14027622316484,0 74.518216426789,18.14023425141523,0 74.51820930084054,18.13996875578931,0</coordinates></LinearRing></outerBoundaryIs>
        </Polygon>
      </MultiGeometry>
    </Placemark>
    <Placemark id="ID_00158">
      <name>Gat 153</name>
      <Snippet></Snippet>
      <description><![CDATA[<html xmlns:fo="http://www.w3.org/1999/XSL/Format" xmlns:msxsl="urn:schemas-microsoft-com:xslt">
<head>
<META http-equiv="Content-Type" content="text/html">
<meta http-equiv="content-type" content="text/html; charset=UTF-8">
</head>
<body style="margin:0px 0px 0px 0px;overflow:auto;background:#FFFFFF;">
<table style="font-family:Arial,Verdana,Times;font-size:12px;text-align:left;width:100%;border-collapse:collapse;padding:3px 3px 3px 3px">
<tr style="text-align:center;font-weight:bold;background:#9CBCE2">
<td>Gat 153</td>
</tr>
<tr>
<td>
<table style="font-family:Arial,Verdana,Times;font-size:12px;text-align:left;width:100%;border-spacing:0px; padding:3px 3px 3px 3px">
<tr>
<td>SHAPE</td>
<td>Polygon</td>
</tr>
<tr bgcolor="#D4E4F3">
<td>SHAPE_Length</td>
<td>436.709444</td>
</tr>
<tr>
<td>SHAPE_Area</td>
<td>9301.750524</td>
</tr>
<tr bgcolor="#D4E4F3">
<td>Gat_name</td>
<td>Gat 153</td>
</tr>
</table>
</td>
</tr>
</table>
</body>
</html>
]]></description>
      <styleUrl>#PolyStyle00</styleUrl>
      <MultiGeometry>
        <Polygon>
          <extrude>0</extrude><altitudeMode>clampToGround</altitudeMode>
          <outerBoundaryIs><LinearRing><coordinates> 74.51803169779038,18.14276962846577,0 74.518030081988,18.14276107062252,0 74.51848646094039,18.14275751131715,0 74.51898549207698,18.14274477887275,0 74.51930971117407,18.14273633106944,0 74.51952925098762,18.14273061035892,0 74.51952122040649,18.14273987259105,0 74.51963874188064,18.14277678532659,0 74.51966968953562,18.14282786540537,0 74.51962772047249,18.14303485674803,0 74.51954359901019,18.14328844618294,0 74.5193919286786,18.14328311360759,0 74.51919321988063,18.14327612689724,0 74.51854902291129,18.14325347714848,0 74.51841728081418,18.14324884441352,0 74.51811972255264,18.14323838074898,0 74.51807564956205,18.14300247067179,0 74.51803169779038,18.14276962846577,0</coordinates></LinearRing></outerBoundaryIs>
        </Polygon>
      </MultiGeometry>
    </Placemark>
    <Placemark id="ID_00159">
      <name>Gat 171</name>
      <Snippet></Snippet>
      <description><![CDATA[<html xmlns:fo="http://www.w3.org/1999/XSL/Format" xmlns:msxsl="urn:schemas-microsoft-com:xslt">
<head>
<META http-equiv="Content-Type" content="text/html">
<meta http-equiv="content-type" content="text/html; charset=UTF-8">
</head>
<body style="margin:0px 0px 0px 0px;overflow:auto;background:#FFFFFF;">
<table style="font-family:Arial,Verdana,Times;font-size:12px;text-align:left;width:100%;border-collapse:collapse;padding:3px 3px 3px 3px">
<tr style="text-align:center;font-weight:bold;background:#9CBCE2">
<td>Gat 171</td>
</tr>
<tr>
<td>
<table style="font-family:Arial,Verdana,Times;font-size:12px;text-align:left;width:100%;border-spacing:0px; padding:3px 3px 3px 3px">
<tr>
<td>SHAPE</td>
<td>Polygon</td>
</tr>
<tr bgcolor="#D4E4F3">
<td>SHAPE_Length</td>
<td>379.612626</td>
</tr>
<tr>
<td>SHAPE_Area</td>
<td>7737.697578</td>
</tr>
<tr bgcolor="#D4E4F3">
<td>Gat_name</td>
<td>Gat 171</td>
</tr>
</table>
</td>
</tr>
</table>
</body>
</html>
]]></description>
      <styleUrl>#PolyStyle00</styleUrl>
      <MultiGeometry>
        <Polygon>
          <extrude>0</extrude><altitudeMode>clampToGround</altitudeMode>
          <outerBoundaryIs><LinearRing><coordinates> 74.51776743526683,18.13516577365614,0 74.51780106175433,18.13553608824034,0 74.51780746958738,18.1356066469523,0 74.51755990351022,18.13562989494398,0 74.51648637613451,18.13573070329168,0 74.51644434618447,18.13552225518016,0 74.51670767211088,18.13535114984318,0 74.5167521209887,18.13532943494425,0 74.51689473594472,18.13520143070366,0 74.51698853796655,18.13501743212604,0 74.5172056768758,18.13502949692732,0 74.51750861818921,18.13508505711622,0 74.51763143827753,18.13512336079566,0 74.51776743526683,18.13516577365614,0</coordinates></LinearRing></outerBoundaryIs>
        </Polygon>
      </MultiGeometry>
    </Placemark>
    <Placemark id="ID_00160">
      <name>Gat 170</name>
      <Snippet></Snippet>
      <description><![CDATA[<html xmlns:fo="http://www.w3.org/1999/XSL/Format" xmlns:msxsl="urn:schemas-microsoft-com:xslt">
<head>
<META http-equiv="Content-Type" content="text/html">
<meta http-equiv="content-type" content="text/html; charset=UTF-8">
</head>
<body style="margin:0px 0px 0px 0px;overflow:auto;background:#FFFFFF;">
<table style="font-family:Arial,Verdana,Times;font-size:12px;text-align:left;width:100%;border-collapse:collapse;padding:3px 3px 3px 3px">
<tr style="text-align:center;font-weight:bold;background:#9CBCE2">
<td>Gat 170</td>
</tr>
<tr>
<td>
<table style="font-family:Arial,Verdana,Times;font-size:12px;text-align:left;width:100%;border-spacing:0px; padding:3px 3px 3px 3px">
<tr>
<td>SHAPE</td>
<td>Polygon</td>
</tr>
<tr bgcolor="#D4E4F3">
<td>SHAPE_Length</td>
<td>337.2624</td>
</tr>
<tr>
<td>SHAPE_Area</td>
<td>4091.136709</td>
</tr>
<tr bgcolor="#D4E4F3">
<td>Gat_name</td>
<td>Gat 170</td>
</tr>
</table>
</td>
</tr>
</table>
</body>
</html>
]]></description>
      <styleUrl>#PolyStyle00</styleUrl>
      <MultiGeometry>
        <Polygon>
          <extrude>0</extrude><altitudeMode>clampToGround</altitudeMode>
          <outerBoundaryIs><LinearRing><coordinates> 74.51648637613451,18.13573070329168,0 74.51672087762094,18.13570868291959,0 74.5174529150508,18.13563994216516,0 74.51782119158101,18.13560535812041,0 74.51782341118631,18.13587655104007,0 74.51764297904965,18.13589236518801,0 74.51742534999565,18.13591144002464,0 74.51721123077546,18.13593020617349,0 74.51689198078623,18.13595818670614,0 74.51660394608781,18.13598343057819,0 74.51654212196871,18.13598968435505,0 74.51650270648827,18.13580125260992,0 74.51648637613451,18.13573070329168,0</coordinates></LinearRing></outerBoundaryIs>
        </Polygon>
      </MultiGeometry>
    </Placemark>
    <Placemark id="ID_00161">
      <name>Gat 169</name>
      <Snippet></Snippet>
      <description><![CDATA[<html xmlns:fo="http://www.w3.org/1999/XSL/Format" xmlns:msxsl="urn:schemas-microsoft-com:xslt">
<head>
<META http-equiv="Content-Type" content="text/html">
<meta http-equiv="content-type" content="text/html; charset=UTF-8">
</head>
<body style="margin:0px 0px 0px 0px;overflow:auto;background:#FFFFFF;">
<table style="font-family:Arial,Verdana,Times;font-size:12px;text-align:left;width:100%;border-collapse:collapse;padding:3px 3px 3px 3px">
<tr style="text-align:center;font-weight:bold;background:#9CBCE2">
<td>Gat 169</td>
</tr>
<tr>
<td>
<table style="font-family:Arial,Verdana,Times;font-size:12px;text-align:left;width:100%;border-spacing:0px; padding:3px 3px 3px 3px">
<tr>
<td>SHAPE</td>
<td>Polygon</td>
</tr>
<tr bgcolor="#D4E4F3">
<td>SHAPE_Length</td>
<td>381.51492</td>
</tr>
<tr>
<td>SHAPE_Area</td>
<td>7709.892988</td>
</tr>
<tr bgcolor="#D4E4F3">
<td>Gat_name</td>
<td>Gat 169</td>
</tr>
</table>
</td>
</tr>
</table>
</body>
</html>
]]></description>
      <styleUrl>#PolyStyle00</styleUrl>
      <MultiGeometry>
        <Polygon>
          <extrude>0</extrude><altitudeMode>clampToGround</altitudeMode>
          <outerBoundaryIs><LinearRing><coordinates> 74.51654212196871,18.13598968435505,0 74.51676138077012,18.13596963305793,0 74.51746246367497,18.13590818709191,0 74.51782341118631,18.13587655104007,0 74.5178639210628,18.13594518776153,0 74.51787706693273,18.13633915564149,0 74.51735972634239,18.13643657421322,0 74.51715674841196,18.13645762145482,0 74.51662250341501,18.13651559789255,0 74.51661354321075,18.1364362557025,0 74.51654212196871,18.13598968435505,0</coordinates></LinearRing></outerBoundaryIs>
        </Polygon>
      </MultiGeometry>
    </Placemark>
    <Placemark id="ID_00162">
      <name>Gat 172</name>
      <Snippet></Snippet>
      <description><![CDATA[<html xmlns:fo="http://www.w3.org/1999/XSL/Format" xmlns:msxsl="urn:schemas-microsoft-com:xslt">
<head>
<META http-equiv="Content-Type" content="text/html">
<meta http-equiv="content-type" content="text/html; charset=UTF-8">
</head>
<body style="margin:0px 0px 0px 0px;overflow:auto;background:#FFFFFF;">
<table style="font-family:Arial,Verdana,Times;font-size:12px;text-align:left;width:100%;border-collapse:collapse;padding:3px 3px 3px 3px">
<tr style="text-align:center;font-weight:bold;background:#9CBCE2">
<td>Gat 172</td>
</tr>
<tr>
<td>
<table style="font-family:Arial,Verdana,Times;font-size:12px;text-align:left;width:100%;border-spacing:0px; padding:3px 3px 3px 3px">
<tr>
<td>SHAPE</td>
<td>Polygon</td>
</tr>
<tr bgcolor="#D4E4F3">
<td>SHAPE_Length</td>
<td>431.342898</td>
</tr>
<tr>
<td>SHAPE_Area</td>
<td>9744.904208</td>
</tr>
<tr bgcolor="#D4E4F3">
<td>Gat_name</td>
<td>Gat 172</td>
</tr>
</table>
</td>
</tr>
</table>
</body>
</html>
]]></description>
      <styleUrl>#PolyStyle00</styleUrl>
      <MultiGeometry>
        <Polygon>
          <extrude>0</extrude><altitudeMode>clampToGround</altitudeMode>
          <outerBoundaryIs><LinearRing><coordinates> 74.51644434618447,18.13552225518016,0 74.51650270648827,18.13580125260992,0 74.51654212196871,18.13598968435505,0 74.51656821460705,18.13615283518364,0 74.5166029101148,18.13638467210705,0 74.51660556278294,18.13638635897877,0 74.51662250341501,18.13651559789255,0 74.51590257973361,18.13661199398499,0 74.51586432831259,18.13615801493505,0 74.51569253020887,18.13617489920204,0 74.51562860540659,18.13599331267152,0 74.51549582652784,18.13603937008273,0 74.51549439109411,18.13602098718819,0 74.51548526739356,18.13591709936482,0 74.51548511087607,18.1359018442119,0 74.51548345614364,18.13574096190043,0 74.51619259072801,18.13554127093003,0 74.51629919084517,18.13553321907973,0 74.51644434618447,18.13552225518016,0</coordinates></LinearRing></outerBoundaryIs>
        </Polygon>
      </MultiGeometry>
    </Placemark>
    <Placemark id="ID_00163">
      <name>Gat 168</name>
      <Snippet></Snippet>
      <description><![CDATA[<html xmlns:fo="http://www.w3.org/1999/XSL/Format" xmlns:msxsl="urn:schemas-microsoft-com:xslt">
<head>
<META http-equiv="Content-Type" content="text/html">
<meta http-equiv="content-type" content="text/html; charset=UTF-8">
</head>
<body style="margin:0px 0px 0px 0px;overflow:auto;background:#FFFFFF;">
<table style="font-family:Arial,Verdana,Times;font-size:12px;text-align:left;width:100%;border-collapse:collapse;padding:3px 3px 3px 3px">
<tr style="text-align:center;font-weight:bold;background:#9CBCE2">
<td>Gat 168</td>
</tr>
<tr>
<td>
<table style="font-family:Arial,Verdana,Times;font-size:12px;text-align:left;width:100%;border-spacing:0px; padding:3px 3px 3px 3px">
<tr>
<td>SHAPE</td>
<td>Polygon</td>
</tr>
<tr bgcolor="#D4E4F3">
<td>SHAPE_Length</td>
<td>323.918239</td>
</tr>
<tr>
<td>SHAPE_Area</td>
<td>4666.866971</td>
</tr>
<tr bgcolor="#D4E4F3">
<td>Gat_name</td>
<td>Gat 168</td>
</tr>
</table>
</td>
</tr>
</table>
</body>
</html>
]]></description>
      <styleUrl>#PolyStyle00</styleUrl>
      <MultiGeometry>
        <Polygon>
          <extrude>0</extrude><altitudeMode>clampToGround</altitudeMode>
          <outerBoundaryIs><LinearRing><coordinates> 74.51626639480307,18.13656328038559,0 74.51652401882102,18.13652759379534,0 74.51676492619023,18.13649825042146,0 74.51705030121715,18.13646865948643,0 74.51735972634239,18.13643657421322,0 74.51742931014553,18.13642364680262,0 74.51743104633961,18.13643446632711,0 74.51748642341285,18.13677956176691,0 74.51747507390576,18.13678160759824,0 74.51630446879767,18.13687379295973,0 74.51626639480307,18.13656328038559,0</coordinates></LinearRing></outerBoundaryIs>
        </Polygon>
      </MultiGeometry>
    </Placemark>
    <Placemark id="ID_00164">
      <name>Gat 167</name>
      <Snippet></Snippet>
      <description><![CDATA[<html xmlns:fo="http://www.w3.org/1999/XSL/Format" xmlns:msxsl="urn:schemas-microsoft-com:xslt">
<head>
<META http-equiv="Content-Type" content="text/html">
<meta http-equiv="content-type" content="text/html; charset=UTF-8">
</head>
<body style="margin:0px 0px 0px 0px;overflow:auto;background:#FFFFFF;">
<table style="font-family:Arial,Verdana,Times;font-size:12px;text-align:left;width:100%;border-collapse:collapse;padding:3px 3px 3px 3px">
<tr style="text-align:center;font-weight:bold;background:#9CBCE2">
<td>Gat 167</td>
</tr>
<tr>
<td>
<table style="font-family:Arial,Verdana,Times;font-size:12px;text-align:left;width:100%;border-spacing:0px; padding:3px 3px 3px 3px">
<tr>
<td>SHAPE</td>
<td>Polygon</td>
</tr>
<tr bgcolor="#D4E4F3">
<td>SHAPE_Length</td>
<td>318.888351</td>
</tr>
<tr>
<td>SHAPE_Area</td>
<td>4135.295112</td>
</tr>
<tr bgcolor="#D4E4F3">
<td>Gat_name</td>
<td>Gat 167</td>
</tr>
</table>
</td>
</tr>
</table>
</body>
</html>
]]></description>
      <styleUrl>#PolyStyle00</styleUrl>
      <MultiGeometry>
        <Polygon>
          <extrude>0</extrude><altitudeMode>clampToGround</altitudeMode>
          <outerBoundaryIs><LinearRing><coordinates> 74.51630446879767,18.13687379295973,0 74.51658643710682,18.1368515883611,0 74.51730725195759,18.13679482378982,0 74.51748642341285,18.13677956176691,0 74.5175448136532,18.13707113569013,0 74.51717505580251,18.13710079138082,0 74.51658625901095,18.13714801361002,0 74.51633592285252,18.13716398988084,0 74.51630446879767,18.13687379295973,0</coordinates></LinearRing></outerBoundaryIs>
        </Polygon>
      </MultiGeometry>
    </Placemark>
    <Placemark id="ID_00165">
      <name>Gat 165</name>
      <Snippet></Snippet>
      <description><![CDATA[<html xmlns:fo="http://www.w3.org/1999/XSL/Format" xmlns:msxsl="urn:schemas-microsoft-com:xslt">
<head>
<META http-equiv="Content-Type" content="text/html">
<meta http-equiv="content-type" content="text/html; charset=UTF-8">
</head>
<body style="margin:0px 0px 0px 0px;overflow:auto;background:#FFFFFF;">
<table style="font-family:Arial,Verdana,Times;font-size:12px;text-align:left;width:100%;border-collapse:collapse;padding:3px 3px 3px 3px">
<tr style="text-align:center;font-weight:bold;background:#9CBCE2">
<td>Gat 165</td>
</tr>
<tr>
<td>
<table style="font-family:Arial,Verdana,Times;font-size:12px;text-align:left;width:100%;border-spacing:0px; padding:3px 3px 3px 3px">
<tr>
<td>SHAPE</td>
<td>Polygon</td>
</tr>
<tr bgcolor="#D4E4F3">
<td>SHAPE_Length</td>
<td>808.68502</td>
</tr>
<tr>
<td>SHAPE_Area</td>
<td>16977.676693</td>
</tr>
<tr bgcolor="#D4E4F3">
<td>Gat_name</td>
<td>Gat 165</td>
</tr>
</table>
</td>
</tr>
</table>
</body>
</html>
]]></description>
      <styleUrl>#PolyStyle00</styleUrl>
      <MultiGeometry>
        <Polygon>
          <extrude>0</extrude><altitudeMode>clampToGround</altitudeMode>
          <outerBoundaryIs><LinearRing><coordinates> 74.51590257973361,18.13661199398499,0 74.51626639480307,18.13656328038559,0 74.51631026322883,18.13692725159699,0 74.51633592285252,18.13716398988084,0 74.51603492906295,18.13722925239516,0 74.51604042610464,18.13777888035977,0 74.51767470181994,18.13778770011005,0 74.51754638006885,18.13812586193681,0 74.51638067123601,18.13828688158171,0 74.51605790810744,18.13822159605767,0 74.51577293962833,18.13815939311915,0 74.51572178172628,18.13786067232038,0 74.51561241946605,18.13724829078533,0 74.5155378327612,18.13666366276622,0 74.51590257973361,18.13661199398499,0</coordinates></LinearRing></outerBoundaryIs>
        </Polygon>
      </MultiGeometry>
    </Placemark>
    <Placemark id="ID_00166">
      <name>Gat 166</name>
      <Snippet></Snippet>
      <description><![CDATA[<html xmlns:fo="http://www.w3.org/1999/XSL/Format" xmlns:msxsl="urn:schemas-microsoft-com:xslt">
<head>
<META http-equiv="Content-Type" content="text/html">
<meta http-equiv="content-type" content="text/html; charset=UTF-8">
</head>
<body style="margin:0px 0px 0px 0px;overflow:auto;background:#FFFFFF;">
<table style="font-family:Arial,Verdana,Times;font-size:12px;text-align:left;width:100%;border-collapse:collapse;padding:3px 3px 3px 3px">
<tr style="text-align:center;font-weight:bold;background:#9CBCE2">
<td>Gat 166</td>
</tr>
<tr>
<td>
<table style="font-family:Arial,Verdana,Times;font-size:12px;text-align:left;width:100%;border-spacing:0px; padding:3px 3px 3px 3px">
<tr>
<td>SHAPE</td>
<td>Polygon</td>
</tr>
<tr bgcolor="#D4E4F3">
<td>SHAPE_Length</td>
<td>678.748855</td>
</tr>
<tr>
<td>SHAPE_Area</td>
<td>16600.350125</td>
</tr>
<tr bgcolor="#D4E4F3">
<td>Gat_name</td>
<td>Gat 166</td>
</tr>
</table>
</td>
</tr>
</table>
</body>
</html>
]]></description>
      <styleUrl>#PolyStyle00</styleUrl>
      <MultiGeometry>
        <Polygon>
          <extrude>0</extrude><altitudeMode>clampToGround</altitudeMode>
          <outerBoundaryIs><LinearRing><coordinates> 74.51787706693273,18.13633915564149,0 74.51788130583412,18.13677596691802,0 74.51787888963682,18.13706613123693,0 74.51767470181994,18.13778770011005,0 74.51741067121469,18.13778627644844,0 74.51652433052719,18.13778149364551,0 74.5164549944332,18.13778111884081,0 74.51604042610464,18.13777888035977,0 74.51603492906295,18.13722925239516,0 74.51633592285252,18.13716398988084,0 74.51658625901095,18.13714801361002,0 74.51717505580251,18.13710079138082,0 74.5175448136532,18.13707113569013,0 74.51748642341285,18.13677956176691,0 74.51743104633961,18.13643446632711,0 74.51742931014553,18.13642364680262,0 74.51787706693273,18.13633915564149,0</coordinates></LinearRing></outerBoundaryIs>
        </Polygon>
      </MultiGeometry>
    </Placemark>
    <Placemark id="ID_00167">
      <name>Gat 173</name>
      <Snippet></Snippet>
      <description><![CDATA[<html xmlns:fo="http://www.w3.org/1999/XSL/Format" xmlns:msxsl="urn:schemas-microsoft-com:xslt">
<head>
<META http-equiv="Content-Type" content="text/html">
<meta http-equiv="content-type" content="text/html; charset=UTF-8">
</head>
<body style="margin:0px 0px 0px 0px;overflow:auto;background:#FFFFFF;">
<table style="font-family:Arial,Verdana,Times;font-size:12px;text-align:left;width:100%;border-collapse:collapse;padding:3px 3px 3px 3px">
<tr style="text-align:center;font-weight:bold;background:#9CBCE2">
<td>Gat 173</td>
</tr>
<tr>
<td>
<table style="font-family:Arial,Verdana,Times;font-size:12px;text-align:left;width:100%;border-spacing:0px; padding:3px 3px 3px 3px">
<tr>
<td>SHAPE</td>
<td>Polygon</td>
</tr>
<tr bgcolor="#D4E4F3">
<td>SHAPE_Length</td>
<td>213.050318</td>
</tr>
<tr>
<td>SHAPE_Area</td>
<td>2268.097036</td>
</tr>
<tr bgcolor="#D4E4F3">
<td>Gat_name</td>
<td>Gat 173</td>
</tr>
</table>
</td>
</tr>
</table>
</body>
</html>
]]></description>
      <styleUrl>#PolyStyle00</styleUrl>
      <MultiGeometry>
        <Polygon>
          <extrude>0</extrude><altitudeMode>clampToGround</altitudeMode>
          <outerBoundaryIs><LinearRing><coordinates> 74.5155378327612,18.13666366276622,0 74.5155374627292,18.13656114006378,0 74.51551362576807,18.13622795639224,0 74.51549582652784,18.13603937008273,0 74.51562860540659,18.13599331267152,0 74.51564142768979,18.13602973564004,0 74.51569253020887,18.13617489920204,0 74.51586432831259,18.13615801493505,0 74.51590257973361,18.13661199398499,0 74.51560929686786,18.1366535389926,0 74.5155378327612,18.13666366276622,0</coordinates></LinearRing></outerBoundaryIs>
        </Polygon>
      </MultiGeometry>
    </Placemark>
    <Placemark id="ID_00168">
      <name>Gat 174</name>
      <Snippet></Snippet>
      <description><![CDATA[<html xmlns:fo="http://www.w3.org/1999/XSL/Format" xmlns:msxsl="urn:schemas-microsoft-com:xslt">
<head>
<META http-equiv="Content-Type" content="text/html">
<meta http-equiv="content-type" content="text/html; charset=UTF-8">
</head>
<body style="margin:0px 0px 0px 0px;overflow:auto;background:#FFFFFF;">
<table style="font-family:Arial,Verdana,Times;font-size:12px;text-align:left;width:100%;border-collapse:collapse;padding:3px 3px 3px 3px">
<tr style="text-align:center;font-weight:bold;background:#9CBCE2">
<td>Gat 174</td>
</tr>
<tr>
<td>
<table style="font-family:Arial,Verdana,Times;font-size:12px;text-align:left;width:100%;border-spacing:0px; padding:3px 3px 3px 3px">
<tr>
<td>SHAPE</td>
<td>Polygon</td>
</tr>
<tr bgcolor="#D4E4F3">
<td>SHAPE_Length</td>
<td>237.890972</td>
</tr>
<tr>
<td>SHAPE_Area</td>
<td>3331.877385</td>
</tr>
<tr bgcolor="#D4E4F3">
<td>Gat_name</td>
<td>Gat 174</td>
</tr>
</table>
</td>
</tr>
</table>
</body>
</html>
]]></description>
      <styleUrl>#PolyStyle00</styleUrl>
      <MultiGeometry>
        <Polygon>
          <extrude>0</extrude><altitudeMode>clampToGround</altitudeMode>
          <outerBoundaryIs><LinearRing><coordinates> 74.51471042614004,18.13601115833355,0 74.51491647424488,18.13590126456103,0 74.51495826140838,18.13588059543064,0 74.51531900590741,18.13573948414923,0 74.51544846388272,18.13573696297975,0 74.51548346145692,18.13574143551813,0 74.51548511087607,18.1359018442119,0 74.51548526739356,18.13591709936482,0 74.51548663128509,18.13593262508858,0 74.51548850935838,18.13595401431557,0 74.51549439109411,18.13602098718819,0 74.51549582652784,18.13603937008273,0 74.51551070758821,18.13619704275185,0 74.51551289829089,18.13622024945319,0 74.515509880067,18.13621983784758,0 74.51491471069531,18.13623514932734,0 74.51471042614004,18.13601115833355,0</coordinates></LinearRing></outerBoundaryIs>
        </Polygon>
      </MultiGeometry>
    </Placemark>
    <Placemark id="ID_00169">
      <name>Gat 175</name>
      <Snippet></Snippet>
      <description><![CDATA[<html xmlns:fo="http://www.w3.org/1999/XSL/Format" xmlns:msxsl="urn:schemas-microsoft-com:xslt">
<head>
<META http-equiv="Content-Type" content="text/html">
<meta http-equiv="content-type" content="text/html; charset=UTF-8">
</head>
<body style="margin:0px 0px 0px 0px;overflow:auto;background:#FFFFFF;">
<table style="font-family:Arial,Verdana,Times;font-size:12px;text-align:left;width:100%;border-collapse:collapse;padding:3px 3px 3px 3px">
<tr style="text-align:center;font-weight:bold;background:#9CBCE2">
<td>Gat 175</td>
</tr>
<tr>
<td>
<table style="font-family:Arial,Verdana,Times;font-size:12px;text-align:left;width:100%;border-spacing:0px; padding:3px 3px 3px 3px">
<tr>
<td>SHAPE</td>
<td>Polygon</td>
</tr>
<tr bgcolor="#D4E4F3">
<td>SHAPE_Length</td>
<td>320.081927</td>
</tr>
<tr>
<td>SHAPE_Area</td>
<td>5224.144367</td>
</tr>
<tr bgcolor="#D4E4F3">
<td>Gat_name</td>
<td>Gat 175</td>
</tr>
</table>
</td>
</tr>
</table>
</body>
</html>
]]></description>
      <styleUrl>#PolyStyle00</styleUrl>
      <MultiGeometry>
        <Polygon>
          <extrude>0</extrude><altitudeMode>clampToGround</altitudeMode>
          <outerBoundaryIs><LinearRing><coordinates> 74.51471042614004,18.13601115833355,0 74.51491330358274,18.13623360656788,0 74.51491471069531,18.13623514932734,0 74.515509880067,18.13621983784758,0 74.51551289829089,18.13622024945319,0 74.51551362576807,18.13622795639224,0 74.5155374627292,18.13656114006378,0 74.51553773143651,18.1366355689195,0 74.5155378327612,18.13666366276622,0 74.51529044631812,18.13669691630468,0 74.51473870215526,18.13674700364596,0 74.51464406977803,18.13627014025363,0 74.5146062046917,18.13605806982342,0 74.51471042614004,18.13601115833355,0</coordinates></LinearRing></outerBoundaryIs>
        </Polygon>
      </MultiGeometry>
    </Placemark>
    <Placemark id="ID_00170">
      <name>Gat 176</name>
      <Snippet></Snippet>
      <description><![CDATA[<html xmlns:fo="http://www.w3.org/1999/XSL/Format" xmlns:msxsl="urn:schemas-microsoft-com:xslt">
<head>
<META http-equiv="Content-Type" content="text/html">
<meta http-equiv="content-type" content="text/html; charset=UTF-8">
</head>
<body style="margin:0px 0px 0px 0px;overflow:auto;background:#FFFFFF;">
<table style="font-family:Arial,Verdana,Times;font-size:12px;text-align:left;width:100%;border-collapse:collapse;padding:3px 3px 3px 3px">
<tr style="text-align:center;font-weight:bold;background:#9CBCE2">
<td>Gat 176</td>
</tr>
<tr>
<td>
<table style="font-family:Arial,Verdana,Times;font-size:12px;text-align:left;width:100%;border-spacing:0px; padding:3px 3px 3px 3px">
<tr>
<td>SHAPE</td>
<td>Polygon</td>
</tr>
<tr bgcolor="#D4E4F3">
<td>SHAPE_Length</td>
<td>288.346163</td>
</tr>
<tr>
<td>SHAPE_Area</td>
<td>4988.26974</td>
</tr>
<tr bgcolor="#D4E4F3">
<td>Gat_name</td>
<td>Gat 176</td>
</tr>
</table>
</td>
</tr>
</table>
</body>
</html>
]]></description>
      <styleUrl>#PolyStyle00</styleUrl>
      <MultiGeometry>
        <Polygon>
          <extrude>0</extrude><altitudeMode>clampToGround</altitudeMode>
          <outerBoundaryIs><LinearRing><coordinates> 74.5146062046917,18.13605806982342,0 74.51465512761273,18.13632586363073,0 74.51473870215526,18.13674700364596,0 74.51402733461977,18.13689647960961,0 74.51401802260415,18.13672108064972,0 74.51398668083291,18.13634850729957,0 74.51426681000203,18.13622521676539,0 74.51444467475345,18.13613762116236,0 74.5146062046917,18.13605806982342,0</coordinates></LinearRing></outerBoundaryIs>
        </Polygon>
      </MultiGeometry>
    </Placemark>
    <Placemark id="ID_00171">
      <name>Gat 177</name>
      <Snippet></Snippet>
      <description><![CDATA[<html xmlns:fo="http://www.w3.org/1999/XSL/Format" xmlns:msxsl="urn:schemas-microsoft-com:xslt">
<head>
<META http-equiv="Content-Type" content="text/html">
<meta http-equiv="content-type" content="text/html; charset=UTF-8">
</head>
<body style="margin:0px 0px 0px 0px;overflow:auto;background:#FFFFFF;">
<table style="font-family:Arial,Verdana,Times;font-size:12px;text-align:left;width:100%;border-collapse:collapse;padding:3px 3px 3px 3px">
<tr style="text-align:center;font-weight:bold;background:#9CBCE2">
<td>Gat 177</td>
</tr>
<tr>
<td>
<table style="font-family:Arial,Verdana,Times;font-size:12px;text-align:left;width:100%;border-spacing:0px; padding:3px 3px 3px 3px">
<tr>
<td>SHAPE</td>
<td>Polygon</td>
</tr>
<tr bgcolor="#D4E4F3">
<td>SHAPE_Length</td>
<td>365.360316</td>
</tr>
<tr>
<td>SHAPE_Area</td>
<td>7467.13975</td>
</tr>
<tr bgcolor="#D4E4F3">
<td>Gat_name</td>
<td>Gat 177</td>
</tr>
</table>
</td>
</tr>
</table>
</body>
</html>
]]></description>
      <styleUrl>#PolyStyle00</styleUrl>
      <MultiGeometry>
        <Polygon>
          <extrude>0</extrude><altitudeMode>clampToGround</altitudeMode>
          <outerBoundaryIs><LinearRing><coordinates> 74.51402733461977,18.13689647960961,0 74.51424182093095,18.1368514112374,0 74.51473870215526,18.13674700364596,0 74.5151588282734,18.13671016212205,0 74.51526164357512,18.13727951620412,0 74.51441458692545,18.13734940718285,0 74.51407746507586,18.13738196819156,0 74.51402733461977,18.13689647960961,0</coordinates></LinearRing></outerBoundaryIs>
        </Polygon>
      </MultiGeometry>
    </Placemark>
    <Placemark id="ID_00172">
      <name>Gat 178</name>
      <Snippet></Snippet>
      <description><![CDATA[<html xmlns:fo="http://www.w3.org/1999/XSL/Format" xmlns:msxsl="urn:schemas-microsoft-com:xslt">
<head>
<META http-equiv="Content-Type" content="text/html">
<meta http-equiv="content-type" content="text/html; charset=UTF-8">
</head>
<body style="margin:0px 0px 0px 0px;overflow:auto;background:#FFFFFF;">
<table style="font-family:Arial,Verdana,Times;font-size:12px;text-align:left;width:100%;border-collapse:collapse;padding:3px 3px 3px 3px">
<tr style="text-align:center;font-weight:bold;background:#9CBCE2">
<td>Gat 178</td>
</tr>
<tr>
<td>
<table style="font-family:Arial,Verdana,Times;font-size:12px;text-align:left;width:100%;border-spacing:0px; padding:3px 3px 3px 3px">
<tr>
<td>SHAPE</td>
<td>Polygon</td>
</tr>
<tr bgcolor="#D4E4F3">
<td>SHAPE_Length</td>
<td>150.498179</td>
</tr>
<tr>
<td>SHAPE_Area</td>
<td>723.56623</td>
</tr>
<tr bgcolor="#D4E4F3">
<td>Gat_name</td>
<td>Gat 178</td>
</tr>
</table>
</td>
</tr>
</table>
</body>
</html>
]]></description>
      <styleUrl>#PolyStyle00</styleUrl>
      <MultiGeometry>
        <Polygon>
          <extrude>0</extrude><altitudeMode>clampToGround</altitudeMode>
          <outerBoundaryIs><LinearRing><coordinates> 74.5151588282734,18.13671016212205,0 74.51529044631812,18.13669691630468,0 74.51534279805861,18.13726714833608,0 74.51534326517734,18.13727225069985,0 74.51526260331708,18.1372794309498,0 74.51526164357512,18.13727951620412,0 74.5151588282734,18.13671016212205,0</coordinates></LinearRing></outerBoundaryIs>
        </Polygon>
      </MultiGeometry>
    </Placemark>
    <Placemark id="ID_00173">
      <name>Gat 220</name>
      <Snippet></Snippet>
      <description><![CDATA[<html xmlns:fo="http://www.w3.org/1999/XSL/Format" xmlns:msxsl="urn:schemas-microsoft-com:xslt">
<head>
<META http-equiv="Content-Type" content="text/html">
<meta http-equiv="content-type" content="text/html; charset=UTF-8">
</head>
<body style="margin:0px 0px 0px 0px;overflow:auto;background:#FFFFFF;">
<table style="font-family:Arial,Verdana,Times;font-size:12px;text-align:left;width:100%;border-collapse:collapse;padding:3px 3px 3px 3px">
<tr style="text-align:center;font-weight:bold;background:#9CBCE2">
<td>Gat 220</td>
</tr>
<tr>
<td>
<table style="font-family:Arial,Verdana,Times;font-size:12px;text-align:left;width:100%;border-spacing:0px; padding:3px 3px 3px 3px">
<tr>
<td>SHAPE</td>
<td>Polygon</td>
</tr>
<tr bgcolor="#D4E4F3">
<td>SHAPE_Length</td>
<td>184.086173</td>
</tr>
<tr>
<td>SHAPE_Area</td>
<td>1774.50704</td>
</tr>
<tr bgcolor="#D4E4F3">
<td>Gat_name</td>
<td>Gat 220</td>
</tr>
</table>
</td>
</tr>
</table>
</body>
</html>
]]></description>
      <styleUrl>#PolyStyle00</styleUrl>
      <MultiGeometry>
        <Polygon>
          <extrude>0</extrude><altitudeMode>clampToGround</altitudeMode>
          <outerBoundaryIs><LinearRing><coordinates> 74.51529044631812,18.13669691630468,0 74.5155378327612,18.13666366276622,0 74.51559587957099,18.13711864428606,0 74.51561241946605,18.13724829078533,0 74.51534326517734,18.13727225069985,0 74.51529044631812,18.13669691630468,0</coordinates></LinearRing></outerBoundaryIs>
        </Polygon>
      </MultiGeometry>
    </Placemark>
    <Placemark id="ID_00174">
      <name>Gat 221</name>
      <Snippet></Snippet>
      <description><![CDATA[<html xmlns:fo="http://www.w3.org/1999/XSL/Format" xmlns:msxsl="urn:schemas-microsoft-com:xslt">
<head>
<META http-equiv="Content-Type" content="text/html">
<meta http-equiv="content-type" content="text/html; charset=UTF-8">
</head>
<body style="margin:0px 0px 0px 0px;overflow:auto;background:#FFFFFF;">
<table style="font-family:Arial,Verdana,Times;font-size:12px;text-align:left;width:100%;border-collapse:collapse;padding:3px 3px 3px 3px">
<tr style="text-align:center;font-weight:bold;background:#9CBCE2">
<td>Gat 221</td>
</tr>
<tr>
<td>
<table style="font-family:Arial,Verdana,Times;font-size:12px;text-align:left;width:100%;border-spacing:0px; padding:3px 3px 3px 3px">
<tr>
<td>SHAPE</td>
<td>Polygon</td>
</tr>
<tr bgcolor="#D4E4F3">
<td>SHAPE_Length</td>
<td>525.452628</td>
</tr>
<tr>
<td>SHAPE_Area</td>
<td>15800.595791</td>
</tr>
<tr bgcolor="#D4E4F3">
<td>Gat_name</td>
<td>Gat 221</td>
</tr>
</table>
</td>
</tr>
</table>
</body>
</html>
]]></description>
      <styleUrl>#PolyStyle00</styleUrl>
      <MultiGeometry>
        <Polygon>
          <extrude>0</extrude><altitudeMode>clampToGround</altitudeMode>
          <outerBoundaryIs><LinearRing><coordinates> 74.51407746507586,18.13738196819156,0 74.51446907288171,18.1373449116094,0 74.51561241946605,18.13724829078533,0 74.51577293962833,18.13815939311915,0 74.51535355179148,18.13830004566086,0 74.51474817307027,18.13826163815673,0 74.51464033812412,18.13799531824624,0 74.51413202557247,18.13795271305456,0 74.5141189761362,18.13782025352858,0 74.51409509934196,18.13756816083259,0 74.51407746507586,18.13738196819156,0</coordinates></LinearRing></outerBoundaryIs>
        </Polygon>
      </MultiGeometry>
    </Placemark>
    <Placemark id="ID_00175">
      <name>Gat 180</name>
      <Snippet></Snippet>
      <description><![CDATA[<html xmlns:fo="http://www.w3.org/1999/XSL/Format" xmlns:msxsl="urn:schemas-microsoft-com:xslt">
<head>
<META http-equiv="Content-Type" content="text/html">
<meta http-equiv="content-type" content="text/html; charset=UTF-8">
</head>
<body style="margin:0px 0px 0px 0px;overflow:auto;background:#FFFFFF;">
<table style="font-family:Arial,Verdana,Times;font-size:12px;text-align:left;width:100%;border-collapse:collapse;padding:3px 3px 3px 3px">
<tr style="text-align:center;font-weight:bold;background:#9CBCE2">
<td>Gat 180</td>
</tr>
<tr>
<td>
<table style="font-family:Arial,Verdana,Times;font-size:12px;text-align:left;width:100%;border-spacing:0px; padding:3px 3px 3px 3px">
<tr>
<td>SHAPE</td>
<td>Polygon</td>
</tr>
<tr bgcolor="#D4E4F3">
<td>SHAPE_Length</td>
<td>1571.658762</td>
</tr>
<tr>
<td>SHAPE_Area</td>
<td>46937.574354</td>
</tr>
<tr bgcolor="#D4E4F3">
<td>Gat_name</td>
<td>Gat 180</td>
</tr>
</table>
</td>
</tr>
</table>
</body>
</html>
]]></description>
      <styleUrl>#PolyStyle00</styleUrl>
      <MultiGeometry>
        <Polygon>
          <extrude>0</extrude><altitudeMode>clampToGround</altitudeMode>
          <outerBoundaryIs><LinearRing><coordinates> 74.51413202557247,18.13795271305456,0 74.51464033812412,18.13799531824624,0 74.51474817307027,18.13826163815673,0 74.51535355179148,18.13830004566086,0 74.51577293962833,18.13815939311915,0 74.51605790810744,18.13822159605767,0 74.51622011162276,18.13825440499673,0 74.51638067123601,18.13828688158171,0 74.51638851006216,18.13833120586913,0 74.51644305998848,18.13871563208439,0 74.51534310334911,18.13883259177692,0 74.51547361772778,18.13990350433821,0 74.51568051584832,18.14160346567432,0 74.51588083416935,18.14160468096489,0 74.51604646278227,18.14288633292638,0 74.51528705773526,18.14275026802617,0 74.51507953142763,18.14137181610004,0 74.51482029537269,18.1396792330691,0 74.51470495064979,18.1388823492123,0 74.51425814442403,18.13893641879252,0 74.51413202557247,18.13795271305456,0</coordinates></LinearRing></outerBoundaryIs>
        </Polygon>
      </MultiGeometry>
    </Placemark>
    <Placemark id="ID_00176">
      <name>Gat 179</name>
      <Snippet></Snippet>
      <description><![CDATA[<html xmlns:fo="http://www.w3.org/1999/XSL/Format" xmlns:msxsl="urn:schemas-microsoft-com:xslt">
<head>
<META http-equiv="Content-Type" content="text/html">
<meta http-equiv="content-type" content="text/html; charset=UTF-8">
</head>
<body style="margin:0px 0px 0px 0px;overflow:auto;background:#FFFFFF;">
<table style="font-family:Arial,Verdana,Times;font-size:12px;text-align:left;width:100%;border-collapse:collapse;padding:3px 3px 3px 3px">
<tr style="text-align:center;font-weight:bold;background:#9CBCE2">
<td>Gat 179</td>
</tr>
<tr>
<td>
<table style="font-family:Arial,Verdana,Times;font-size:12px;text-align:left;width:100%;border-spacing:0px; padding:3px 3px 3px 3px">
<tr>
<td>SHAPE</td>
<td>Polygon</td>
</tr>
<tr bgcolor="#D4E4F3">
<td>SHAPE_Length</td>
<td>794.176737</td>
</tr>
<tr>
<td>SHAPE_Area</td>
<td>30638.299263</td>
</tr>
<tr bgcolor="#D4E4F3">
<td>Gat_name</td>
<td>Gat 179</td>
</tr>
</table>
</td>
</tr>
</table>
</body>
</html>
]]></description>
      <styleUrl>#PolyStyle00</styleUrl>
      <MultiGeometry>
        <Polygon>
          <extrude>0</extrude><altitudeMode>clampToGround</altitudeMode>
          <outerBoundaryIs><LinearRing><coordinates> 74.51644305998848,18.13871563208439,0 74.51653396347835,18.13914910887463,0 74.51684986115929,18.14115508344806,0 74.51655272773563,18.14121290878114,0 74.51647585323636,18.14087467982048,0 74.51560601173077,18.14099131484206,0 74.51554739256665,18.14050967102019,0 74.51553254345599,18.14038766431969,0 74.51552460723143,18.14032245870379,0 74.51547361772778,18.13990350433821,0 74.51537143290624,18.13906504819549,0 74.51534310334911,18.13883259177692,0 74.516158597341,18.13874587959986,0 74.51644305998848,18.13871563208439,0</coordinates></LinearRing></outerBoundaryIs>
        </Polygon>
      </MultiGeometry>
    </Placemark>
    <Placemark id="ID_00177">
      <name>Gat 159</name>
      <Snippet></Snippet>
      <description><![CDATA[<html xmlns:fo="http://www.w3.org/1999/XSL/Format" xmlns:msxsl="urn:schemas-microsoft-com:xslt">
<head>
<META http-equiv="Content-Type" content="text/html">
<meta http-equiv="content-type" content="text/html; charset=UTF-8">
</head>
<body style="margin:0px 0px 0px 0px;overflow:auto;background:#FFFFFF;">
<table style="font-family:Arial,Verdana,Times;font-size:12px;text-align:left;width:100%;border-collapse:collapse;padding:3px 3px 3px 3px">
<tr style="text-align:center;font-weight:bold;background:#9CBCE2">
<td>Gat 159</td>
</tr>
<tr>
<td>
<table style="font-family:Arial,Verdana,Times;font-size:12px;text-align:left;width:100%;border-spacing:0px; padding:3px 3px 3px 3px">
<tr>
<td>SHAPE</td>
<td>Polygon</td>
</tr>
<tr bgcolor="#D4E4F3">
<td>SHAPE_Length</td>
<td>410.416531</td>
</tr>
<tr>
<td>SHAPE_Area</td>
<td>8113.713573</td>
</tr>
<tr bgcolor="#D4E4F3">
<td>Gat_name</td>
<td>Gat 159</td>
</tr>
</table>
</td>
</tr>
</table>
</body>
</html>
]]></description>
      <styleUrl>#PolyStyle00</styleUrl>
      <MultiGeometry>
        <Polygon>
          <extrude>0</extrude><altitudeMode>clampToGround</altitudeMode>
          <outerBoundaryIs><LinearRing><coordinates> 74.51684986115929,18.14115508344806,0 74.51689932644011,18.14154894618441,0 74.51662311528821,18.14155397478794,0 74.51660657157927,18.14155434718912,0 74.51640459222376,18.14147716021482,0 74.51629395400892,18.14152190711537,0 74.5162371924477,18.1415847854301,0 74.51619263365271,18.14159842692406,0 74.51612621377241,18.14160616931798,0 74.51588083416935,18.14160468096489,0 74.51585705710863,18.14160453709944,0 74.51568051584832,18.14160346567432,0 74.51560601173077,18.14099131484206,0 74.51647585323636,18.14087467982048,0 74.51655272773563,18.14121290878114,0 74.51660486322425,18.14120276233983,0 74.51684986115929,18.14115508344806,0</coordinates></LinearRing></outerBoundaryIs>
        </Polygon>
      </MultiGeometry>
    </Placemark>
    <Placemark id="ID_00178">
      <name>Gat 156</name>
      <Snippet></Snippet>
      <description><![CDATA[<html xmlns:fo="http://www.w3.org/1999/XSL/Format" xmlns:msxsl="urn:schemas-microsoft-com:xslt">
<head>
<META http-equiv="Content-Type" content="text/html">
<meta http-equiv="content-type" content="text/html; charset=UTF-8">
</head>
<body style="margin:0px 0px 0px 0px;overflow:auto;background:#FFFFFF;">
<table style="font-family:Arial,Verdana,Times;font-size:12px;text-align:left;width:100%;border-collapse:collapse;padding:3px 3px 3px 3px">
<tr style="text-align:center;font-weight:bold;background:#9CBCE2">
<td>Gat 156</td>
</tr>
<tr>
<td>
<table style="font-family:Arial,Verdana,Times;font-size:12px;text-align:left;width:100%;border-spacing:0px; padding:3px 3px 3px 3px">
<tr>
<td>SHAPE</td>
<td>Polygon</td>
</tr>
<tr bgcolor="#D4E4F3">
<td>SHAPE_Length</td>
<td>368.52972</td>
</tr>
<tr>
<td>SHAPE_Area</td>
<td>5795.742525</td>
</tr>
<tr bgcolor="#D4E4F3">
<td>Gat_name</td>
<td>Gat 156</td>
</tr>
</table>
</td>
</tr>
</table>
</body>
</html>
]]></description>
      <styleUrl>#PolyStyle00</styleUrl>
      <MultiGeometry>
        <Polygon>
          <extrude>0</extrude><altitudeMode>clampToGround</altitudeMode>
          <outerBoundaryIs><LinearRing><coordinates> 74.51621508856273,18.14159155193817,0 74.51626788360112,18.14186933141572,0 74.51635493174808,18.14231699304897,0 74.51646076245584,18.14286034001334,0 74.51624302930787,18.14295396772675,0 74.51604646278227,18.14288633292638,0 74.51602288459424,18.14270388366598,0 74.51593831190451,18.14204945388114,0 74.51588083416935,18.14160468096489,0 74.51612621377241,18.14160616931798,0 74.51619263365271,18.14159842692406,0 74.51621508856273,18.14159155193817,0</coordinates></LinearRing></outerBoundaryIs>
        </Polygon>
      </MultiGeometry>
    </Placemark>
    <Placemark id="ID_00179">
      <name>Gat 158</name>
      <Snippet></Snippet>
      <description><![CDATA[<html xmlns:fo="http://www.w3.org/1999/XSL/Format" xmlns:msxsl="urn:schemas-microsoft-com:xslt">
<head>
<META http-equiv="Content-Type" content="text/html">
<meta http-equiv="content-type" content="text/html; charset=UTF-8">
</head>
<body style="margin:0px 0px 0px 0px;overflow:auto;background:#FFFFFF;">
<table style="font-family:Arial,Verdana,Times;font-size:12px;text-align:left;width:100%;border-collapse:collapse;padding:3px 3px 3px 3px">
<tr style="text-align:center;font-weight:bold;background:#9CBCE2">
<td>Gat 158</td>
</tr>
<tr>
<td>
<table style="font-family:Arial,Verdana,Times;font-size:12px;text-align:left;width:100%;border-spacing:0px; padding:3px 3px 3px 3px">
<tr>
<td>SHAPE</td>
<td>Polygon</td>
</tr>
<tr bgcolor="#D4E4F3">
<td>SHAPE_Length</td>
<td>120.607499</td>
</tr>
<tr>
<td>SHAPE_Area</td>
<td>931.764181</td>
</tr>
<tr bgcolor="#D4E4F3">
<td>Gat_name</td>
<td>Gat 158</td>
</tr>
</table>
</td>
</tr>
</table>
</body>
</html>
]]></description>
      <styleUrl>#PolyStyle00</styleUrl>
      <MultiGeometry>
        <Polygon>
          <extrude>0</extrude><altitudeMode>clampToGround</altitudeMode>
          <outerBoundaryIs><LinearRing><coordinates> 74.51622276808004,18.14163195954711,0 74.51621859331385,18.14160999334647,0 74.51621508856273,18.14159155193817,0 74.5162371924477,18.1415847854301,0 74.51629395400892,18.14152190711537,0 74.51640459222376,18.14147716021482,0 74.51660657157927,18.14155434718912,0 74.51662311528821,18.14155397478794,0 74.51657646206584,18.14177043568305,0 74.516520322609,18.14179098682517,0 74.51645392842595,18.1417656259157,0 74.51622276808004,18.14163195954711,0</coordinates></LinearRing></outerBoundaryIs>
        </Polygon>
      </MultiGeometry>
    </Placemark>
    <Placemark id="ID_00180">
      <name>Gat 157</name>
      <Snippet></Snippet>
      <description><![CDATA[<html xmlns:fo="http://www.w3.org/1999/XSL/Format" xmlns:msxsl="urn:schemas-microsoft-com:xslt">
<head>
<META http-equiv="Content-Type" content="text/html">
<meta http-equiv="content-type" content="text/html; charset=UTF-8">
</head>
<body style="margin:0px 0px 0px 0px;overflow:auto;background:#FFFFFF;">
<table style="font-family:Arial,Verdana,Times;font-size:12px;text-align:left;width:100%;border-collapse:collapse;padding:3px 3px 3px 3px">
<tr style="text-align:center;font-weight:bold;background:#9CBCE2">
<td>Gat 157</td>
</tr>
<tr>
<td>
<table style="font-family:Arial,Verdana,Times;font-size:12px;text-align:left;width:100%;border-spacing:0px; padding:3px 3px 3px 3px">
<tr>
<td>SHAPE</td>
<td>Polygon</td>
</tr>
<tr bgcolor="#D4E4F3">
<td>SHAPE_Length</td>
<td>427.451452</td>
</tr>
<tr>
<td>SHAPE_Area</td>
<td>8689.065894</td>
</tr>
<tr bgcolor="#D4E4F3">
<td>Gat_name</td>
<td>Gat 157</td>
</tr>
</table>
</td>
</tr>
</table>
</body>
</html>
]]></description>
      <styleUrl>#PolyStyle00</styleUrl>
      <MultiGeometry>
        <Polygon>
          <extrude>0</extrude><altitudeMode>clampToGround</altitudeMode>
          <outerBoundaryIs><LinearRing><coordinates> 74.51646076245584,18.14286034001334,0 74.51643585497419,18.1427324612819,0 74.51636433574555,18.14236527548823,0 74.51635493174808,18.14231699304897,0 74.51626055257853,18.14183075944896,0 74.51622276808004,18.14163195954711,0 74.5162891566091,18.14167034824835,0 74.51645392842595,18.1417656259157,0 74.516520322609,18.14179098682517,0 74.51655249030597,18.14177921125905,0 74.51657646206584,18.14177043568305,0 74.51662311528821,18.14155397478794,0 74.51687714646756,18.14154934965256,0 74.51689932644011,18.14154894618441,0 74.51706905344943,18.14267031171643,0 74.51677987174196,18.1427608341648,0 74.51646076245584,18.14286034001334,0</coordinates></LinearRing></outerBoundaryIs>
        </Polygon>
      </MultiGeometry>
    </Placemark>
    <Placemark id="ID_00181">
      <name>Gat 164</name>
      <Snippet></Snippet>
      <description><![CDATA[<html xmlns:fo="http://www.w3.org/1999/XSL/Format" xmlns:msxsl="urn:schemas-microsoft-com:xslt">
<head>
<META http-equiv="Content-Type" content="text/html">
<meta http-equiv="content-type" content="text/html; charset=UTF-8">
</head>
<body style="margin:0px 0px 0px 0px;overflow:auto;background:#FFFFFF;">
<table style="font-family:Arial,Verdana,Times;font-size:12px;text-align:left;width:100%;border-collapse:collapse;padding:3px 3px 3px 3px">
<tr style="text-align:center;font-weight:bold;background:#9CBCE2">
<td>Gat 164</td>
</tr>
<tr>
<td>
<table style="font-family:Arial,Verdana,Times;font-size:12px;text-align:left;width:100%;border-spacing:0px; padding:3px 3px 3px 3px">
<tr>
<td>SHAPE</td>
<td>Polygon</td>
</tr>
<tr bgcolor="#D4E4F3">
<td>SHAPE_Length</td>
<td>480.312309</td>
</tr>
<tr>
<td>SHAPE_Area</td>
<td>10286.79536</td>
</tr>
<tr bgcolor="#D4E4F3">
<td>Gat_name</td>
<td>Gat 164</td>
</tr>
</table>
</td>
</tr>
</table>
</body>
</html>
]]></description>
      <styleUrl>#PolyStyle00</styleUrl>
      <MultiGeometry>
        <Polygon>
          <extrude>0</extrude><altitudeMode>clampToGround</altitudeMode>
          <outerBoundaryIs><LinearRing><coordinates> 74.51737024952197,18.13815139092697,0 74.51742056117237,18.13870422775084,0 74.51695345769588,18.13880415167056,0 74.51700945267766,18.13948640612265,0 74.51659845659606,18.13955846037373,0 74.51654901997452,18.13924471713076,0 74.51653396347835,18.13914910887463,0 74.51644305998848,18.13871563208439,0 74.51638851006216,18.13833120586913,0 74.51638067123601,18.13828688158171,0 74.51701672810677,18.13819902337672,0 74.51737024952197,18.13815139092697,0</coordinates></LinearRing></outerBoundaryIs>
        </Polygon>
      </MultiGeometry>
    </Placemark>
    <Placemark id="ID_00182">
      <name>Gat 163</name>
      <Snippet></Snippet>
      <description><![CDATA[<html xmlns:fo="http://www.w3.org/1999/XSL/Format" xmlns:msxsl="urn:schemas-microsoft-com:xslt">
<head>
<META http-equiv="Content-Type" content="text/html">
<meta http-equiv="content-type" content="text/html; charset=UTF-8">
</head>
<body style="margin:0px 0px 0px 0px;overflow:auto;background:#FFFFFF;">
<table style="font-family:Arial,Verdana,Times;font-size:12px;text-align:left;width:100%;border-collapse:collapse;padding:3px 3px 3px 3px">
<tr style="text-align:center;font-weight:bold;background:#9CBCE2">
<td>Gat 163</td>
</tr>
<tr>
<td>
<table style="font-family:Arial,Verdana,Times;font-size:12px;text-align:left;width:100%;border-spacing:0px; padding:3px 3px 3px 3px">
<tr>
<td>SHAPE</td>
<td>Polygon</td>
</tr>
<tr bgcolor="#D4E4F3">
<td>SHAPE_Length</td>
<td>545.945081</td>
</tr>
<tr>
<td>SHAPE_Area</td>
<td>8131.96904</td>
</tr>
<tr bgcolor="#D4E4F3">
<td>Gat_name</td>
<td>Gat 163</td>
</tr>
</table>
</td>
</tr>
</table>
</body>
</html>
]]></description>
      <styleUrl>#PolyStyle00</styleUrl>
      <MultiGeometry>
        <Polygon>
          <extrude>0</extrude><altitudeMode>clampToGround</altitudeMode>
          <outerBoundaryIs><LinearRing><coordinates> 74.51754638006885,18.13812586193681,0 74.51771143236063,18.138465188243,0 74.51776676203015,18.13928121060306,0 74.51769331858297,18.13927263186471,0 74.51767264087677,18.13944931488712,0 74.51771002733055,18.13947235577853,0 74.51771595934432,18.13967514195918,0 74.5173151123696,18.13967547845026,0 74.51727491374862,18.13973609026871,0 74.51723247425141,18.13972449260008,0 74.51721814839335,18.13960810458059,0 74.51728120403396,18.13943528510187,0 74.51727654578833,18.13930558629475,0 74.51746523653708,18.13928583994319,0 74.51748186983637,18.13915895659897,0 74.51698208465865,18.13915426043535,0 74.51697420673008,18.13905696380001,0 74.51695345769588,18.13880415167056,0 74.51742056117237,18.13870422775084,0 74.51741712170079,18.13866643743575,0 74.51737385782684,18.13819103722059,0 74.51737024952197,18.13815139092697,0 74.51754638006885,18.13812586193681,0</coordinates></LinearRing></outerBoundaryIs>
        </Polygon>
      </MultiGeometry>
    </Placemark>
    <Placemark id="ID_00183">
      <name>Gat 161</name>
      <Snippet></Snippet>
      <description><![CDATA[<html xmlns:fo="http://www.w3.org/1999/XSL/Format" xmlns:msxsl="urn:schemas-microsoft-com:xslt">
<head>
<META http-equiv="Content-Type" content="text/html">
<meta http-equiv="content-type" content="text/html; charset=UTF-8">
</head>
<body style="margin:0px 0px 0px 0px;overflow:auto;background:#FFFFFF;">
<table style="font-family:Arial,Verdana,Times;font-size:12px;text-align:left;width:100%;border-collapse:collapse;padding:3px 3px 3px 3px">
<tr style="text-align:center;font-weight:bold;background:#9CBCE2">
<td>Gat 161</td>
</tr>
<tr>
<td>
<table style="font-family:Arial,Verdana,Times;font-size:12px;text-align:left;width:100%;border-spacing:0px; padding:3px 3px 3px 3px">
<tr>
<td>SHAPE</td>
<td>Polygon</td>
</tr>
<tr bgcolor="#D4E4F3">
<td>SHAPE_Length</td>
<td>212.645792</td>
</tr>
<tr>
<td>SHAPE_Area</td>
<td>1901.641792</td>
</tr>
<tr bgcolor="#D4E4F3">
<td>Gat_name</td>
<td>Gat 161</td>
</tr>
</table>
</td>
</tr>
</table>
</body>
</html>
]]></description>
      <styleUrl>#PolyStyle00</styleUrl>
      <MultiGeometry>
        <Polygon>
          <extrude>0</extrude><altitudeMode>clampToGround</altitudeMode>
          <outerBoundaryIs><LinearRing><coordinates> 74.51723247425141,18.13972449260008,0 74.51704917975594,18.13967095567146,0 74.51700945267766,18.13948640612265,0 74.51700547994081,18.13943800265882,0 74.51698679357992,18.13921032114501,0 74.5169847546005,18.13918548524715,0 74.5169821924239,18.1391542616096,0 74.51748186983637,18.13915895659897,0 74.51746523653708,18.13928583994319,0 74.51727654578833,18.13930558629475,0 74.51728120403396,18.13943528510187,0 74.51721814839335,18.13960810458059,0 74.51722477128185,18.13966191052203,0 74.51723247425141,18.13972449260008,0</coordinates></LinearRing></outerBoundaryIs>
        </Polygon>
      </MultiGeometry>
    </Placemark>
    <Placemark id="ID_00184">
      <name>Gat 160</name>
      <Snippet></Snippet>
      <description><![CDATA[<html xmlns:fo="http://www.w3.org/1999/XSL/Format" xmlns:msxsl="urn:schemas-microsoft-com:xslt">
<head>
<META http-equiv="Content-Type" content="text/html">
<meta http-equiv="content-type" content="text/html; charset=UTF-8">
</head>
<body style="margin:0px 0px 0px 0px;overflow:auto;background:#FFFFFF;">
<table style="font-family:Arial,Verdana,Times;font-size:12px;text-align:left;width:100%;border-collapse:collapse;padding:3px 3px 3px 3px">
<tr style="text-align:center;font-weight:bold;background:#9CBCE2">
<td>Gat 160</td>
</tr>
<tr>
<td>
<table style="font-family:Arial,Verdana,Times;font-size:12px;text-align:left;width:100%;border-spacing:0px; padding:3px 3px 3px 3px">
<tr>
<td>SHAPE</td>
<td>Polygon</td>
</tr>
<tr bgcolor="#D4E4F3">
<td>SHAPE_Length</td>
<td>910.379243</td>
</tr>
<tr>
<td>SHAPE_Area</td>
<td>20041.953814</td>
</tr>
<tr bgcolor="#D4E4F3">
<td>Gat_name</td>
<td>Gat 160</td>
</tr>
</table>
</td>
</tr>
</table>
</body>
</html>
]]></description>
      <styleUrl>#PolyStyle00</styleUrl>
      <MultiGeometry>
        <Polygon>
          <extrude>0</extrude><altitudeMode>clampToGround</altitudeMode>
          <outerBoundaryIs><LinearRing><coordinates> 74.51706905344943,18.14267031171643,0 74.51695535159578,18.14191909815668,0 74.51689932644011,18.14154894618441,0 74.51685837873565,18.14122290252755,0 74.51659845659606,18.13955846037373,0 74.51700945267766,18.13948640612265,0 74.51704917975594,18.13967095567146,0 74.51723247425141,18.13972449260008,0 74.51727491374862,18.13973609026871,0 74.5172800029998,18.14015180100631,0 74.51719965143917,18.14016601728668,0 74.51720333970736,18.14041457022832,0 74.51723924731381,18.14045776369942,0 74.51723684055665,18.14061724387509,0 74.5172733561655,18.14065488938073,0 74.51722058926593,18.14077428695575,0 74.51728277118131,18.14108235613136,0 74.51795026696179,18.14101653324424,0 74.51788394864271,18.14117498296699,0 74.51775782315626,18.14129152792139,0 74.51765752777472,18.14141582726446,0 74.51755280243157,18.14154698722572,0 74.51749357255933,18.14177064563099,0 74.51751934632871,18.14200032239108,0 74.51733720911938,18.14204265276282,0 74.51740299113449,18.1425397134028,0 74.51741013533045,18.14257377748723,0 74.51733392458037,18.14259546163726,0 74.5172420261565,18.14262143120666,0 74.51709200086898,18.14266382741541,0 74.51706905344943,18.14267031171643,0</coordinates></LinearRing></outerBoundaryIs>
        </Polygon>
      </MultiGeometry>
    </Placemark>
    <Placemark id="ID_00185">
      <name>Gat 155</name>
      <Snippet></Snippet>
      <description><![CDATA[<html xmlns:fo="http://www.w3.org/1999/XSL/Format" xmlns:msxsl="urn:schemas-microsoft-com:xslt">
<head>
<META http-equiv="Content-Type" content="text/html">
<meta http-equiv="content-type" content="text/html; charset=UTF-8">
</head>
<body style="margin:0px 0px 0px 0px;overflow:auto;background:#FFFFFF;">
<table style="font-family:Arial,Verdana,Times;font-size:12px;text-align:left;width:100%;border-collapse:collapse;padding:3px 3px 3px 3px">
<tr style="text-align:center;font-weight:bold;background:#9CBCE2">
<td>Gat 155</td>
</tr>
<tr>
<td>
<table style="font-family:Arial,Verdana,Times;font-size:12px;text-align:left;width:100%;border-spacing:0px; padding:3px 3px 3px 3px">
<tr>
<td>SHAPE</td>
<td>Polygon</td>
</tr>
<tr bgcolor="#D4E4F3">
<td>SHAPE_Length</td>
<td>650.113768</td>
</tr>
<tr>
<td>SHAPE_Area</td>
<td>24535.187715</td>
</tr>
<tr bgcolor="#D4E4F3">
<td>Gat_name</td>
<td>Gat 155</td>
</tr>
</table>
</td>
</tr>
</table>
</body>
</html>
]]></description>
      <styleUrl>#PolyStyle00</styleUrl>
      <MultiGeometry>
        <Polygon>
          <extrude>0</extrude><altitudeMode>clampToGround</altitudeMode>
          <outerBoundaryIs><LinearRing><coordinates> 74.51741013533045,18.14257377748723,0 74.51741138575426,18.14257973863466,0 74.51748246317406,18.14255978958036,0 74.51764622631043,18.14255458643783,0 74.51768536099286,18.14275395977634,0 74.5178061229195,18.14299187788281,0 74.51791574008145,18.14335372302391,0 74.51797506476372,18.14347843040469,0 74.51803433689797,18.14360302465768,0 74.51831492352896,18.14419284274784,0 74.51728905001397,18.14419962589185,0 74.51719267317411,18.1441502829516,0 74.51714942586746,18.14412814101257,0 74.51680603069396,18.1439523276114,0 74.51642820014658,18.14327729727093,0 74.51631981674959,18.1430836588908,0 74.51625112510273,18.14296093396766,0 74.51624302930787,18.14295396772675,0 74.51635552754095,18.14290559218125,0 74.51646076245584,18.14286034001334,0 74.51677987174196,18.1427608341648,0 74.51699845216655,18.1426924120095,0 74.51731314182905,18.14260133498828,0 74.51728464560975,18.14260938709169,0 74.51741013533045,18.14257377748723,0</coordinates></LinearRing></outerBoundaryIs>
        </Polygon>
      </MultiGeometry>
    </Placemark>
    <Placemark id="ID_00186">
      <name>Gat 197</name>
      <Snippet></Snippet>
      <description><![CDATA[<html xmlns:fo="http://www.w3.org/1999/XSL/Format" xmlns:msxsl="urn:schemas-microsoft-com:xslt">
<head>
<META http-equiv="Content-Type" content="text/html">
<meta http-equiv="content-type" content="text/html; charset=UTF-8">
</head>
<body style="margin:0px 0px 0px 0px;overflow:auto;background:#FFFFFF;">
<table style="font-family:Arial,Verdana,Times;font-size:12px;text-align:left;width:100%;border-collapse:collapse;padding:3px 3px 3px 3px">
<tr style="text-align:center;font-weight:bold;background:#9CBCE2">
<td>Gat 197</td>
</tr>
<tr>
<td>
<table style="font-family:Arial,Verdana,Times;font-size:12px;text-align:left;width:100%;border-spacing:0px; padding:3px 3px 3px 3px">
<tr>
<td>SHAPE</td>
<td>Polygon</td>
</tr>
<tr bgcolor="#D4E4F3">
<td>SHAPE_Length</td>
<td>970.739667</td>
</tr>
<tr>
<td>SHAPE_Area</td>
<td>26018.957244</td>
</tr>
<tr bgcolor="#D4E4F3">
<td>Gat_name</td>
<td>Gat 197</td>
</tr>
</table>
</td>
</tr>
</table>
</body>
</html>
]]></description>
      <styleUrl>#PolyStyle00</styleUrl>
      <MultiGeometry>
        <Polygon>
          <extrude>0</extrude><altitudeMode>clampToGround</altitudeMode>
          <outerBoundaryIs><LinearRing><coordinates> 74.51528705773526,18.14275026802617,0 74.51528504677745,18.14274999181403,0 74.51514276011244,18.14273047593537,0 74.51512196540487,18.14272762349726,0 74.51477166091244,18.14267957543288,0 74.51472954515891,18.14267379864922,0 74.51454967793545,18.14264912705964,0 74.51449697924463,18.14197801934068,0 74.51448894625592,18.14187571779148,0 74.51444526174876,18.14131939224474,0 74.51442419255693,18.14102969951211,0 74.51440736314679,18.1407982879341,0 74.51438702543332,18.14051864394299,0 74.51436010345093,18.14021776876124,0 74.51432887524999,18.13983719520417,0 74.5142771971507,18.13917906062819,0 74.51425814442403,18.13893641879252,0 74.51434743476439,18.1389256138193,0 74.51470495064979,18.1388823492123,0 74.514810344292,18.13961048387309,0 74.51482029537269,18.1396792330691,0 74.51484106491391,18.13981484284384,0 74.51491024278479,18.14026651283177,0 74.51528705773526,18.14275026802617,0</coordinates></LinearRing></outerBoundaryIs>
        </Polygon>
      </MultiGeometry>
    </Placemark>
    <Placemark id="ID_00187">
      <name>Gat 181</name>
      <Snippet></Snippet>
      <description><![CDATA[<html xmlns:fo="http://www.w3.org/1999/XSL/Format" xmlns:msxsl="urn:schemas-microsoft-com:xslt">
<head>
<META http-equiv="Content-Type" content="text/html">
<meta http-equiv="content-type" content="text/html; charset=UTF-8">
</head>
<body style="margin:0px 0px 0px 0px;overflow:auto;background:#FFFFFF;">
<table style="font-family:Arial,Verdana,Times;font-size:12px;text-align:left;width:100%;border-collapse:collapse;padding:3px 3px 3px 3px">
<tr style="text-align:center;font-weight:bold;background:#9CBCE2">
<td>Gat 181</td>
</tr>
<tr>
<td>
<table style="font-family:Arial,Verdana,Times;font-size:12px;text-align:left;width:100%;border-spacing:0px; padding:3px 3px 3px 3px">
<tr>
<td>SHAPE</td>
<td>Polygon</td>
</tr>
<tr bgcolor="#D4E4F3">
<td>SHAPE_Length</td>
<td>624.131889</td>
</tr>
<tr>
<td>SHAPE_Area</td>
<td>7674.330307</td>
</tr>
<tr bgcolor="#D4E4F3">
<td>Gat_name</td>
<td>Gat 181</td>
</tr>
</table>
</td>
</tr>
</table>
</body>
</html>
]]></description>
      <styleUrl>#PolyStyle00</styleUrl>
      <MultiGeometry>
        <Polygon>
          <extrude>0</extrude><altitudeMode>clampToGround</altitudeMode>
          <outerBoundaryIs><LinearRing><coordinates> 74.51398668083291,18.13634850729957,0 74.51400040446656,18.13651164255907,0 74.51402204914616,18.13679692623452,0 74.51404380781734,18.13705601463498,0 74.51410092844318,18.13762970974154,0 74.51412363460852,18.13786754074222,0 74.51415062151342,18.13809775787506,0 74.51418685289106,18.13838036141371,0 74.51420595233436,18.1385293328056,0 74.51422100499377,18.13864674236681,0 74.51423505454348,18.13875632227304,0 74.51425135562684,18.13888346465259,0 74.51425673872922,18.13892545366021,0 74.51425966494527,18.13895578526445,0 74.51424542681154,18.13895765188503,0 74.51399468141233,18.13899280317412,0 74.51392974268713,18.13839180823392,0 74.51384192062828,18.13762422394571,0 74.51376846577192,18.13693312407171,0 74.51376357386218,18.13690125279678,0 74.5137724614971,18.13670258563825,0 74.51379071253866,18.13645806668803,0 74.51398668083291,18.13634850729957,0</coordinates></LinearRing></outerBoundaryIs>
        </Polygon>
      </MultiGeometry>
    </Placemark>
    <Placemark id="ID_00188">
      <name>Gat 185</name>
      <Snippet></Snippet>
      <description><![CDATA[<html xmlns:fo="http://www.w3.org/1999/XSL/Format" xmlns:msxsl="urn:schemas-microsoft-com:xslt">
<head>
<META http-equiv="Content-Type" content="text/html">
<meta http-equiv="content-type" content="text/html; charset=UTF-8">
</head>
<body style="margin:0px 0px 0px 0px;overflow:auto;background:#FFFFFF;">
<table style="font-family:Arial,Verdana,Times;font-size:12px;text-align:left;width:100%;border-collapse:collapse;padding:3px 3px 3px 3px">
<tr style="text-align:center;font-weight:bold;background:#9CBCE2">
<td>Gat 185</td>
</tr>
<tr>
<td>
<table style="font-family:Arial,Verdana,Times;font-size:12px;text-align:left;width:100%;border-spacing:0px; padding:3px 3px 3px 3px">
<tr>
<td>SHAPE</td>
<td>Polygon</td>
</tr>
<tr bgcolor="#D4E4F3">
<td>SHAPE_Length</td>
<td>131.521387</td>
</tr>
<tr>
<td>SHAPE_Area</td>
<td>785.908753</td>
</tr>
<tr bgcolor="#D4E4F3">
<td>Gat_name</td>
<td>Gat 185</td>
</tr>
</table>
</td>
</tr>
</table>
</body>
</html>
]]></description>
      <styleUrl>#PolyStyle00</styleUrl>
      <MultiGeometry>
        <Polygon>
          <extrude>0</extrude><altitudeMode>clampToGround</altitudeMode>
          <outerBoundaryIs><LinearRing><coordinates> 74.51368158267236,18.13652200959528,0 74.51365042329313,18.13691455325963,0 74.51353258290595,18.1370403752135,0 74.5134405806777,18.13675704671853,0 74.5136290872067,18.13656468844256,0 74.51368158267236,18.13652200959528,0</coordinates></LinearRing></outerBoundaryIs>
        </Polygon>
      </MultiGeometry>
    </Placemark>
    <Placemark id="ID_00189">
      <name>Gat 186</name>
      <Snippet></Snippet>
      <description><![CDATA[<html xmlns:fo="http://www.w3.org/1999/XSL/Format" xmlns:msxsl="urn:schemas-microsoft-com:xslt">
<head>
<META http-equiv="Content-Type" content="text/html">
<meta http-equiv="content-type" content="text/html; charset=UTF-8">
</head>
<body style="margin:0px 0px 0px 0px;overflow:auto;background:#FFFFFF;">
<table style="font-family:Arial,Verdana,Times;font-size:12px;text-align:left;width:100%;border-collapse:collapse;padding:3px 3px 3px 3px">
<tr style="text-align:center;font-weight:bold;background:#9CBCE2">
<td>Gat 186</td>
</tr>
<tr>
<td>
<table style="font-family:Arial,Verdana,Times;font-size:12px;text-align:left;width:100%;border-spacing:0px; padding:3px 3px 3px 3px">
<tr>
<td>SHAPE</td>
<td>Polygon</td>
</tr>
<tr bgcolor="#D4E4F3">
<td>SHAPE_Length</td>
<td>99.076872</td>
</tr>
<tr>
<td>SHAPE_Area</td>
<td>439.947038</td>
</tr>
<tr bgcolor="#D4E4F3">
<td>Gat_name</td>
<td>Gat 186</td>
</tr>
</table>
</td>
</tr>
</table>
</body>
</html>
]]></description>
      <styleUrl>#PolyStyle00</styleUrl>
      <MultiGeometry>
        <Polygon>
          <extrude>0</extrude><altitudeMode>clampToGround</altitudeMode>
          <outerBoundaryIs><LinearRing><coordinates> 74.5134405806777,18.13675704671853,0 74.51353258290595,18.1370403752135,0 74.51343382361728,18.13715599323605,0 74.51334761372148,18.13683532426663,0 74.5134405806777,18.13675704671853,0</coordinates></LinearRing></outerBoundaryIs>
        </Polygon>
      </MultiGeometry>
    </Placemark>
    <Placemark id="ID_00190">
      <name>Gat 193</name>
      <Snippet></Snippet>
      <description><![CDATA[<html xmlns:fo="http://www.w3.org/1999/XSL/Format" xmlns:msxsl="urn:schemas-microsoft-com:xslt">
<head>
<META http-equiv="Content-Type" content="text/html">
<meta http-equiv="content-type" content="text/html; charset=UTF-8">
</head>
<body style="margin:0px 0px 0px 0px;overflow:auto;background:#FFFFFF;">
<table style="font-family:Arial,Verdana,Times;font-size:12px;text-align:left;width:100%;border-collapse:collapse;padding:3px 3px 3px 3px">
<tr style="text-align:center;font-weight:bold;background:#9CBCE2">
<td>Gat 193</td>
</tr>
<tr>
<td>
<table style="font-family:Arial,Verdana,Times;font-size:12px;text-align:left;width:100%;border-spacing:0px; padding:3px 3px 3px 3px">
<tr>
<td>SHAPE</td>
<td>Polygon</td>
</tr>
<tr bgcolor="#D4E4F3">
<td>SHAPE_Length</td>
<td>102.311829</td>
</tr>
<tr>
<td>SHAPE_Area</td>
<td>417.98825</td>
</tr>
<tr bgcolor="#D4E4F3">
<td>Gat_name</td>
<td>Gat 193</td>
</tr>
</table>
</td>
</tr>
</table>
</body>
</html>
]]></description>
      <styleUrl>#PolyStyle00</styleUrl>
      <MultiGeometry>
        <Polygon>
          <extrude>0</extrude><altitudeMode>clampToGround</altitudeMode>
          <outerBoundaryIs><LinearRing><coordinates> 74.51334761372148,18.13683532426663,0 74.51343382361728,18.13715599323605,0 74.51333642905541,18.13725356527508,0 74.51330644511252,18.13709260144652,0 74.51329103816762,18.1370098959758,0 74.51326997708614,18.13689683029326,0 74.51334761372148,18.13683532426663,0</coordinates></LinearRing></outerBoundaryIs>
        </Polygon>
      </MultiGeometry>
    </Placemark>
    <Placemark id="ID_00191">
      <name>Gat 184</name>
      <Snippet></Snippet>
      <description><![CDATA[<html xmlns:fo="http://www.w3.org/1999/XSL/Format" xmlns:msxsl="urn:schemas-microsoft-com:xslt">
<head>
<META http-equiv="Content-Type" content="text/html">
<meta http-equiv="content-type" content="text/html; charset=UTF-8">
</head>
<body style="margin:0px 0px 0px 0px;overflow:auto;background:#FFFFFF;">
<table style="font-family:Arial,Verdana,Times;font-size:12px;text-align:left;width:100%;border-collapse:collapse;padding:3px 3px 3px 3px">
<tr style="text-align:center;font-weight:bold;background:#9CBCE2">
<td>Gat 184</td>
</tr>
<tr>
<td>
<table style="font-family:Arial,Verdana,Times;font-size:12px;text-align:left;width:100%;border-spacing:0px; padding:3px 3px 3px 3px">
<tr>
<td>SHAPE</td>
<td>Polygon</td>
</tr>
<tr bgcolor="#D4E4F3">
<td>SHAPE_Length</td>
<td>108.046433</td>
</tr>
<tr>
<td>SHAPE_Area</td>
<td>428.083209</td>
</tr>
<tr bgcolor="#D4E4F3">
<td>Gat_name</td>
<td>Gat 184</td>
</tr>
</table>
</td>
</tr>
</table>
</body>
</html>
]]></description>
      <styleUrl>#PolyStyle00</styleUrl>
      <MultiGeometry>
        <Polygon>
          <extrude>0</extrude><altitudeMode>clampToGround</altitudeMode>
          <outerBoundaryIs><LinearRing><coordinates> 74.51326997708614,18.13689683029326,0 74.51333642905541,18.13725356527508,0 74.51325393531013,18.13734679229332,0 74.51322993711999,18.13722653829644,0 74.51318640827147,18.13696558803623,0 74.51326997708614,18.13689683029326,0</coordinates></LinearRing></outerBoundaryIs>
        </Polygon>
      </MultiGeometry>
    </Placemark>
    <Placemark id="ID_00192">
      <name>Gat 196</name>
      <Snippet></Snippet>
      <description><![CDATA[<html xmlns:fo="http://www.w3.org/1999/XSL/Format" xmlns:msxsl="urn:schemas-microsoft-com:xslt">
<head>
<META http-equiv="Content-Type" content="text/html">
<meta http-equiv="content-type" content="text/html; charset=UTF-8">
</head>
<body style="margin:0px 0px 0px 0px;overflow:auto;background:#FFFFFF;">
<table style="font-family:Arial,Verdana,Times;font-size:12px;text-align:left;width:100%;border-collapse:collapse;padding:3px 3px 3px 3px">
<tr style="text-align:center;font-weight:bold;background:#9CBCE2">
<td>Gat 196</td>
</tr>
<tr>
<td>
<table style="font-family:Arial,Verdana,Times;font-size:12px;text-align:left;width:100%;border-spacing:0px; padding:3px 3px 3px 3px">
<tr>
<td>SHAPE</td>
<td>Polygon</td>
</tr>
<tr bgcolor="#D4E4F3">
<td>SHAPE_Length</td>
<td>112.943391</td>
</tr>
<tr>
<td>SHAPE_Area</td>
<td>482.375681</td>
</tr>
<tr bgcolor="#D4E4F3">
<td>Gat_name</td>
<td>Gat 196</td>
</tr>
</table>
</td>
</tr>
</table>
</body>
</html>
]]></description>
      <styleUrl>#PolyStyle00</styleUrl>
      <MultiGeometry>
        <Polygon>
          <extrude>0</extrude><altitudeMode>clampToGround</altitudeMode>
          <outerBoundaryIs><LinearRing><coordinates> 74.51318640827147,18.13696558803623,0 74.51325393531013,18.13734679229332,0 74.51317824755451,18.13743397091819,0 74.51308520358977,18.13705853267395,0 74.51314218156206,18.13699587723679,0 74.51318640827147,18.13696558803623,0</coordinates></LinearRing></outerBoundaryIs>
        </Polygon>
      </MultiGeometry>
    </Placemark>
    <Placemark id="ID_00193">
      <name></name>
      <Snippet></Snippet>
      <description><![CDATA[<html xmlns:fo="http://www.w3.org/1999/XSL/Format" xmlns:msxsl="urn:schemas-microsoft-com:xslt">
<head>
<META http-equiv="Content-Type" content="text/html">
<meta http-equiv="content-type" content="text/html; charset=UTF-8">
</head>
<body style="margin:0px 0px 0px 0px;overflow:auto;background:#FFFFFF;">
<table style="font-family:Arial,Verdana,Times;font-size:12px;text-align:left;width:100%;border-collapse:collapse;padding:3px 3px 3px 3px">
<tr style="text-align:center;font-weight:bold;background:#9CBCE2">
<td></td>
</tr>
<tr>
<td>
<table style="font-family:Arial,Verdana,Times;font-size:12px;text-align:left;width:100%;border-spacing:0px; padding:3px 3px 3px 3px">
<tr>
<td>SHAPE</td>
<td>Polygon</td>
</tr>
<tr bgcolor="#D4E4F3">
<td>SHAPE_Length</td>
<td>118.24884</td>
</tr>
<tr>
<td>SHAPE_Area</td>
<td>549.501693</td>
</tr>
<tr bgcolor="#D4E4F3">
<td>Gat_name</td>
<td>&lt;Null&gt;</td>
</tr>
</table>
</td>
</tr>
</table>
</body>
</html>
]]></description>
      <styleUrl>#PolyStyle00</styleUrl>
      <MultiGeometry>
        <Polygon>
          <extrude>0</extrude><altitudeMode>clampToGround</altitudeMode>
          <outerBoundaryIs><LinearRing><coordinates> 74.51308520358977,18.13705853267395,0 74.51317824755451,18.13743397091819,0 74.51308708067751,18.13754822600124,0 74.51298545000147,18.13716099639232,0 74.51308520358977,18.13705853267395,0</coordinates></LinearRing></outerBoundaryIs>
        </Polygon>
      </MultiGeometry>
    </Placemark>
    <Placemark id="ID_00194">
      <name></name>
      <Snippet></Snippet>
      <description><![CDATA[<html xmlns:fo="http://www.w3.org/1999/XSL/Format" xmlns:msxsl="urn:schemas-microsoft-com:xslt">
<head>
<META http-equiv="Content-Type" content="text/html">
<meta http-equiv="content-type" content="text/html; charset=UTF-8">
</head>
<body style="margin:0px 0px 0px 0px;overflow:auto;background:#FFFFFF;">
<table style="font-family:Arial,Verdana,Times;font-size:12px;text-align:left;width:100%;border-collapse:collapse;padding:3px 3px 3px 3px">
<tr style="text-align:center;font-weight:bold;background:#9CBCE2">
<td></td>
</tr>
<tr>
<td>
<table style="font-family:Arial,Verdana,Times;font-size:12px;text-align:left;width:100%;border-spacing:0px; padding:3px 3px 3px 3px">
<tr>
<td>SHAPE</td>
<td>Polygon</td>
</tr>
<tr bgcolor="#D4E4F3">
<td>SHAPE_Length</td>
<td>118.536343</td>
</tr>
<tr>
<td>SHAPE_Area</td>
<td>566.317597</td>
</tr>
<tr bgcolor="#D4E4F3">
<td>Gat_name</td>
<td>&lt;Null&gt;</td>
</tr>
</table>
</td>
</tr>
</table>
</body>
</html>
]]></description>
      <styleUrl>#PolyStyle00</styleUrl>
      <MultiGeometry>
        <Polygon>
          <extrude>0</extrude><altitudeMode>clampToGround</altitudeMode>
          <outerBoundaryIs><LinearRing><coordinates> 74.51298545000147,18.13716099639232,0 74.51308708067751,18.13754822600124,0 74.51298459226854,18.13764579942628,0 74.51288790832518,18.13725561864709,0 74.51293133969673,18.13721387151841,0 74.51298545000147,18.13716099639232,0</coordinates></LinearRing></outerBoundaryIs>
        </Polygon>
      </MultiGeometry>
    </Placemark>
    <Placemark id="ID_00195">
      <name></name>
      <Snippet></Snippet>
      <description><![CDATA[<html xmlns:fo="http://www.w3.org/1999/XSL/Format" xmlns:msxsl="urn:schemas-microsoft-com:xslt">
<head>
<META http-equiv="Content-Type" content="text/html">
<meta http-equiv="content-type" content="text/html; charset=UTF-8">
</head>
<body style="margin:0px 0px 0px 0px;overflow:auto;background:#FFFFFF;">
<table style="font-family:Arial,Verdana,Times;font-size:12px;text-align:left;width:100%;border-collapse:collapse;padding:3px 3px 3px 3px">
<tr style="text-align:center;font-weight:bold;background:#9CBCE2">
<td></td>
</tr>
<tr>
<td>
<table style="font-family:Arial,Verdana,Times;font-size:12px;text-align:left;width:100%;border-spacing:0px; padding:3px 3px 3px 3px">
<tr>
<td>SHAPE</td>
<td>Polygon</td>
</tr>
<tr bgcolor="#D4E4F3">
<td>SHAPE_Length</td>
<td>117.153847</td>
</tr>
<tr>
<td>SHAPE_Area</td>
<td>488.993116</td>
</tr>
<tr bgcolor="#D4E4F3">
<td>Gat_name</td>
<td>&lt;Null&gt;</td>
</tr>
</table>
</td>
</tr>
</table>
</body>
</html>
]]></description>
      <styleUrl>#PolyStyle00</styleUrl>
      <MultiGeometry>
        <Polygon>
          <extrude>0</extrude><altitudeMode>clampToGround</altitudeMode>
          <outerBoundaryIs><LinearRing><coordinates> 74.51288790832518,18.13725561864709,0 74.51298459226854,18.13764579942628,0 74.51290172376056,18.13773733337421,0 74.5128627451146,18.13757133050452,0 74.51282559499487,18.13741311147164,0 74.51280354368519,18.1373054309406,0 74.51288790832518,18.13725561864709,0</coordinates></LinearRing></outerBoundaryIs>
        </Polygon>
      </MultiGeometry>
    </Placemark>
    <Placemark id="ID_00196">
      <name></name>
      <Snippet></Snippet>
      <description><![CDATA[<html xmlns:fo="http://www.w3.org/1999/XSL/Format" xmlns:msxsl="urn:schemas-microsoft-com:xslt">
<head>
<META http-equiv="Content-Type" content="text/html">
<meta http-equiv="content-type" content="text/html; charset=UTF-8">
</head>
<body style="margin:0px 0px 0px 0px;overflow:auto;background:#FFFFFF;">
<table style="font-family:Arial,Verdana,Times;font-size:12px;text-align:left;width:100%;border-collapse:collapse;padding:3px 3px 3px 3px">
<tr style="text-align:center;font-weight:bold;background:#9CBCE2">
<td></td>
</tr>
<tr>
<td>
<table style="font-family:Arial,Verdana,Times;font-size:12px;text-align:left;width:100%;border-spacing:0px; padding:3px 3px 3px 3px">
<tr>
<td>SHAPE</td>
<td>Polygon</td>
</tr>
<tr bgcolor="#D4E4F3">
<td>SHAPE_Length</td>
<td>141.353481</td>
</tr>
<tr>
<td>SHAPE_Area</td>
<td>870.034487</td>
</tr>
<tr bgcolor="#D4E4F3">
<td>Gat_name</td>
<td>&lt;Null&gt;</td>
</tr>
</table>
</td>
</tr>
</table>
</body>
</html>
]]></description>
      <styleUrl>#PolyStyle00</styleUrl>
      <MultiGeometry>
        <Polygon>
          <extrude>0</extrude><altitudeMode>clampToGround</altitudeMode>
          <outerBoundaryIs><LinearRing><coordinates> 74.51280354368519,18.1373054309406,0 74.51290172376056,18.13773733337421,0 74.5127792807147,18.13787499684571,0 74.5127015127848,18.13759520276987,0 74.5126486579579,18.13743327171139,0 74.51270169841199,18.13739367114436,0 74.51275466740267,18.13734777885804,0 74.51280354368519,18.1373054309406,0</coordinates></LinearRing></outerBoundaryIs>
        </Polygon>
      </MultiGeometry>
    </Placemark>
    <Placemark id="ID_00197">
      <name>Gat 198</name>
      <Snippet></Snippet>
      <description><![CDATA[<html xmlns:fo="http://www.w3.org/1999/XSL/Format" xmlns:msxsl="urn:schemas-microsoft-com:xslt">
<head>
<META http-equiv="Content-Type" content="text/html">
<meta http-equiv="content-type" content="text/html; charset=UTF-8">
</head>
<body style="margin:0px 0px 0px 0px;overflow:auto;background:#FFFFFF;">
<table style="font-family:Arial,Verdana,Times;font-size:12px;text-align:left;width:100%;border-collapse:collapse;padding:3px 3px 3px 3px">
<tr style="text-align:center;font-weight:bold;background:#9CBCE2">
<td>Gat 198</td>
</tr>
<tr>
<td>
<table style="font-family:Arial,Verdana,Times;font-size:12px;text-align:left;width:100%;border-spacing:0px; padding:3px 3px 3px 3px">
<tr>
<td>SHAPE</td>
<td>Polygon</td>
</tr>
<tr bgcolor="#D4E4F3">
<td>SHAPE_Length</td>
<td>140.347447</td>
</tr>
<tr>
<td>SHAPE_Area</td>
<td>780.454098</td>
</tr>
<tr bgcolor="#D4E4F3">
<td>Gat_name</td>
<td>Gat 198</td>
</tr>
</table>
</td>
</tr>
</table>
</body>
</html>
]]></description>
      <styleUrl>#PolyStyle00</styleUrl>
      <MultiGeometry>
        <Polygon>
          <extrude>0</extrude><altitudeMode>clampToGround</altitudeMode>
          <outerBoundaryIs><LinearRing><coordinates> 74.5126486579579,18.13743327171139,0 74.5127015127848,18.13759520276987,0 74.5127792807147,18.13787499684571,0 74.5126541280485,18.13800826259374,0 74.51260017089538,18.13777261280616,0 74.51256731919771,18.13762913605068,0 74.5125447530594,18.13753058281972,0 74.51257110015425,18.13751289028562,0 74.51261003974929,18.13748674091041,0 74.51262293526179,18.13746888687137,0 74.5126486579579,18.13743327171139,0</coordinates></LinearRing></outerBoundaryIs>
        </Polygon>
      </MultiGeometry>
    </Placemark>
    <Placemark id="ID_00198">
      <name>Gat 207</name>
      <Snippet></Snippet>
      <description><![CDATA[<html xmlns:fo="http://www.w3.org/1999/XSL/Format" xmlns:msxsl="urn:schemas-microsoft-com:xslt">
<head>
<META http-equiv="Content-Type" content="text/html">
<meta http-equiv="content-type" content="text/html; charset=UTF-8">
</head>
<body style="margin:0px 0px 0px 0px;overflow:auto;background:#FFFFFF;">
<table style="font-family:Arial,Verdana,Times;font-size:12px;text-align:left;width:100%;border-collapse:collapse;padding:3px 3px 3px 3px">
<tr style="text-align:center;font-weight:bold;background:#9CBCE2">
<td>Gat 207</td>
</tr>
<tr>
<td>
<table style="font-family:Arial,Verdana,Times;font-size:12px;text-align:left;width:100%;border-spacing:0px; padding:3px 3px 3px 3px">
<tr>
<td>SHAPE</td>
<td>Polygon</td>
</tr>
<tr bgcolor="#D4E4F3">
<td>SHAPE_Length</td>
<td>137.512279</td>
</tr>
<tr>
<td>SHAPE_Area</td>
<td>629.654589</td>
</tr>
<tr bgcolor="#D4E4F3">
<td>Gat_name</td>
<td>Gat 207</td>
</tr>
</table>
</td>
</tr>
</table>
</body>
</html>
]]></description>
      <styleUrl>#PolyStyle00</styleUrl>
      <MultiGeometry>
        <Polygon>
          <extrude>0</extrude><altitudeMode>clampToGround</altitudeMode>
          <outerBoundaryIs><LinearRing><coordinates> 74.5125447530594,18.13753058281972,0 74.51259244740213,18.13773887969076,0 74.5126541280485,18.13800826259374,0 74.5125773641269,18.13809707325806,0 74.51256118047428,18.13803754254845,0 74.51247534495229,18.13772003124913,0 74.51244254510601,18.13758790483399,0 74.51244956779004,18.13758318657998,0 74.51247162154894,18.13757015234375,0 74.51249796277017,18.13755458469667,0 74.51251083558712,18.1375469763634,0 74.5125447530594,18.13753058281972,0</coordinates></LinearRing></outerBoundaryIs>
        </Polygon>
      </MultiGeometry>
    </Placemark>
    <Placemark id="ID_00199">
      <name></name>
      <Snippet></Snippet>
      <description><![CDATA[<html xmlns:fo="http://www.w3.org/1999/XSL/Format" xmlns:msxsl="urn:schemas-microsoft-com:xslt">
<head>
<META http-equiv="Content-Type" content="text/html">
<meta http-equiv="content-type" content="text/html; charset=UTF-8">
</head>
<body style="margin:0px 0px 0px 0px;overflow:auto;background:#FFFFFF;">
<table style="font-family:Arial,Verdana,Times;font-size:12px;text-align:left;width:100%;border-collapse:collapse;padding:3px 3px 3px 3px">
<tr style="text-align:center;font-weight:bold;background:#9CBCE2">
<td></td>
</tr>
<tr>
<td>
<table style="font-family:Arial,Verdana,Times;font-size:12px;text-align:left;width:100%;border-spacing:0px; padding:3px 3px 3px 3px">
<tr>
<td>SHAPE</td>
<td>Polygon</td>
</tr>
<tr bgcolor="#D4E4F3">
<td>SHAPE_Length</td>
<td>170.348835</td>
</tr>
<tr>
<td>SHAPE_Area</td>
<td>1136.144725</td>
</tr>
<tr bgcolor="#D4E4F3">
<td>Gat_name</td>
<td>&lt;Null&gt;</td>
</tr>
</table>
</td>
</tr>
</table>
</body>
</html>
]]></description>
      <styleUrl>#PolyStyle00</styleUrl>
      <MultiGeometry>
        <Polygon>
          <extrude>0</extrude><altitudeMode>clampToGround</altitudeMode>
          <outerBoundaryIs><LinearRing><coordinates> 74.51244254510601,18.13758790483399,0 74.5125773641269,18.13809707325806,0 74.51256007604998,18.13811271987538,0 74.5124139472646,18.13827389124604,0 74.51236632586377,18.13797312514729,0 74.51233174184638,18.13775517515574,0 74.51231281739373,18.13763575729934,0 74.51241039943979,18.13759976203247,0 74.51244254510601,18.13758790483399,0</coordinates></LinearRing></outerBoundaryIs>
        </Polygon>
      </MultiGeometry>
    </Placemark>
    <Placemark id="ID_00200">
      <name></name>
      <Snippet></Snippet>
      <description><![CDATA[<html xmlns:fo="http://www.w3.org/1999/XSL/Format" xmlns:msxsl="urn:schemas-microsoft-com:xslt">
<head>
<META http-equiv="Content-Type" content="text/html">
<meta http-equiv="content-type" content="text/html; charset=UTF-8">
</head>
<body style="margin:0px 0px 0px 0px;overflow:auto;background:#FFFFFF;">
<table style="font-family:Arial,Verdana,Times;font-size:12px;text-align:left;width:100%;border-collapse:collapse;padding:3px 3px 3px 3px">
<tr style="text-align:center;font-weight:bold;background:#9CBCE2">
<td></td>
</tr>
<tr>
<td>
<table style="font-family:Arial,Verdana,Times;font-size:12px;text-align:left;width:100%;border-spacing:0px; padding:3px 3px 3px 3px">
<tr>
<td>SHAPE</td>
<td>Polygon</td>
</tr>
<tr bgcolor="#D4E4F3">
<td>SHAPE_Length</td>
<td>181.927691</td>
</tr>
<tr>
<td>SHAPE_Area</td>
<td>1086.460262</td>
</tr>
<tr bgcolor="#D4E4F3">
<td>Gat_name</td>
<td>&lt;Null&gt;</td>
</tr>
</table>
</td>
</tr>
</table>
</body>
</html>
]]></description>
      <styleUrl>#PolyStyle00</styleUrl>
      <MultiGeometry>
        <Polygon>
          <extrude>0</extrude><altitudeMode>clampToGround</altitudeMode>
          <outerBoundaryIs><LinearRing><coordinates> 74.51231281739373,18.13763575729934,0 74.51236028574777,18.13793506335364,0 74.5124139472646,18.13827389124604,0 74.51231367294821,18.13836533383367,0 74.51227115217277,18.13817321582348,0 74.51224665443333,18.13806252744256,0 74.51217389335444,18.13773377122673,0 74.51215860975474,18.13766471735899,0 74.5122595680966,18.13764662464402,0 74.51231281739373,18.13763575729934,0</coordinates></LinearRing></outerBoundaryIs>
        </Polygon>
      </MultiGeometry>
    </Placemark>
    <Placemark id="ID_00201">
      <name>Gat 213</name>
      <Snippet></Snippet>
      <description><![CDATA[<html xmlns:fo="http://www.w3.org/1999/XSL/Format" xmlns:msxsl="urn:schemas-microsoft-com:xslt">
<head>
<META http-equiv="Content-Type" content="text/html">
<meta http-equiv="content-type" content="text/html; charset=UTF-8">
</head>
<body style="margin:0px 0px 0px 0px;overflow:auto;background:#FFFFFF;">
<table style="font-family:Arial,Verdana,Times;font-size:12px;text-align:left;width:100%;border-collapse:collapse;padding:3px 3px 3px 3px">
<tr style="text-align:center;font-weight:bold;background:#9CBCE2">
<td>Gat 213</td>
</tr>
<tr>
<td>
<table style="font-family:Arial,Verdana,Times;font-size:12px;text-align:left;width:100%;border-spacing:0px; padding:3px 3px 3px 3px">
<tr>
<td>SHAPE</td>
<td>Polygon</td>
</tr>
<tr bgcolor="#D4E4F3">
<td>SHAPE_Length</td>
<td>204.526503</td>
</tr>
<tr>
<td>SHAPE_Area</td>
<td>1230.868538</td>
</tr>
<tr bgcolor="#D4E4F3">
<td>Gat_name</td>
<td>Gat 213</td>
</tr>
</table>
</td>
</tr>
</table>
</body>
</html>
]]></description>
      <styleUrl>#PolyStyle00</styleUrl>
      <MultiGeometry>
        <Polygon>
          <extrude>0</extrude><altitudeMode>clampToGround</altitudeMode>
          <outerBoundaryIs><LinearRing><coordinates> 74.51215860975474,18.13766471735899,0 74.51224142886134,18.13803891715204,0 74.51231367294821,18.13836533383367,0 74.51229183971876,18.13838778103505,0 74.51217010442771,18.1385129405684,0 74.51212708704622,18.1381999401754,0 74.51210219663561,18.13801883833757,0 74.51207318066176,18.13781496321738,0 74.51205693333648,18.13768948655961,0 74.51210705734198,18.13767727640173,0 74.51215860975474,18.13766471735899,0</coordinates></LinearRing></outerBoundaryIs>
        </Polygon>
      </MultiGeometry>
    </Placemark>
    <Placemark id="ID_00202">
      <name></name>
      <Snippet></Snippet>
      <description><![CDATA[<html xmlns:fo="http://www.w3.org/1999/XSL/Format" xmlns:msxsl="urn:schemas-microsoft-com:xslt">
<head>
<META http-equiv="Content-Type" content="text/html">
<meta http-equiv="content-type" content="text/html; charset=UTF-8">
</head>
<body style="margin:0px 0px 0px 0px;overflow:auto;background:#FFFFFF;">
<table style="font-family:Arial,Verdana,Times;font-size:12px;text-align:left;width:100%;border-collapse:collapse;padding:3px 3px 3px 3px">
<tr style="text-align:center;font-weight:bold;background:#9CBCE2">
<td></td>
</tr>
<tr>
<td>
<table style="font-family:Arial,Verdana,Times;font-size:12px;text-align:left;width:100%;border-spacing:0px; padding:3px 3px 3px 3px">
<tr>
<td>SHAPE</td>
<td>Polygon</td>
</tr>
<tr bgcolor="#D4E4F3">
<td>SHAPE_Length</td>
<td>235.367118</td>
</tr>
<tr>
<td>SHAPE_Area</td>
<td>1415.929786</td>
</tr>
<tr bgcolor="#D4E4F3">
<td>Gat_name</td>
<td>&lt;Null&gt;</td>
</tr>
</table>
</td>
</tr>
</table>
</body>
</html>
]]></description>
      <styleUrl>#PolyStyle00</styleUrl>
      <MultiGeometry>
        <Polygon>
          <extrude>0</extrude><altitudeMode>clampToGround</altitudeMode>
          <outerBoundaryIs><LinearRing><coordinates> 74.51205693333648,18.13768948655961,0 74.51217010442771,18.1385129405684,0 74.51213987162232,18.138537864635,0 74.51200436397528,18.13868502439002,0 74.51198745253932,18.13822534070234,0 74.5119801694639,18.13802739100998,0 74.51197336114858,18.13784232382375,0 74.51196849992569,18.13771019495558,0 74.51199306428181,18.13770304471105,0 74.51205693333648,18.13768948655961,0</coordinates></LinearRing></outerBoundaryIs>
        </Polygon>
      </MultiGeometry>
    </Placemark>
    <Placemark id="ID_00203">
      <name>Gat 182</name>
      <Snippet></Snippet>
      <description><![CDATA[<html xmlns:fo="http://www.w3.org/1999/XSL/Format" xmlns:msxsl="urn:schemas-microsoft-com:xslt">
<head>
<META http-equiv="Content-Type" content="text/html">
<meta http-equiv="content-type" content="text/html; charset=UTF-8">
</head>
<body style="margin:0px 0px 0px 0px;overflow:auto;background:#FFFFFF;">
<table style="font-family:Arial,Verdana,Times;font-size:12px;text-align:left;width:100%;border-collapse:collapse;padding:3px 3px 3px 3px">
<tr style="text-align:center;font-weight:bold;background:#9CBCE2">
<td>Gat 182</td>
</tr>
<tr>
<td>
<table style="font-family:Arial,Verdana,Times;font-size:12px;text-align:left;width:100%;border-spacing:0px; padding:3px 3px 3px 3px">
<tr>
<td>SHAPE</td>
<td>Polygon</td>
</tr>
<tr bgcolor="#D4E4F3">
<td>SHAPE_Length</td>
<td>484.526389</td>
</tr>
<tr>
<td>SHAPE_Area</td>
<td>3746.807521</td>
</tr>
<tr bgcolor="#D4E4F3">
<td>Gat_name</td>
<td>Gat 182</td>
</tr>
</table>
</td>
</tr>
</table>
</body>
</html>
]]></description>
      <styleUrl>#PolyStyle00</styleUrl>
      <MultiGeometry>
        <Polygon>
          <extrude>0</extrude><altitudeMode>clampToGround</altitudeMode>
          <outerBoundaryIs><LinearRing><coordinates> 74.51376846577192,18.13693312407171,0 74.51382427161998,18.13745817569614,0 74.5138607128065,18.13778847556356,0 74.51395340172881,18.138610766166,0 74.51398650068754,18.13891708901672,0 74.51399468141233,18.13899280317412,0 74.51382925189354,18.13902134395492,0 74.51382031668068,18.13892756224089,0 74.51378092068967,18.13854066467132,0 74.51370749034864,18.13782870372107,0 74.51369505371231,18.13771440988421,0 74.51366567154355,18.13742791632289,0 74.51364566306979,18.1372444643747,0 74.51362885156301,18.13708706511252,0 74.51371338736925,18.13699571761527,0 74.51376846577192,18.13693312407171,0</coordinates></LinearRing></outerBoundaryIs>
        </Polygon>
      </MultiGeometry>
    </Placemark>
    <Placemark id="ID_00204">
      <name>Gat 187</name>
      <Snippet></Snippet>
      <description><![CDATA[<html xmlns:fo="http://www.w3.org/1999/XSL/Format" xmlns:msxsl="urn:schemas-microsoft-com:xslt">
<head>
<META http-equiv="Content-Type" content="text/html">
<meta http-equiv="content-type" content="text/html; charset=UTF-8">
</head>
<body style="margin:0px 0px 0px 0px;overflow:auto;background:#FFFFFF;">
<table style="font-family:Arial,Verdana,Times;font-size:12px;text-align:left;width:100%;border-collapse:collapse;padding:3px 3px 3px 3px">
<tr style="text-align:center;font-weight:bold;background:#9CBCE2">
<td>Gat 187</td>
</tr>
<tr>
<td>
<table style="font-family:Arial,Verdana,Times;font-size:12px;text-align:left;width:100%;border-spacing:0px; padding:3px 3px 3px 3px">
<tr>
<td>SHAPE</td>
<td>Polygon</td>
</tr>
<tr bgcolor="#D4E4F3">
<td>SHAPE_Length</td>
<td>444.440749</td>
</tr>
<tr>
<td>SHAPE_Area</td>
<td>2254.977306</td>
</tr>
<tr bgcolor="#D4E4F3">
<td>Gat_name</td>
<td>Gat 187</td>
</tr>
</table>
</td>
</tr>
</table>
</body>
</html>
]]></description>
      <styleUrl>#PolyStyle00</styleUrl>
      <MultiGeometry>
        <Polygon>
          <extrude>0</extrude><altitudeMode>clampToGround</altitudeMode>
          <outerBoundaryIs><LinearRing><coordinates> 74.51362885156301,18.13708706511252,0 74.5137237050467,18.13798591617565,0 74.51375633889663,18.13830232639029,0 74.51379651616479,18.13869382370123,0 74.51382925189354,18.13902134395492,0 74.51374928424471,18.13903151606002,0 74.51371452666081,18.13875391163168,0 74.51367303576849,18.13842253430776,0 74.51363773177718,18.13814056390362,0 74.51359398437016,18.1377911594867,0 74.51354901995288,18.13743202953343,0 74.51352074466114,18.13720619622849,0 74.51354626152934,18.13717827558637,0 74.51362885156301,18.13708706511252,0</coordinates></LinearRing></outerBoundaryIs>
        </Polygon>
      </MultiGeometry>
    </Placemark>
    <Placemark id="ID_00205">
      <name></name>
      <Snippet></Snippet>
      <description><![CDATA[<html xmlns:fo="http://www.w3.org/1999/XSL/Format" xmlns:msxsl="urn:schemas-microsoft-com:xslt">
<head>
<META http-equiv="Content-Type" content="text/html">
<meta http-equiv="content-type" content="text/html; charset=UTF-8">
</head>
<body style="margin:0px 0px 0px 0px;overflow:auto;background:#FFFFFF;">
<table style="font-family:Arial,Verdana,Times;font-size:12px;text-align:left;width:100%;border-collapse:collapse;padding:3px 3px 3px 3px">
<tr style="text-align:center;font-weight:bold;background:#9CBCE2">
<td></td>
</tr>
<tr>
<td>
<table style="font-family:Arial,Verdana,Times;font-size:12px;text-align:left;width:100%;border-spacing:0px; padding:3px 3px 3px 3px">
<tr>
<td>SHAPE</td>
<td>Polygon</td>
</tr>
<tr bgcolor="#D4E4F3">
<td>SHAPE_Length</td>
<td>425.520891</td>
</tr>
<tr>
<td>SHAPE_Area</td>
<td>2334.25891</td>
</tr>
<tr bgcolor="#D4E4F3">
<td>Gat_name</td>
<td>&lt;Null&gt;</td>
</tr>
</table>
</td>
</tr>
</table>
</body>
</html>
]]></description>
      <styleUrl>#PolyStyle00</styleUrl>
      <MultiGeometry>
        <Polygon>
          <extrude>0</extrude><altitudeMode>clampToGround</altitudeMode>
          <outerBoundaryIs><LinearRing><coordinates> 74.51352074466114,18.13720619622849,0 74.51353548117031,18.1373238978875,0 74.51357525866115,18.1376415960708,0 74.51365515992752,18.13827976258421,0 74.51372798886473,18.13886143297867,0 74.51374928424471,18.13903151606002,0 74.51362600700064,18.13905329407617,0 74.51361838356326,18.1389798553376,0 74.5136023464097,18.1388336600565,0 74.51358726553171,18.13869616830807,0 74.51356529382835,18.1384958677382,0 74.51354593078388,18.13831934343842,0 74.51353914509775,18.13825748389903,0 74.51351880375537,18.13807204269876,0 74.51351101762454,18.13800106013452,0 74.51348895203546,18.13779989705928,0 74.5134698380909,18.13762564197187,0 74.51345098241306,18.1374578254762,0 74.51343356224686,18.13730317138851,0 74.51345572623862,18.1372810014555,0 74.51347043321068,18.13726576941186,0 74.5134809878149,18.13725344984175,0 74.51352074466114,18.13720619622849,0</coordinates></LinearRing></outerBoundaryIs>
        </Polygon>
      </MultiGeometry>
    </Placemark>
    <Placemark id="ID_00206">
      <name>Gat 189</name>
      <Snippet></Snippet>
      <description><![CDATA[<html xmlns:fo="http://www.w3.org/1999/XSL/Format" xmlns:msxsl="urn:schemas-microsoft-com:xslt">
<head>
<META http-equiv="Content-Type" content="text/html">
<meta http-equiv="content-type" content="text/html; charset=UTF-8">
</head>
<body style="margin:0px 0px 0px 0px;overflow:auto;background:#FFFFFF;">
<table style="font-family:Arial,Verdana,Times;font-size:12px;text-align:left;width:100%;border-collapse:collapse;padding:3px 3px 3px 3px">
<tr style="text-align:center;font-weight:bold;background:#9CBCE2">
<td>Gat 189</td>
</tr>
<tr>
<td>
<table style="font-family:Arial,Verdana,Times;font-size:12px;text-align:left;width:100%;border-spacing:0px; padding:3px 3px 3px 3px">
<tr>
<td>SHAPE</td>
<td>Polygon</td>
</tr>
<tr bgcolor="#D4E4F3">
<td>SHAPE_Length</td>
<td>405.098882</td>
</tr>
<tr>
<td>SHAPE_Area</td>
<td>1964.331734</td>
</tr>
<tr bgcolor="#D4E4F3">
<td>Gat_name</td>
<td>Gat 189</td>
</tr>
</table>
</td>
</tr>
</table>
</body>
</html>
]]></description>
      <styleUrl>#PolyStyle00</styleUrl>
      <MultiGeometry>
        <Polygon>
          <extrude>0</extrude><altitudeMode>clampToGround</altitudeMode>
          <outerBoundaryIs><LinearRing><coordinates> 74.51343356224686,18.13730317138851,0 74.51348151817308,18.13773212215254,0 74.51350852522042,18.13797833620346,0 74.51353619717293,18.13823060755117,0 74.51356529382835,18.1384958677382,0 74.51359520202024,18.1387685205396,0 74.51360953416747,18.13889918561548,0 74.51362600700064,18.13905329407617,0 74.51351781040378,18.13906252256314,0 74.51347511492506,18.1386291166447,0 74.51345897288667,18.13845697318459,0 74.5134280562352,18.13812724399732,0 74.51340329466932,18.13786317152312,0 74.51336591098092,18.13746447317947,0 74.51335725192644,18.13737212469601,0 74.51343356224686,18.13730317138851,0</coordinates></LinearRing></outerBoundaryIs>
        </Polygon>
      </MultiGeometry>
    </Placemark>
    <Placemark id="ID_00207">
      <name></name>
      <Snippet></Snippet>
      <description><![CDATA[<html xmlns:fo="http://www.w3.org/1999/XSL/Format" xmlns:msxsl="urn:schemas-microsoft-com:xslt">
<head>
<META http-equiv="Content-Type" content="text/html">
<meta http-equiv="content-type" content="text/html; charset=UTF-8">
</head>
<body style="margin:0px 0px 0px 0px;overflow:auto;background:#FFFFFF;">
<table style="font-family:Arial,Verdana,Times;font-size:12px;text-align:left;width:100%;border-collapse:collapse;padding:3px 3px 3px 3px">
<tr style="text-align:center;font-weight:bold;background:#9CBCE2">
<td></td>
</tr>
<tr>
<td>
<table style="font-family:Arial,Verdana,Times;font-size:12px;text-align:left;width:100%;border-spacing:0px; padding:3px 3px 3px 3px">
<tr>
<td>SHAPE</td>
<td>Polygon</td>
</tr>
<tr bgcolor="#D4E4F3">
<td>SHAPE_Length</td>
<td>1111.993977</td>
</tr>
<tr>
<td>SHAPE_Area</td>
<td>6132.696072</td>
</tr>
<tr bgcolor="#D4E4F3">
<td>Gat_name</td>
<td>&lt;Null&gt;</td>
</tr>
</table>
</td>
</tr>
</table>
</body>
</html>
]]></description>
      <styleUrl>#PolyStyle00</styleUrl>
      <MultiGeometry>
        <Polygon>
          <extrude>0</extrude><altitudeMode>clampToGround</altitudeMode>
          <outerBoundaryIs><LinearRing><coordinates> 74.51335725192644,18.13737212469601,0 74.51340262250967,18.13785600339853,0 74.51350421242986,18.13892448413108,0 74.51351781040378,18.13906252256314,0 74.51354729548341,18.13943419006938,0 74.51360020801609,18.14005790844481,0 74.51365214581926,18.14067014302925,0 74.51369870253291,18.14121893629124,0 74.51374525148047,18.14176378791966,0 74.51379127743812,18.14231017198086,0 74.51363766628596,18.1422939642128,0 74.51360435490629,18.14180499786887,0 74.51354989626662,18.14096967413902,0 74.51349475030399,18.14009657325343,0 74.51343417971555,18.13924595114944,0 74.51342179455267,18.13907205925467,0 74.5134043536799,18.13883051054004,0 74.51338777326228,18.13860086736352,0 74.5133709633965,18.13836806383026,0 74.51335562219016,18.13815558017317,0 74.51334246880188,18.13797341180055,0 74.51333199946156,18.13782841547865,0 74.5133161329745,18.1376086655381,0 74.5133046649263,18.13744982822589,0 74.51335725192644,18.13737212469601,0</coordinates></LinearRing></outerBoundaryIs>
        </Polygon>
      </MultiGeometry>
    </Placemark>
    <Placemark id="ID_00208">
      <name>Gat 195</name>
      <Snippet></Snippet>
      <description><![CDATA[<html xmlns:fo="http://www.w3.org/1999/XSL/Format" xmlns:msxsl="urn:schemas-microsoft-com:xslt">
<head>
<META http-equiv="Content-Type" content="text/html">
<meta http-equiv="content-type" content="text/html; charset=UTF-8">
</head>
<body style="margin:0px 0px 0px 0px;overflow:auto;background:#FFFFFF;">
<table style="font-family:Arial,Verdana,Times;font-size:12px;text-align:left;width:100%;border-collapse:collapse;padding:3px 3px 3px 3px">
<tr style="text-align:center;font-weight:bold;background:#9CBCE2">
<td>Gat 195</td>
</tr>
<tr>
<td>
<table style="font-family:Arial,Verdana,Times;font-size:12px;text-align:left;width:100%;border-spacing:0px; padding:3px 3px 3px 3px">
<tr>
<td>SHAPE</td>
<td>Polygon</td>
</tr>
<tr bgcolor="#D4E4F3">
<td>SHAPE_Length</td>
<td>1088.397755</td>
</tr>
<tr>
<td>SHAPE_Area</td>
<td>6083.586522</td>
</tr>
<tr bgcolor="#D4E4F3">
<td>Gat_name</td>
<td>Gat 195</td>
</tr>
</table>
</td>
</tr>
</table>
</body>
</html>
]]></description>
      <styleUrl>#PolyStyle00</styleUrl>
      <MultiGeometry>
        <Polygon>
          <extrude>0</extrude><altitudeMode>clampToGround</altitudeMode>
          <outerBoundaryIs><LinearRing><coordinates> 74.5133046649263,18.13744982822589,0 74.51345645923118,18.13955882925817,0 74.51348816277947,18.14000406282515,0 74.51351162243846,18.14036370776522,0 74.51354059385527,18.14082238871653,0 74.5135667788532,18.14122863175315,0 74.51358876816296,18.14156592316169,0 74.51360910625768,18.14187474534298,0 74.51363766628596,18.1422939642128,0 74.51352169305845,18.14227893605349,0 74.51345278394814,18.14123447425389,0 74.51334825565492,18.13961558161908,0 74.51326144631163,18.13820139012046,0 74.51322143095095,18.13752970115308,0 74.5133046649263,18.13744982822589,0</coordinates></LinearRing></outerBoundaryIs>
        </Polygon>
      </MultiGeometry>
    </Placemark>
    <Placemark id="ID_00209">
      <name></name>
      <Snippet></Snippet>
      <description><![CDATA[<html xmlns:fo="http://www.w3.org/1999/XSL/Format" xmlns:msxsl="urn:schemas-microsoft-com:xslt">
<head>
<META http-equiv="Content-Type" content="text/html">
<meta http-equiv="content-type" content="text/html; charset=UTF-8">
</head>
<body style="margin:0px 0px 0px 0px;overflow:auto;background:#FFFFFF;">
<table style="font-family:Arial,Verdana,Times;font-size:12px;text-align:left;width:100%;border-collapse:collapse;padding:3px 3px 3px 3px">
<tr style="text-align:center;font-weight:bold;background:#9CBCE2">
<td></td>
</tr>
<tr>
<td>
<table style="font-family:Arial,Verdana,Times;font-size:12px;text-align:left;width:100%;border-spacing:0px; padding:3px 3px 3px 3px">
<tr>
<td>SHAPE</td>
<td>Polygon</td>
</tr>
<tr bgcolor="#D4E4F3">
<td>SHAPE_Length</td>
<td>1073.714357</td>
</tr>
<tr>
<td>SHAPE_Area</td>
<td>7661.080527</td>
</tr>
<tr bgcolor="#D4E4F3">
<td>Gat_name</td>
<td>&lt;Null&gt;</td>
</tr>
</table>
</td>
</tr>
</table>
</body>
</html>
]]></description>
      <styleUrl>#PolyStyle00</styleUrl>
      <MultiGeometry>
        <Polygon>
          <extrude>0</extrude><altitudeMode>clampToGround</altitudeMode>
          <outerBoundaryIs><LinearRing><coordinates> 74.51322143095095,18.13752970115308,0 74.51325032203636,18.13801465713795,0 74.5133153588647,18.13907966338687,0 74.51336343693397,18.13985070926059,0 74.51342744222518,18.1408419895461,0 74.51346730736164,18.14145460664946,0 74.51352169305845,18.14227893605349,0 74.51335678411917,18.142274660714,0 74.51335019443226,18.14218567340293,0 74.51331535550726,18.14156401904397,0 74.51327349820643,18.140761371437,0 74.51323235944034,18.13997246823002,0 74.51317747608326,18.13892001293413,0 74.51313551698046,18.13809710110062,0 74.51311387572034,18.13764980322235,0 74.51322143095095,18.13752970115308,0</coordinates></LinearRing></outerBoundaryIs>
        </Polygon>
      </MultiGeometry>
    </Placemark>
    <Placemark id="ID_00210">
      <name>Gat 201</name>
      <Snippet></Snippet>
      <description><![CDATA[<html xmlns:fo="http://www.w3.org/1999/XSL/Format" xmlns:msxsl="urn:schemas-microsoft-com:xslt">
<head>
<META http-equiv="Content-Type" content="text/html">
<meta http-equiv="content-type" content="text/html; charset=UTF-8">
</head>
<body style="margin:0px 0px 0px 0px;overflow:auto;background:#FFFFFF;">
<table style="font-family:Arial,Verdana,Times;font-size:12px;text-align:left;width:100%;border-collapse:collapse;padding:3px 3px 3px 3px">
<tr style="text-align:center;font-weight:bold;background:#9CBCE2">
<td>Gat 201</td>
</tr>
<tr>
<td>
<table style="font-family:Arial,Verdana,Times;font-size:12px;text-align:left;width:100%;border-spacing:0px; padding:3px 3px 3px 3px">
<tr>
<td>SHAPE</td>
<td>Polygon</td>
</tr>
<tr bgcolor="#D4E4F3">
<td>SHAPE_Length</td>
<td>1038.448573</td>
</tr>
<tr>
<td>SHAPE_Area</td>
<td>5413.628764</td>
</tr>
<tr bgcolor="#D4E4F3">
<td>Gat_name</td>
<td>Gat 201</td>
</tr>
</table>
</td>
</tr>
</table>
</body>
</html>
]]></description>
      <styleUrl>#PolyStyle00</styleUrl>
      <MultiGeometry>
        <Polygon>
          <extrude>0</extrude><altitudeMode>clampToGround</altitudeMode>
          <outerBoundaryIs><LinearRing><coordinates> 74.51311387572034,18.13764980322235,0 74.51312953837784,18.13797353858145,0 74.51315554959419,18.13848999007508,0 74.51318171146264,18.13900123318138,0 74.5132235026,18.13980262445286,0 74.51325483464171,18.14040346763666,0 74.51328606543676,18.14100235284319,0 74.5133107420759,18.14147555732616,0 74.5133421296933,18.14204177775042,0 74.51335678411917,18.142274660714,0 74.51323161625338,18.14225286027578,0 74.51321052545359,18.14174242914101,0 74.51317945555596,18.14099049076912,0 74.51317089999877,18.14078659438002,0 74.51313376514605,18.14000010636729,0 74.51309574196073,18.1391948137831,0 74.51309013201379,18.13907570535224,0 74.51306621670385,18.13856473726552,0 74.51304623351336,18.13810350300778,0 74.51303747485935,18.13786854249724,0 74.51303306164432,18.13775015832957,0 74.51311387572034,18.13764980322235,0</coordinates></LinearRing></outerBoundaryIs>
        </Polygon>
      </MultiGeometry>
    </Placemark>
    <Placemark id="ID_00211">
      <name>Gat 202</name>
      <Snippet></Snippet>
      <description><![CDATA[<html xmlns:fo="http://www.w3.org/1999/XSL/Format" xmlns:msxsl="urn:schemas-microsoft-com:xslt">
<head>
<META http-equiv="Content-Type" content="text/html">
<meta http-equiv="content-type" content="text/html; charset=UTF-8">
</head>
<body style="margin:0px 0px 0px 0px;overflow:auto;background:#FFFFFF;">
<table style="font-family:Arial,Verdana,Times;font-size:12px;text-align:left;width:100%;border-collapse:collapse;padding:3px 3px 3px 3px">
<tr style="text-align:center;font-weight:bold;background:#9CBCE2">
<td>Gat 202</td>
</tr>
<tr>
<td>
<table style="font-family:Arial,Verdana,Times;font-size:12px;text-align:left;width:100%;border-spacing:0px; padding:3px 3px 3px 3px">
<tr>
<td>SHAPE</td>
<td>Polygon</td>
</tr>
<tr bgcolor="#D4E4F3">
<td>SHAPE_Length</td>
<td>1020.920475</td>
</tr>
<tr>
<td>SHAPE_Area</td>
<td>6343.656963</td>
</tr>
<tr bgcolor="#D4E4F3">
<td>Gat_name</td>
<td>Gat 202</td>
</tr>
</table>
</td>
</tr>
</table>
</body>
</html>
]]></description>
      <styleUrl>#PolyStyle00</styleUrl>
      <MultiGeometry>
        <Polygon>
          <extrude>0</extrude><altitudeMode>clampToGround</altitudeMode>
          <outerBoundaryIs><LinearRing><coordinates> 74.51303306164432,18.13775015832957,0 74.51304062793163,18.13795311591726,0 74.51304623351336,18.13810350300778,0 74.51305069235627,18.13820642827136,0 74.51305577501786,18.13832373857583,0 74.51305773254737,18.13836892210161,0 74.51309346154575,18.13914639917574,0 74.51309574196073,18.1391948137831,0 74.51310433711264,18.13937684408059,0 74.51311147131509,18.13952793638375,0 74.51312543342952,18.13982363978718,0 74.51313116293805,18.13994498999583,0 74.51315440965612,18.14043735109411,0 74.51317089999877,18.14078659438002,0 74.51317834872872,18.14096412160661,0 74.51318985025532,18.1412420631144,0 74.51321052545359,18.14174242914101,0 74.51321331196851,18.14180987141969,0 74.51321777750206,18.1419179439401,0 74.51322495601094,18.14209168253544,0 74.51323161625338,18.14225286027578,0 74.51314817224808,18.14224722264881,0 74.51310830268689,18.14155561310596,0 74.51308939165949,18.1410887743716,0 74.51298824170907,18.13916178541848,0 74.51296378415859,18.13918015161346,0 74.51291952885606,18.13883773690088,0 74.51285252299108,18.13832983126657,0 74.51280690764962,18.137993597033,0 74.51292948334392,18.13786165328447,0 74.51303306164432,18.13775015832957,0</coordinates></LinearRing></outerBoundaryIs>
        </Polygon>
      </MultiGeometry>
    </Placemark>
    <Placemark id="ID_00212">
      <name>Gat 200</name>
      <Snippet></Snippet>
      <description><![CDATA[<html xmlns:fo="http://www.w3.org/1999/XSL/Format" xmlns:msxsl="urn:schemas-microsoft-com:xslt">
<head>
<META http-equiv="Content-Type" content="text/html">
<meta http-equiv="content-type" content="text/html; charset=UTF-8">
</head>
<body style="margin:0px 0px 0px 0px;overflow:auto;background:#FFFFFF;">
<table style="font-family:Arial,Verdana,Times;font-size:12px;text-align:left;width:100%;border-collapse:collapse;padding:3px 3px 3px 3px">
<tr style="text-align:center;font-weight:bold;background:#9CBCE2">
<td>Gat 200</td>
</tr>
<tr>
<td>
<table style="font-family:Arial,Verdana,Times;font-size:12px;text-align:left;width:100%;border-spacing:0px; padding:3px 3px 3px 3px">
<tr>
<td>SHAPE</td>
<td>Polygon</td>
</tr>
<tr bgcolor="#D4E4F3">
<td>SHAPE_Length</td>
<td>283.145047</td>
</tr>
<tr>
<td>SHAPE_Area</td>
<td>1375.156642</td>
</tr>
<tr bgcolor="#D4E4F3">
<td>Gat_name</td>
<td>Gat 200</td>
</tr>
</table>
</td>
</tr>
</table>
</body>
</html>
]]></description>
      <styleUrl>#PolyStyle00</styleUrl>
      <MultiGeometry>
        <Polygon>
          <extrude>0</extrude><altitudeMode>clampToGround</altitudeMode>
          <outerBoundaryIs><LinearRing><coordinates> 74.5128261828382,18.13813806703688,0 74.51284019030469,18.13824305820775,0 74.51285258078933,18.13833592951693,0 74.51285955165395,18.13838818008128,0 74.51287802977309,18.13852317236258,0 74.51289345904721,18.13864012653063,0 74.51291592096254,18.13881435215855,0 74.51294428968322,18.13903115653387,0 74.5129463457635,18.13904687562869,0 74.51295227340174,18.13909216048364,0 74.51296098745983,18.13915877722302,0 74.51296378415859,18.13918015161346,0 74.5129493690855,18.13918479785378,0 74.51287798441851,18.13920780754224,0 74.51284735557007,18.13921768023088,0 74.51284649170738,18.13921795823014,0 74.51284070922937,18.13916054260865,0 74.51283465441669,18.13910042476619,0 74.51282693247509,18.13902375910093,0 74.5128206945876,18.13896182139538,0 74.51281593519209,18.13891457096369,0 74.51280754064182,18.13882920518742,0 74.5128005566156,18.13875200541922,0 74.51279584466781,18.13869991331857,0 74.51278984027668,18.13863354474993,0 74.5127869279943,18.13860134676551,0 74.51277537056616,18.13847358089946,0 74.51277246834906,18.13844150495618,0 74.51275865632745,18.13828881493874,0 74.51274949479352,18.1381875371911,0 74.5127390417753,18.13807198297596,0 74.51274599561344,18.13806447895011,0 74.51280750969339,18.13799808333414,0 74.5128261828382,18.13813806703688,0</coordinates></LinearRing></outerBoundaryIs>
        </Polygon>
      </MultiGeometry>
    </Placemark>
    <Placemark id="ID_00213">
      <name></name>
      <Snippet></Snippet>
      <description><![CDATA[<html xmlns:fo="http://www.w3.org/1999/XSL/Format" xmlns:msxsl="urn:schemas-microsoft-com:xslt">
<head>
<META http-equiv="Content-Type" content="text/html">
<meta http-equiv="content-type" content="text/html; charset=UTF-8">
</head>
<body style="margin:0px 0px 0px 0px;overflow:auto;background:#FFFFFF;">
<table style="font-family:Arial,Verdana,Times;font-size:12px;text-align:left;width:100%;border-collapse:collapse;padding:3px 3px 3px 3px">
<tr style="text-align:center;font-weight:bold;background:#9CBCE2">
<td></td>
</tr>
<tr>
<td>
<table style="font-family:Arial,Verdana,Times;font-size:12px;text-align:left;width:100%;border-spacing:0px; padding:3px 3px 3px 3px">
<tr>
<td>SHAPE</td>
<td>Polygon</td>
</tr>
<tr bgcolor="#D4E4F3">
<td>SHAPE_Length</td>
<td>269.950479</td>
</tr>
<tr>
<td>SHAPE_Area</td>
<td>1314.9398</td>
</tr>
<tr bgcolor="#D4E4F3">
<td>Gat_name</td>
<td>&lt;Null&gt;</td>
</tr>
</table>
</td>
</tr>
</table>
</body>
</html>
]]></description>
      <styleUrl>#PolyStyle00</styleUrl>
      <MultiGeometry>
        <Polygon>
          <extrude>0</extrude><altitudeMode>clampToGround</altitudeMode>
          <outerBoundaryIs><LinearRing><coordinates> 74.5127390417753,18.13807198297596,0 74.51276614662058,18.13837162151246,0 74.51277246834906,18.13844150495618,0 74.51277537056616,18.13847358089946,0 74.51277821774131,18.13850505114086,0 74.51278308103178,18.13855881479734,0 74.5127869279943,18.13860134676551,0 74.51278984027668,18.13863354474993,0 74.51279390465035,18.1386784733067,0 74.51280049055902,18.1387512803848,0 74.5128005566156,18.13875200541922,0 74.51280754064182,18.13882920518742,0 74.51281043598729,18.1388586455596,0 74.51281677150834,18.13892287561197,0 74.5128206945876,18.13896182139538,0 74.51282360927699,18.13899076380872,0 74.51282857658501,18.13904008633181,0 74.51283465441669,18.13910042476619,0 74.51284070922937,18.13916054260865,0 74.51284476845321,18.13920085170269,0 74.51284649170738,18.13921795823014,0 74.51284281389862,18.13921914377802,0 74.51276939858249,18.13922270792641,0 74.512746036748,18.13922738302252,0 74.51274406995651,18.13920776053449,0 74.51271904723424,18.13895810335914,0 74.5127084451631,18.13885233176964,0 74.51268269210173,18.13859539242753,0 74.51267083094349,18.13846126919012,0 74.51265561860208,18.13828925727723,0 74.51264572640689,18.13817739117949,0 74.51267146132851,18.13814832154931,0 74.5127390417753,18.13807198297596,0</coordinates></LinearRing></outerBoundaryIs>
        </Polygon>
      </MultiGeometry>
    </Placemark>
    <Placemark id="ID_00214">
      <name></name>
      <Snippet></Snippet>
      <description><![CDATA[<html xmlns:fo="http://www.w3.org/1999/XSL/Format" xmlns:msxsl="urn:schemas-microsoft-com:xslt">
<head>
<META http-equiv="Content-Type" content="text/html">
<meta http-equiv="content-type" content="text/html; charset=UTF-8">
</head>
<body style="margin:0px 0px 0px 0px;overflow:auto;background:#FFFFFF;">
<table style="font-family:Arial,Verdana,Times;font-size:12px;text-align:left;width:100%;border-collapse:collapse;padding:3px 3px 3px 3px">
<tr style="text-align:center;font-weight:bold;background:#9CBCE2">
<td></td>
</tr>
<tr>
<td>
<table style="font-family:Arial,Verdana,Times;font-size:12px;text-align:left;width:100%;border-spacing:0px; padding:3px 3px 3px 3px">
<tr>
<td>SHAPE</td>
<td>Polygon</td>
</tr>
<tr bgcolor="#D4E4F3">
<td>SHAPE_Length</td>
<td>248.567858</td>
</tr>
<tr>
<td>SHAPE_Area</td>
<td>1040.03932</td>
</tr>
<tr bgcolor="#D4E4F3">
<td>Gat_name</td>
<td>&lt;Null&gt;</td>
</tr>
</table>
</td>
</tr>
</table>
</body>
</html>
]]></description>
      <styleUrl>#PolyStyle00</styleUrl>
      <MultiGeometry>
        <Polygon>
          <extrude>0</extrude><altitudeMode>clampToGround</altitudeMode>
          <outerBoundaryIs><LinearRing><coordinates> 74.51264572640689,18.13817739117949,0 74.5126515570488,18.1382433254786,0 74.51265502647063,18.13828255843848,0 74.51265561860208,18.13828925727723,0 74.51265591924427,18.13829266093765,0 74.51266511209704,18.13839660685686,0 74.51267083094349,18.13846126919012,0 74.51267179432858,18.13847215909898,0 74.51267745083693,18.13853612080983,0 74.51268269210173,18.13859539242753,0 74.51268449696923,18.13861340208431,0 74.51269197589858,18.13868801455623,0 74.51269857077048,18.13875381521224,0 74.51270509942024,18.13881895229288,0 74.5127084451631,18.13885233176964,0 74.51271227661948,18.13889055878263,0 74.51271820827674,18.13894973001324,0 74.51271904723424,18.13895810335914,0 74.512729474502,18.13906214187322,0 74.5127359157857,18.13912640473182,0 74.512746036748,18.13922738302252,0 74.51264575806196,18.13924620165573,0 74.51263977339774,18.13916078142181,0 74.51262923818952,18.13901040716799,0 74.51261812098529,18.13885172800279,0 74.51260860064659,18.13871585004262,0 74.51259846472303,18.13857116546363,0 74.51258835424073,18.13842685693771,0 74.51257660235578,18.13825911621825,0 74.51263410195013,18.13819435274571,0 74.51264572640689,18.13817739117949,0</coordinates></LinearRing></outerBoundaryIs>
        </Polygon>
      </MultiGeometry>
    </Placemark>
    <Placemark id="ID_00215">
      <name></name>
      <Snippet></Snippet>
      <description><![CDATA[<html xmlns:fo="http://www.w3.org/1999/XSL/Format" xmlns:msxsl="urn:schemas-microsoft-com:xslt">
<head>
<META http-equiv="Content-Type" content="text/html">
<meta http-equiv="content-type" content="text/html; charset=UTF-8">
</head>
<body style="margin:0px 0px 0px 0px;overflow:auto;background:#FFFFFF;">
<table style="font-family:Arial,Verdana,Times;font-size:12px;text-align:left;width:100%;border-collapse:collapse;padding:3px 3px 3px 3px">
<tr style="text-align:center;font-weight:bold;background:#9CBCE2">
<td></td>
</tr>
<tr>
<td>
<table style="font-family:Arial,Verdana,Times;font-size:12px;text-align:left;width:100%;border-spacing:0px; padding:3px 3px 3px 3px">
<tr>
<td>SHAPE</td>
<td>Polygon</td>
</tr>
<tr bgcolor="#D4E4F3">
<td>SHAPE_Length</td>
<td>240.93657</td>
</tr>
<tr>
<td>SHAPE_Area</td>
<td>1476.043047</td>
</tr>
<tr bgcolor="#D4E4F3">
<td>Gat_name</td>
<td>&lt;Null&gt;</td>
</tr>
</table>
</td>
</tr>
</table>
</body>
</html>
]]></description>
      <styleUrl>#PolyStyle00</styleUrl>
      <MultiGeometry>
        <Polygon>
          <extrude>0</extrude><altitudeMode>clampToGround</altitudeMode>
          <outerBoundaryIs><LinearRing><coordinates> 74.51257660235578,18.13825911621825,0 74.51258876072858,18.1384326605202,0 74.51259752169433,18.13855770603317,0 74.51260434565046,18.13865511853339,0 74.51260860064659,18.13871585004262,0 74.51261266375899,18.13877384518895,0 74.51262066725275,18.13888807271204,0 74.51262923818952,18.13901040716799,0 74.51263261565177,18.13905861035009,0 74.51263477723548,18.13908947148549,0 74.51264575806196,18.13924620165573,0 74.51252334736535,18.1392741416202,0 74.5125118095303,18.13914959793396,0 74.51250780665889,18.13910637866243,0 74.51249198692422,18.13893560977822,0 74.51247487576184,18.13875089793506,0 74.51245452658624,18.13855195620844,0 74.51244163184836,18.13840266326369,0 74.51253001657609,18.1383075028961,0 74.51257660235578,18.13825911621825,0</coordinates></LinearRing></outerBoundaryIs>
        </Polygon>
      </MultiGeometry>
    </Placemark>
    <Placemark id="ID_00216">
      <name>Gat 209</name>
      <Snippet></Snippet>
      <description><![CDATA[<html xmlns:fo="http://www.w3.org/1999/XSL/Format" xmlns:msxsl="urn:schemas-microsoft-com:xslt">
<head>
<META http-equiv="Content-Type" content="text/html">
<meta http-equiv="content-type" content="text/html; charset=UTF-8">
</head>
<body style="margin:0px 0px 0px 0px;overflow:auto;background:#FFFFFF;">
<table style="font-family:Arial,Verdana,Times;font-size:12px;text-align:left;width:100%;border-collapse:collapse;padding:3px 3px 3px 3px">
<tr style="text-align:center;font-weight:bold;background:#9CBCE2">
<td>Gat 209</td>
</tr>
<tr>
<td>
<table style="font-family:Arial,Verdana,Times;font-size:12px;text-align:left;width:100%;border-spacing:0px; padding:3px 3px 3px 3px">
<tr>
<td>SHAPE</td>
<td>Polygon</td>
</tr>
<tr bgcolor="#D4E4F3">
<td>SHAPE_Length</td>
<td>215.373728</td>
</tr>
<tr>
<td>SHAPE_Area</td>
<td>1031.174926</td>
</tr>
<tr bgcolor="#D4E4F3">
<td>Gat_name</td>
<td>Gat 209</td>
</tr>
</table>
</td>
</tr>
</table>
</body>
</html>
]]></description>
      <styleUrl>#PolyStyle00</styleUrl>
      <MultiGeometry>
        <Polygon>
          <extrude>0</extrude><altitudeMode>clampToGround</altitudeMode>
          <outerBoundaryIs><LinearRing><coordinates> 74.51244163184836,18.13840266326369,0 74.51245300609961,18.13853435579882,0 74.51245452658624,18.13855195620844,0 74.51247487576184,18.13875089793506,0 74.51249198692422,18.13893560977822,0 74.51249268360945,18.13894312593901,0 74.51250022585016,18.13902454618033,0 74.51250780665889,18.13910637866243,0 74.51250847304335,18.13911357208102,0 74.51251426212333,18.13917607173948,0 74.51252334736535,18.1392741416202,0 74.51249701251976,18.13928356146515,0 74.51240112677696,18.13932079567144,0 74.51239617885574,18.13920277530571,0 74.51238500518642,18.13893628329597,0 74.51237652010406,18.13873390997274,0 74.51237251035488,18.13863826705461,0 74.51237198364365,18.13862570346431,0 74.5123697005167,18.13855480349829,0 74.51236746881939,18.13848547179748,0 74.51236737136122,18.13848243379656,0 74.51243807342276,18.13840648556259,0 74.51244163184836,18.13840266326369,0</coordinates></LinearRing></outerBoundaryIs>
        </Polygon>
      </MultiGeometry>
    </Placemark>
    <Placemark id="ID_00217">
      <name></name>
      <Snippet></Snippet>
      <description><![CDATA[<html xmlns:fo="http://www.w3.org/1999/XSL/Format" xmlns:msxsl="urn:schemas-microsoft-com:xslt">
<head>
<META http-equiv="Content-Type" content="text/html">
<meta http-equiv="content-type" content="text/html; charset=UTF-8">
</head>
<body style="margin:0px 0px 0px 0px;overflow:auto;background:#FFFFFF;">
<table style="font-family:Arial,Verdana,Times;font-size:12px;text-align:left;width:100%;border-collapse:collapse;padding:3px 3px 3px 3px">
<tr style="text-align:center;font-weight:bold;background:#9CBCE2">
<td></td>
</tr>
<tr>
<td>
<table style="font-family:Arial,Verdana,Times;font-size:12px;text-align:left;width:100%;border-spacing:0px; padding:3px 3px 3px 3px">
<tr>
<td>SHAPE</td>
<td>Polygon</td>
</tr>
<tr bgcolor="#D4E4F3">
<td>SHAPE_Length</td>
<td>203.477854</td>
</tr>
<tr>
<td>SHAPE_Area</td>
<td>871.959001</td>
</tr>
<tr bgcolor="#D4E4F3">
<td>Gat_name</td>
<td>&lt;Null&gt;</td>
</tr>
</table>
</td>
</tr>
</table>
</body>
</html>
]]></description>
      <styleUrl>#PolyStyle00</styleUrl>
      <MultiGeometry>
        <Polygon>
          <extrude>0</extrude><altitudeMode>clampToGround</altitudeMode>
          <outerBoundaryIs><LinearRing><coordinates> 74.51236737136122,18.13848243379656,0 74.51237276571729,18.13864436309357,0 74.51237652010406,18.13873390997274,0 74.51238075955281,18.13883501799431,0 74.51238607459547,18.13896178289189,0 74.51239514672147,18.13917815161069,0 74.51240112677696,18.13932079567144,0 74.51231111543258,18.1393573089997,0 74.51230537671216,18.13922823466519,0 74.51228649741778,18.13880361260588,0 74.51227688874084,18.13858749197292,0 74.51236737136122,18.13848243379656,0</coordinates></LinearRing></outerBoundaryIs>
        </Polygon>
      </MultiGeometry>
    </Placemark>
    <Placemark id="ID_00218">
      <name>Gat 211</name>
      <Snippet></Snippet>
      <description><![CDATA[<html xmlns:fo="http://www.w3.org/1999/XSL/Format" xmlns:msxsl="urn:schemas-microsoft-com:xslt">
<head>
<META http-equiv="Content-Type" content="text/html">
<meta http-equiv="content-type" content="text/html; charset=UTF-8">
</head>
<body style="margin:0px 0px 0px 0px;overflow:auto;background:#FFFFFF;">
<table style="font-family:Arial,Verdana,Times;font-size:12px;text-align:left;width:100%;border-collapse:collapse;padding:3px 3px 3px 3px">
<tr style="text-align:center;font-weight:bold;background:#9CBCE2">
<td>Gat 211</td>
</tr>
<tr>
<td>
<table style="font-family:Arial,Verdana,Times;font-size:12px;text-align:left;width:100%;border-spacing:0px; padding:3px 3px 3px 3px">
<tr>
<td>SHAPE</td>
<td>Polygon</td>
</tr>
<tr bgcolor="#D4E4F3">
<td>SHAPE_Length</td>
<td>705.542114</td>
</tr>
<tr>
<td>SHAPE_Area</td>
<td>4400.230013</td>
</tr>
<tr bgcolor="#D4E4F3">
<td>Gat_name</td>
<td>Gat 211</td>
</tr>
</table>
</td>
</tr>
</table>
</body>
</html>
]]></description>
      <styleUrl>#PolyStyle00</styleUrl>
      <MultiGeometry>
        <Polygon>
          <extrude>0</extrude><altitudeMode>clampToGround</altitudeMode>
          <outerBoundaryIs><LinearRing><coordinates> 74.51227688874084,18.13858749197292,0 74.51227980390767,18.13865306188012,0 74.51228205167408,18.13870362389885,0 74.51229193270811,18.1389258505532,0 74.51229790810676,18.13906025263241,0 74.51229824445555,18.1390678248216,0 74.51230537671216,18.13922823466519,0 74.51230708077659,18.13926657017479,0 74.51230793505209,18.1392857813188,0 74.51231111543258,18.1393573089997,0 74.5123188660925,18.13953165376164,0 74.5123520323,18.14027762062316,0 74.51238411055593,18.14120301637411,0 74.5124141833892,18.14169065057841,0 74.51225903898114,18.14167636027261,0 74.51225304837884,18.14143662019329,0 74.51223071735558,18.14054291644873,0 74.51220592039476,18.13955054400618,0 74.51219910796064,18.13927787366373,0 74.51219302464676,18.13903443574623,0 74.51218449668156,18.13869314359611,0 74.51227688874084,18.13858749197292,0</coordinates></LinearRing></outerBoundaryIs>
        </Polygon>
      </MultiGeometry>
    </Placemark>
    <Placemark id="ID_00219">
      <name>Gat 212</name>
      <Snippet></Snippet>
      <description><![CDATA[<html xmlns:fo="http://www.w3.org/1999/XSL/Format" xmlns:msxsl="urn:schemas-microsoft-com:xslt">
<head>
<META http-equiv="Content-Type" content="text/html">
<meta http-equiv="content-type" content="text/html; charset=UTF-8">
</head>
<body style="margin:0px 0px 0px 0px;overflow:auto;background:#FFFFFF;">
<table style="font-family:Arial,Verdana,Times;font-size:12px;text-align:left;width:100%;border-collapse:collapse;padding:3px 3px 3px 3px">
<tr style="text-align:center;font-weight:bold;background:#9CBCE2">
<td>Gat 212</td>
</tr>
<tr>
<td>
<table style="font-family:Arial,Verdana,Times;font-size:12px;text-align:left;width:100%;border-spacing:0px; padding:3px 3px 3px 3px">
<tr>
<td>SHAPE</td>
<td>Polygon</td>
</tr>
<tr bgcolor="#D4E4F3">
<td>SHAPE_Length</td>
<td>677.08734</td>
</tr>
<tr>
<td>SHAPE_Area</td>
<td>5027.495815</td>
</tr>
<tr bgcolor="#D4E4F3">
<td>Gat_name</td>
<td>Gat 212</td>
</tr>
</table>
</td>
</tr>
</table>
</body>
</html>
]]></description>
      <styleUrl>#PolyStyle00</styleUrl>
      <MultiGeometry>
        <Polygon>
          <extrude>0</extrude><altitudeMode>clampToGround</altitudeMode>
          <outerBoundaryIs><LinearRing><coordinates> 74.51218449668156,18.13869314359611,0 74.51219625048374,18.13916354348487,0 74.51221017167997,18.13972066175053,0 74.51222332870307,18.14024722788404,0 74.51223467078094,18.14070113547903,0 74.51224662805662,18.14117968466771,0 74.51225579780521,18.14154663160042,0 74.51225903898114,18.14167636027261,0 74.51213736735308,18.1416556706588,0 74.51211757954215,18.14129048457852,0 74.51210027382194,18.1409721626381,0 74.51206972354002,18.14041637067686,0 74.51205385253461,18.13971541019499,0 74.51203451078985,18.1388612227485,0 74.51218449668156,18.13869314359611,0</coordinates></LinearRing></outerBoundaryIs>
        </Polygon>
      </MultiGeometry>
    </Placemark>
    <Placemark id="ID_00220">
      <name>Gat 210</name>
      <Snippet></Snippet>
      <description><![CDATA[<html xmlns:fo="http://www.w3.org/1999/XSL/Format" xmlns:msxsl="urn:schemas-microsoft-com:xslt">
<head>
<META http-equiv="Content-Type" content="text/html">
<meta http-equiv="content-type" content="text/html; charset=UTF-8">
</head>
<body style="margin:0px 0px 0px 0px;overflow:auto;background:#FFFFFF;">
<table style="font-family:Arial,Verdana,Times;font-size:12px;text-align:left;width:100%;border-collapse:collapse;padding:3px 3px 3px 3px">
<tr style="text-align:center;font-weight:bold;background:#9CBCE2">
<td>Gat 210</td>
</tr>
<tr>
<td>
<table style="font-family:Arial,Verdana,Times;font-size:12px;text-align:left;width:100%;border-spacing:0px; padding:3px 3px 3px 3px">
<tr>
<td>SHAPE</td>
<td>Polygon</td>
</tr>
<tr bgcolor="#D4E4F3">
<td>SHAPE_Length</td>
<td>554.733921</td>
</tr>
<tr>
<td>SHAPE_Area</td>
<td>4004.352411</td>
</tr>
<tr bgcolor="#D4E4F3">
<td>Gat_name</td>
<td>Gat 210</td>
</tr>
</table>
</td>
</tr>
</table>
</body>
</html>
]]></description>
      <styleUrl>#PolyStyle00</styleUrl>
      <MultiGeometry>
        <Polygon>
          <extrude>0</extrude><altitudeMode>clampToGround</altitudeMode>
          <outerBoundaryIs><LinearRing><coordinates> 74.51245046600083,18.13930163665323,0 74.5124644062311,18.13962530345422,0 74.51247892169422,18.13994745056511,0 74.5124935503359,18.14027209431477,0 74.5125087489418,18.14060940388297,0 74.51252580449,18.14098790993268,0 74.51253959610379,18.14129397522853,0 74.51255446266443,18.14162390600353,0 74.51255771062281,18.14169599330447,0 74.5124141833892,18.14169065057841,0 74.51241355011996,18.14168037610859,0 74.51241252326876,18.14166373500804,0 74.51241200490558,18.14165531999561,0 74.51241074467188,18.1416348840499,0 74.5124103203611,18.14162800758446,0 74.51240870368173,18.14160179078005,0 74.51240809117645,18.141591869758,0 74.51240698295257,18.14157389079135,0 74.51240614883326,18.14156036294935,0 74.512405031537,18.14154224657839,0 74.51240432946862,18.1415308728839,0 74.51240308101474,18.14151062134788,0 74.51240243232951,18.14150011094069,0 74.51240110787649,18.14147862910734,0 74.5124001516226,18.14146312158082,0 74.51239943782639,18.14145154539991,0 74.51239911843908,18.14144637833169,0 74.51239812510228,18.14143026605279,0 74.51239758137282,18.14142145329325,0 74.51239664595548,18.14140627300376,0 74.51239617729526,18.14139868511616,0 74.51239500390696,18.14137966025945,0 74.51239463208481,18.14137362900243,0 74.51239308687971,18.14134857108101,0 74.51239272412532,18.14134267903585,0 74.51239253504338,18.14133961368897,0 74.51239170904563,18.14132622595995,0 74.51239138153387,18.14132092058599,0 74.51239077267624,18.14131104837938,0 74.51238938129126,18.14128847636404,0 74.51238902393357,18.1412826837532,0 74.51238796091066,18.14126545145925,0 74.51238759721619,18.14125955760402,0 74.51238648357406,18.14124148824058,0 74.51238589731832,18.14123198846673,0 74.51238509396542,18.14121895780548,0 74.51238362910087,18.14118913060683,0 74.51238206049021,18.1411438676353,0 74.5123811562239,18.14111779001572,0 74.51237942473431,18.14106785295618,0 74.51237817125667,18.1410316796389,0 74.51237691339333,18.14099538339029,0 74.51237508912672,18.14094276625622,0 74.51237259695465,18.14087088512755,0 74.51237011623654,18.14079930590469,0 74.51236720481265,18.14071531427548,0 74.51236620951612,18.14068660900703,0 74.51236155878718,18.14055243355088,0 74.51236060548615,18.14052494855112,0 74.51235703322307,18.14042187461096,0 74.51235467060403,18.14035373383165,0 74.5123520323,18.14027762062316,0 74.51234908418681,18.14021130408455,0 74.51234856894499,18.14019971846312,0 74.51234260412662,18.1400655722087,0 74.51234181748764,18.14004787785479,0 74.51233611348152,18.13991956915658,0 74.51233503313543,18.13989528879423,0 74.51233007123987,18.13978368826324,0 74.512327770971,18.13973193849191,0 74.5123246155196,18.13966096311359,0 74.51232431295249,18.13965416287645,0 74.5123202898597,18.13956368257736,0 74.51231948185365,18.13954551275679,0 74.5123188660925,18.13953165376164,0 74.51231367819371,18.13941496683416,0 74.512313437955,18.13940955412517,0 74.51231111543258,18.1393573089997,0 74.51240112677696,18.13932079567144,0 74.51242492101214,18.13931155559219,0 74.51245046600083,18.13930163665323,0</coordinates></LinearRing></outerBoundaryIs>
        </Polygon>
      </MultiGeometry>
    </Placemark>
    <Placemark id="ID_00221">
      <name>Gat 208</name>
      <Snippet></Snippet>
      <description><![CDATA[<html xmlns:fo="http://www.w3.org/1999/XSL/Format" xmlns:msxsl="urn:schemas-microsoft-com:xslt">
<head>
<META http-equiv="Content-Type" content="text/html">
<meta http-equiv="content-type" content="text/html; charset=UTF-8">
</head>
<body style="margin:0px 0px 0px 0px;overflow:auto;background:#FFFFFF;">
<table style="font-family:Arial,Verdana,Times;font-size:12px;text-align:left;width:100%;border-collapse:collapse;padding:3px 3px 3px 3px">
<tr style="text-align:center;font-weight:bold;background:#9CBCE2">
<td>Gat 208</td>
</tr>
<tr>
<td>
<table style="font-family:Arial,Verdana,Times;font-size:12px;text-align:left;width:100%;border-spacing:0px; padding:3px 3px 3px 3px">
<tr>
<td>SHAPE</td>
<td>Polygon</td>
</tr>
<tr bgcolor="#D4E4F3">
<td>SHAPE_Length</td>
<td>570.965518</td>
</tr>
<tr>
<td>SHAPE_Area</td>
<td>4203.528626</td>
</tr>
<tr bgcolor="#D4E4F3">
<td>Gat_name</td>
<td>Gat 208</td>
</tr>
</table>
</td>
</tr>
</table>
</body>
</html>
]]></description>
      <styleUrl>#PolyStyle00</styleUrl>
      <MultiGeometry>
        <Polygon>
          <extrude>0</extrude><altitudeMode>clampToGround</altitudeMode>
          <outerBoundaryIs><LinearRing><coordinates> 74.51255771062281,18.14169599330447,0 74.51255295935363,18.14159054294911,0 74.5125135678543,18.14071635748004,0 74.51246150360778,18.13955790876495,0 74.51245046600083,18.13930163665323,0 74.51247158677562,18.1392934346174,0 74.51252334736535,18.1392741416202,0 74.51259742170001,18.13925723426751,0 74.51263860773464,18.13924783393503,0 74.51264315509238,18.13969175247536,0 74.51264892062042,18.14029074683582,0 74.51265115436671,18.14052285367131,0 74.51265275643578,18.1407086135042,0 74.51265485844759,18.14090773492977,0 74.51265662702239,18.14109140101622,0 74.51265817371058,18.14125210397894,0 74.51265954821547,18.14140705185427,0 74.51266114306604,18.14156060568435,0 74.51266256554072,18.1417084740214,0 74.51256352477301,18.14171125915888,0 74.51256281770173,18.14169588693409,0 74.51255771062281,18.14169599330447,0</coordinates></LinearRing></outerBoundaryIs>
        </Polygon>
      </MultiGeometry>
    </Placemark>
    <Placemark id="ID_00222">
      <name>Gat 209</name>
      <Snippet></Snippet>
      <description><![CDATA[<html xmlns:fo="http://www.w3.org/1999/XSL/Format" xmlns:msxsl="urn:schemas-microsoft-com:xslt">
<head>
<META http-equiv="Content-Type" content="text/html">
<meta http-equiv="content-type" content="text/html; charset=UTF-8">
</head>
<body style="margin:0px 0px 0px 0px;overflow:auto;background:#FFFFFF;">
<table style="font-family:Arial,Verdana,Times;font-size:12px;text-align:left;width:100%;border-collapse:collapse;padding:3px 3px 3px 3px">
<tr style="text-align:center;font-weight:bold;background:#9CBCE2">
<td>Gat 209</td>
</tr>
<tr>
<td>
<table style="font-family:Arial,Verdana,Times;font-size:12px;text-align:left;width:100%;border-spacing:0px; padding:3px 3px 3px 3px">
<tr>
<td>SHAPE</td>
<td>Polygon</td>
</tr>
<tr bgcolor="#D4E4F3">
<td>SHAPE_Length</td>
<td>711.131123</td>
</tr>
<tr>
<td>SHAPE_Area</td>
<td>4421.45437</td>
</tr>
<tr bgcolor="#D4E4F3">
<td>Gat_name</td>
<td>Gat 209</td>
</tr>
</table>
</td>
</tr>
</table>
</body>
</html>
]]></description>
      <styleUrl>#PolyStyle00</styleUrl>
      <MultiGeometry>
        <Polygon>
          <extrude>0</extrude><altitudeMode>clampToGround</altitudeMode>
          <outerBoundaryIs><LinearRing><coordinates> 74.51266256554072,18.1417084740214,0 74.51266126272633,18.14157303537781,0 74.51266114306604,18.14156060568435,0 74.51265954821547,18.14140705185427,0 74.51265817371058,18.14125210397894,0 74.51265799304224,18.14123337266802,0 74.51265471007893,18.14089372437413,0 74.51265275643578,18.1407086135042,0 74.51265115436671,18.14052285367131,0 74.51264892062042,18.14029074683582,0 74.51264691442847,18.14008228642352,0 74.51264678294427,18.14006866455394,0 74.51264547113323,18.13993237536639,0 74.51264116606058,18.13949757251934,0 74.51264065106173,18.13944732671326,0 74.51263946294377,18.13934146417533,0 74.51263860773464,18.13924783393503,0 74.51271357116818,18.13923347576551,0 74.51271380773036,18.1392368069574,0 74.51271480754842,18.13924375989835,0 74.5127132299873,18.1392443677938,0 74.51271659963763,18.13930291070547,0 74.5127215764836,18.13938940122492,0 74.5127398073401,18.13970617908033,0 74.51273737132587,18.13960440951769,0 74.51274950950247,18.13987476146488,0 74.51275465791932,18.13998942642646,0 74.51276187299915,18.14015012477712,0 74.51276888327328,18.14030626823588,0 74.51277108978516,18.14035539577006,0 74.51277900381599,18.14053168143049,0 74.51278056650384,18.14056648894906,0 74.5127841041954,18.14064526890416,0 74.51278437575269,18.14064859476118,0 74.51279132961484,18.14073363150047,0 74.51280499868415,18.14090079315435,0 74.51280891679754,18.14094871208582,0 74.51281810270623,18.14106103731136,0 74.51282310658877,18.1411261849769,0 74.51283002749449,18.14121664818882,0 74.51283826494,18.14132430275788,0 74.51284568674458,18.14142130640394,0 74.51285056045231,18.14148499225351,0 74.51286151026054,18.14162810528578,0 74.51286647883239,18.14169304136283,0 74.51287304216625,18.1417788209506,0 74.51287533850895,18.14180883463021,0 74.51288229325586,18.14189972452571,0 74.51288322840708,18.14191194388424,0 74.5128897744261,18.14199749475851,0 74.51289120404969,18.14201618223049,0 74.51289631132228,18.14208292811169,0 74.5129002252487,18.1421340818127,0 74.51290329889846,18.1421742591536,0 74.51290404976881,18.14218406664247,0 74.51290596751269,18.14220912730985,0 74.51290722927644,18.14222561806379,0 74.51290330485423,18.14222537042566,0 74.51281548685196,18.14221832156099,0 74.51279446424549,18.14197180724195,0 74.51277414945638,18.14173359362128,0 74.51266256046071,18.14171679190257,0 74.51266256554072,18.1417084740214,0</coordinates></LinearRing></outerBoundaryIs>
        </Polygon>
      </MultiGeometry>
    </Placemark>
    <Placemark id="ID_00223">
      <name>Gat 205</name>
      <Snippet></Snippet>
      <description><![CDATA[<html xmlns:fo="http://www.w3.org/1999/XSL/Format" xmlns:msxsl="urn:schemas-microsoft-com:xslt">
<head>
<META http-equiv="Content-Type" content="text/html">
<meta http-equiv="content-type" content="text/html; charset=UTF-8">
</head>
<body style="margin:0px 0px 0px 0px;overflow:auto;background:#FFFFFF;">
<table style="font-family:Arial,Verdana,Times;font-size:12px;text-align:left;width:100%;border-collapse:collapse;padding:3px 3px 3px 3px">
<tr style="text-align:center;font-weight:bold;background:#9CBCE2">
<td>Gat 205</td>
</tr>
<tr>
<td>
<table style="font-family:Arial,Verdana,Times;font-size:12px;text-align:left;width:100%;border-spacing:0px; padding:3px 3px 3px 3px">
<tr>
<td>SHAPE</td>
<td>Polygon</td>
</tr>
<tr bgcolor="#D4E4F3">
<td>SHAPE_Length</td>
<td>683.209162</td>
</tr>
<tr>
<td>SHAPE_Area</td>
<td>2797.065315</td>
</tr>
<tr bgcolor="#D4E4F3">
<td>Gat_name</td>
<td>Gat 205</td>
</tr>
</table>
</td>
</tr>
</table>
</body>
</html>
]]></description>
      <styleUrl>#PolyStyle00</styleUrl>
      <MultiGeometry>
        <Polygon>
          <extrude>0</extrude><altitudeMode>clampToGround</altitudeMode>
          <outerBoundaryIs><LinearRing><coordinates> 74.51290722927644,18.14222561806379,0 74.51290486175773,18.14219467597805,0 74.51290404976881,18.14218406664247,0 74.51290329889846,18.1421742591536,0 74.51290104544505,18.14214479962801,0 74.51288573093551,18.14194465419282,0 74.51288322840708,18.14191194388424,0 74.51288229325586,18.14189972452571,0 74.51288163364111,18.14189110218101,0 74.51286337779483,18.14165251778571,0 74.51286151026054,18.14162810528578,0 74.51285814922706,18.14158417724826,0 74.51284428450073,18.14140297601057,0 74.51283826494,18.14132430275788,0 74.51283760622913,18.14131569668374,0 74.51282615832443,18.1411660721394,0 74.51282310658877,18.1411261849769,0 74.51281936371868,18.14107745304817,0 74.5128064369908,18.14091838792711,0 74.51280499868415,18.14090079315435,0 74.51279677293087,18.14080019386203,0 74.51278656661989,18.14067538152496,0 74.51278437575269,18.14064859476118,0 74.5127841041954,18.14064526890416,0 74.51278056650384,18.14056648894906,0 74.51277950603534,18.14054285939327,0 74.51277672879749,18.14048100547272,0 74.51277467015373,18.14043514834988,0 74.51276997853793,18.14033064534304,0 74.51276888327328,18.14030626823588,0 74.51276382747146,18.14019365700139,0 74.51276186853278,18.14015003076807,0 74.51275598998041,18.14001909783312,0 74.51275033402396,18.13989312835952,0 74.51274950950247,18.13987476146488,0 74.51274728698935,18.13982527055035,0 74.51273244934502,18.13957832172391,0 74.51272663362076,18.13947728112493,0 74.5127248054297,18.13944550164593,0 74.51272011534978,18.13936401180963,0 74.51271800396067,18.1393273084817,0 74.51271485075624,18.13927253325834,0 74.5127132299873,18.1392443677938,0 74.51271480754842,18.13924375989835,0 74.51271357116818,18.13923347576551,0 74.51274488000026,18.13922759972368,0 74.5127640705435,18.13922377450989,0 74.51276991580072,18.13927728667402,0 74.51278539056264,18.13945120629831,0 74.51279875387901,18.13961917160227,0 74.5128080153425,18.13975335331475,0 74.51283658508207,18.14016727324975,0 74.51285011288917,18.14036326564522,0 74.51285272682475,18.1404011415969,0 74.51286567480351,18.14058872876128,0 74.51286736985912,18.14061329266952,0 74.51287485090647,18.14072167561924,0 74.51287583738971,18.1407334495237,0 74.51287637549905,18.1407398617114,0 74.5128896995593,18.14089884287784,0 74.512891995589,18.14092623637239,0 74.51290230071594,18.14104919159372,0 74.51290490789263,18.14108029607387,0 74.51291669369192,18.14122091938158,0 74.51292187328526,18.14128271158956,0 74.51293005444894,18.14138032633301,0 74.51293175749511,18.1414006431891,0 74.51294681857088,18.14158033715965,0 74.51294831385589,18.14159818695315,0 74.51296276824172,18.14177063884838,0 74.51296463507629,18.1417929192242,0 74.51296814916009,18.14183484386859,0 74.51296847768957,18.14183876368173,0 74.51297663326807,18.14193607466903,0 74.51297905379923,18.14196494532397,0 74.51298666396639,18.14205575101074,0 74.51298685982256,18.1420580806613,0 74.51299208243769,18.14212039718999,0 74.51299455069655,18.14215251811686,0 74.51299524235372,18.1421615201483,0 74.51300131039865,18.14224046918045,0 74.51290814798736,18.14223763040453,0 74.51290723381548,18.14222568586209,0 74.51290722927644,18.14222561806379,0</coordinates></LinearRing></outerBoundaryIs>
        </Polygon>
      </MultiGeometry>
    </Placemark>
    <Placemark id="ID_00224">
      <name>Gat 204</name>
      <Snippet></Snippet>
      <description><![CDATA[<html xmlns:fo="http://www.w3.org/1999/XSL/Format" xmlns:msxsl="urn:schemas-microsoft-com:xslt">
<head>
<META http-equiv="Content-Type" content="text/html">
<meta http-equiv="content-type" content="text/html; charset=UTF-8">
</head>
<body style="margin:0px 0px 0px 0px;overflow:auto;background:#FFFFFF;">
<table style="font-family:Arial,Verdana,Times;font-size:12px;text-align:left;width:100%;border-collapse:collapse;padding:3px 3px 3px 3px">
<tr style="text-align:center;font-weight:bold;background:#9CBCE2">
<td>Gat 204</td>
</tr>
<tr>
<td>
<table style="font-family:Arial,Verdana,Times;font-size:12px;text-align:left;width:100%;border-spacing:0px; padding:3px 3px 3px 3px">
<tr>
<td>SHAPE</td>
<td>Polygon</td>
</tr>
<tr bgcolor="#D4E4F3">
<td>SHAPE_Length</td>
<td>693.580436</td>
</tr>
<tr>
<td>SHAPE_Area</td>
<td>3723.597755</td>
</tr>
<tr bgcolor="#D4E4F3">
<td>Gat_name</td>
<td>Gat 204</td>
</tr>
</table>
</td>
</tr>
</table>
</body>
</html>
]]></description>
      <styleUrl>#PolyStyle00</styleUrl>
      <MultiGeometry>
        <Polygon>
          <extrude>0</extrude><altitudeMode>clampToGround</altitudeMode>
          <outerBoundaryIs><LinearRing><coordinates> 74.51300101748585,18.14223665972417,0 74.51295087069639,18.14162869749137,0 74.51294831385589,18.14159818695315,0 74.51294681857088,18.14158033715965,0 74.51294247997828,18.1415285723006,0 74.5129282690573,18.14135902138857,0 74.51292253309921,18.1412905792419,0 74.51291289044994,18.14117554500894,0 74.51290490789263,18.14108029607387,0 74.51290441645996,18.14107443804885,0 74.51289401434757,18.14095031845675,0 74.512891995589,18.14092623637239,0 74.5128896995593,18.14089884287784,0 74.51288504711123,18.14084333267621,0 74.51287558024534,18.14073038038936,0 74.51287485090647,18.14072167561924,0 74.51287255231816,18.14068837924098,0 74.51286463140707,18.14057361056259,0 74.51285974432386,18.14050280976887,0 74.51285130626059,18.14038055249842,0 74.51285011288917,18.14036326564522,0 74.5128413967078,18.14023698293913,0 74.51283355396785,18.140123355983,0 74.51282358173064,18.1399788761098,0 74.51281679784404,18.13988059334551,0 74.51280934138025,18.13977257107381,0 74.51279791249894,18.13960859834239,0 74.51279145467051,18.13952742398781,0 74.5127760079714,18.13934575594936,0 74.51276991580072,18.13927728667402,0 74.51276417379509,18.13922472288309,0 74.5127640705435,18.13922377450989,0 74.51276410175693,18.13922376826214,0 74.51276939858249,18.13922270792641,0 74.51284281389862,18.13921914377802,0 74.51284649170738,18.13921795823014,0 74.51284735557007,18.13921768023088,0 74.51285585701393,18.1392149396591,0 74.51286286632724,18.13921268066444,0 74.51289812673365,18.13920131482618,0 74.51289813813437,18.13920368468274,0 74.5129118270643,18.13952588302508,0 74.51292582668108,18.13975840287851,0 74.51294101667897,18.14001066887817,0 74.51295496575685,18.14024234351586,0 74.51297136232063,18.140514671129,0 74.51298401197998,18.14075338416145,0 74.51299431023401,18.14091606786492,0 74.51300426101027,18.14106460673998,0 74.51301650855285,18.141247457882,0 74.51302616702019,18.14139163867529,0 74.51303603882228,18.1415390114095,0 74.51304504091547,18.14167340573627,0 74.51305405937802,18.14180803780822,0 74.51306426986484,18.14196045744312,0 74.51307010452412,18.14204757103264,0 74.51307534061617,18.14211595858101,0 74.51308165216696,18.14218959826066,0 74.51308521637283,18.14223118680617,0 74.51305898015451,18.1422328295588,0 74.51303810482622,18.14223420659053,0 74.51300101748585,18.14223665972417,0</coordinates></LinearRing></outerBoundaryIs>
        </Polygon>
      </MultiGeometry>
    </Placemark>
    <Placemark id="ID_00225">
      <name>Gat 203</name>
      <Snippet></Snippet>
      <description><![CDATA[<html xmlns:fo="http://www.w3.org/1999/XSL/Format" xmlns:msxsl="urn:schemas-microsoft-com:xslt">
<head>
<META http-equiv="Content-Type" content="text/html">
<meta http-equiv="content-type" content="text/html; charset=UTF-8">
</head>
<body style="margin:0px 0px 0px 0px;overflow:auto;background:#FFFFFF;">
<table style="font-family:Arial,Verdana,Times;font-size:12px;text-align:left;width:100%;border-collapse:collapse;padding:3px 3px 3px 3px">
<tr style="text-align:center;font-weight:bold;background:#9CBCE2">
<td>Gat 203</td>
</tr>
<tr>
<td>
<table style="font-family:Arial,Verdana,Times;font-size:12px;text-align:left;width:100%;border-spacing:0px; padding:3px 3px 3px 3px">
<tr>
<td>SHAPE</td>
<td>Polygon</td>
</tr>
<tr bgcolor="#D4E4F3">
<td>SHAPE_Length</td>
<td>696.760212</td>
</tr>
<tr>
<td>SHAPE_Area</td>
<td>2986.587794</td>
</tr>
<tr bgcolor="#D4E4F3">
<td>Gat_name</td>
<td>Gat 203</td>
</tr>
</table>
</td>
</tr>
</table>
</body>
</html>
]]></description>
      <styleUrl>#PolyStyle00</styleUrl>
      <MultiGeometry>
        <Polygon>
          <extrude>0</extrude><altitudeMode>clampToGround</altitudeMode>
          <outerBoundaryIs><LinearRing><coordinates> 74.51308521637283,18.14223118680617,0 74.51306680546027,18.14199831059333,0 74.51306426986484,18.14196045744312,0 74.51305405937802,18.14180803780822,0 74.51304504091547,18.14167340573627,0 74.51303603882228,18.1415390114095,0 74.51302937438875,18.14143952507302,0 74.51300849605403,18.14112782821489,0 74.51300426101027,18.14106460673998,0 74.51299431023401,18.14091606786492,0 74.51298401197998,18.14075338416145,0 74.51297553814301,18.14059347348546,0 74.51296472398697,18.14040441216504,0 74.51295496575685,18.14024234351586,0 74.51294101667897,18.14001066887817,0 74.51293455458625,18.13990334687967,0 74.51292621169617,18.13976479660281,0 74.51292582668108,18.13975840287851,0 74.5129118270643,18.13952588302508,0 74.51289813813437,18.13920368468274,0 74.51289812673365,18.13920131482618,0 74.5129493690855,18.13918479785378,0 74.51296378415859,18.13918015161346,0 74.51298824170907,18.13916178541848,0 74.51300807737094,18.13953966495398,0 74.51301474224205,18.13966663841831,0 74.51304078217963,18.14016272945649,0 74.5130545107224,18.14042426769278,0 74.5130766427616,18.14084589808492,0 74.51307906647718,18.14089206523586,0 74.51308939165949,18.1410887743716,0 74.51309362057165,18.14119316231452,0 74.51309494255598,18.14122581359976,0 74.51310830268689,18.14155561310596,0 74.51310924534067,18.14157195844084,0 74.51311322875016,18.1416410649781,0 74.51312851572897,18.14190624139372,0 74.51313278328685,18.14198027991229,0 74.51313951076966,18.14209697611757,0 74.5131406942694,18.14211750134389,0 74.51314668836137,18.14222148792404,0 74.51314817224808,18.14224722264881,0 74.51308677319807,18.14224935128433,0 74.51308521637283,18.14223118680617,0</coordinates></LinearRing></outerBoundaryIs>
        </Polygon>
      </MultiGeometry>
    </Placemark>
    <Placemark id="ID_00226">
      <name>Gat 21</name>
      <Snippet></Snippet>
      <description><![CDATA[<html xmlns:fo="http://www.w3.org/1999/XSL/Format" xmlns:msxsl="urn:schemas-microsoft-com:xslt">
<head>
<META http-equiv="Content-Type" content="text/html">
<meta http-equiv="content-type" content="text/html; charset=UTF-8">
</head>
<body style="margin:0px 0px 0px 0px;overflow:auto;background:#FFFFFF;">
<table style="font-family:Arial,Verdana,Times;font-size:12px;text-align:left;width:100%;border-collapse:collapse;padding:3px 3px 3px 3px">
<tr style="text-align:center;font-weight:bold;background:#9CBCE2">
<td>Gat 21</td>
</tr>
<tr>
<td>
<table style="font-family:Arial,Verdana,Times;font-size:12px;text-align:left;width:100%;border-spacing:0px; padding:3px 3px 3px 3px">
<tr>
<td>SHAPE</td>
<td>Polygon</td>
</tr>
<tr bgcolor="#D4E4F3">
<td>SHAPE_Length</td>
<td>374.460305</td>
</tr>
<tr>
<td>SHAPE_Area</td>
<td>7489.974362</td>
</tr>
<tr bgcolor="#D4E4F3">
<td>Gat_name</td>
<td>Gat 21</td>
</tr>
</table>
</td>
</tr>
</table>
</body>
</html>
]]></description>
      <styleUrl>#PolyStyle00</styleUrl>
      <MultiGeometry>
        <Polygon>
          <extrude>0</extrude><altitudeMode>clampToGround</altitudeMode>
          <outerBoundaryIs><LinearRing><coordinates> 74.50543021193518,18.14867854137597,0 74.50548592551829,18.14901068578946,0 74.50551416277857,18.14921966704484,0 74.50517530848407,18.1495693877364,0 74.50481651073662,18.14996642941424,0 74.50469931217762,18.1491437576262,0 74.50466737693516,18.14890310584292,0 74.50543021193518,18.14867854137597,0</coordinates></LinearRing></outerBoundaryIs>
        </Polygon>
      </MultiGeometry>
    </Placemark>
    <Placemark id="ID_00227">
      <name>Gat 190</name>
      <Snippet></Snippet>
      <description><![CDATA[<html xmlns:fo="http://www.w3.org/1999/XSL/Format" xmlns:msxsl="urn:schemas-microsoft-com:xslt">
<head>
<META http-equiv="Content-Type" content="text/html">
<meta http-equiv="content-type" content="text/html; charset=UTF-8">
</head>
<body style="margin:0px 0px 0px 0px;overflow:auto;background:#FFFFFF;">
<table style="font-family:Arial,Verdana,Times;font-size:12px;text-align:left;width:100%;border-collapse:collapse;padding:3px 3px 3px 3px">
<tr style="text-align:center;font-weight:bold;background:#9CBCE2">
<td>Gat 190</td>
</tr>
<tr>
<td>
<table style="font-family:Arial,Verdana,Times;font-size:12px;text-align:left;width:100%;border-spacing:0px; padding:3px 3px 3px 3px">
<tr>
<td>SHAPE</td>
<td>Polygon</td>
</tr>
<tr bgcolor="#D4E4F3">
<td>SHAPE_Length</td>
<td>754.878715</td>
</tr>
<tr>
<td>SHAPE_Area</td>
<td>5119.851699</td>
</tr>
<tr bgcolor="#D4E4F3">
<td>Gat_name</td>
<td>Gat 190</td>
</tr>
</table>
</td>
</tr>
</table>
</body>
</html>
]]></description>
      <styleUrl>#PolyStyle00</styleUrl>
      <MultiGeometry>
        <Polygon>
          <extrude>0</extrude><altitudeMode>clampToGround</altitudeMode>
          <outerBoundaryIs><LinearRing><coordinates> 74.51379127743812,18.14231017198086,0 74.51377070010695,18.14206589040866,0 74.51374525148047,18.14176378791966,0 74.51373493858597,18.14164307691531,0 74.51371135780849,18.14136706259698,0 74.51369870253291,18.14121893629124,0 74.51367155470946,18.14089893194777,0 74.51364172270078,18.14054728153223,0 74.51360020801609,18.14005790844481,0 74.51358327115005,18.13985825691664,0 74.51354729548341,18.13943419006938,0 74.51354622669493,18.13942071405646,0 74.51352622009573,18.13916852537753,0 74.51351781040378,18.13906252256314,0 74.51362600700064,18.13905329407617,0 74.51366265290483,18.1390468203838,0 74.5136761607969,18.13904443407017,0 74.51367974474418,18.13910490898738,0 74.51370525848361,18.13954236305804,0 74.51371523551688,18.1397134117438,0 74.51373178864844,18.13999723095073,0 74.51375826297192,18.14045113520342,0 74.51376406701394,18.14048239688404,0 74.51378087292876,18.14073499499585,0 74.51384384573562,18.14144160489278,0 74.513848753076,18.14149667194064,0 74.5139194393284,18.14222421032394,0 74.51392440522314,18.14227144316545,0 74.51392899621804,18.14231510856923,0 74.51379127743812,18.14231017198086,0</coordinates></LinearRing></outerBoundaryIs>
        </Polygon>
      </MultiGeometry>
    </Placemark>
    <Placemark id="ID_00228">
      <name>Gat 188</name>
      <Snippet></Snippet>
      <description><![CDATA[<html xmlns:fo="http://www.w3.org/1999/XSL/Format" xmlns:msxsl="urn:schemas-microsoft-com:xslt">
<head>
<META http-equiv="Content-Type" content="text/html">
<meta http-equiv="content-type" content="text/html; charset=UTF-8">
</head>
<body style="margin:0px 0px 0px 0px;overflow:auto;background:#FFFFFF;">
<table style="font-family:Arial,Verdana,Times;font-size:12px;text-align:left;width:100%;border-collapse:collapse;padding:3px 3px 3px 3px">
<tr style="text-align:center;font-weight:bold;background:#9CBCE2">
<td>Gat 188</td>
</tr>
<tr>
<td>
<table style="font-family:Arial,Verdana,Times;font-size:12px;text-align:left;width:100%;border-spacing:0px; padding:3px 3px 3px 3px">
<tr>
<td>SHAPE</td>
<td>Polygon</td>
</tr>
<tr bgcolor="#D4E4F3">
<td>SHAPE_Length</td>
<td>753.371714</td>
</tr>
<tr>
<td>SHAPE_Area</td>
<td>5116.129536</td>
</tr>
<tr bgcolor="#D4E4F3">
<td>Gat_name</td>
<td>Gat 188</td>
</tr>
</table>
</td>
</tr>
</table>
</body>
</html>
]]></description>
      <styleUrl>#PolyStyle00</styleUrl>
      <MultiGeometry>
        <Polygon>
          <extrude>0</extrude><altitudeMode>clampToGround</altitudeMode>
          <outerBoundaryIs><LinearRing><coordinates> 74.51392899621804,18.14231510856923,0 74.51388104701039,18.14185903522297,0 74.51385332117417,18.141547926704,0 74.51382872851131,18.14127197943228,0 74.51378933144505,18.1408299070797,0 74.5137748561548,18.14064456301009,0 74.51376406701394,18.14048239688404,0 74.51375826297192,18.14045113520342,0 74.5137513699915,18.14033295720628,0 74.51373907871667,18.14012222659933,0 74.51373178864844,18.13999723095073,0 74.51371523551688,18.1397134117438,0 74.51370158321497,18.1394793526852,0 74.51368965671011,18.13927485936992,0 74.51368378280179,18.1391741512457,0 74.51368169696956,18.13913838977316,0 74.51367936828041,18.13909848997813,0 74.5136761607969,18.13904443407017,0 74.51374928424471,18.13903151606002,0 74.513751840388,18.13903119081358,0 74.51375433222636,18.13903087353908,0 74.51377273494171,18.13902853302498,0 74.51377316923012,18.13903250100802,0 74.51379639434872,18.13929212723948,0 74.51383246873117,18.13969539007534,0 74.51384729321414,18.13986110487618,0 74.51386925946403,18.14010665264319,0 74.51388362184579,18.140267194585,0 74.51389993198268,18.14044951728512,0 74.51391522056736,18.14062042661782,0 74.51393448725554,18.14083579607794,0 74.51394324577412,18.1409337005723,0 74.51395895260963,18.141109279204,0 74.51397177633402,18.14125262830849,0 74.51399313214149,18.14149134790659,0 74.5140051094851,18.141625238153,0 74.51402412234837,18.14183776622571,0 74.51402827102811,18.14188413565866,0 74.51405236980793,18.14215352169211,0 74.51406114859988,18.14225165669697,0 74.51406721664247,18.14231948685854,0 74.51392899621804,18.14231510856923,0</coordinates></LinearRing></outerBoundaryIs>
        </Polygon>
      </MultiGeometry>
    </Placemark>
    <Placemark id="ID_00229">
      <name>Gat 184</name>
      <Snippet></Snippet>
      <description><![CDATA[<html xmlns:fo="http://www.w3.org/1999/XSL/Format" xmlns:msxsl="urn:schemas-microsoft-com:xslt">
<head>
<META http-equiv="Content-Type" content="text/html">
<meta http-equiv="content-type" content="text/html; charset=UTF-8">
</head>
<body style="margin:0px 0px 0px 0px;overflow:auto;background:#FFFFFF;">
<table style="font-family:Arial,Verdana,Times;font-size:12px;text-align:left;width:100%;border-collapse:collapse;padding:3px 3px 3px 3px">
<tr style="text-align:center;font-weight:bold;background:#9CBCE2">
<td>Gat 184</td>
</tr>
<tr>
<td>
<table style="font-family:Arial,Verdana,Times;font-size:12px;text-align:left;width:100%;border-spacing:0px; padding:3px 3px 3px 3px">
<tr>
<td>SHAPE</td>
<td>Polygon</td>
</tr>
<tr bgcolor="#D4E4F3">
<td>SHAPE_Length</td>
<td>778.772245</td>
</tr>
<tr>
<td>SHAPE_Area</td>
<td>7370.652684</td>
</tr>
<tr bgcolor="#D4E4F3">
<td>Gat_name</td>
<td>Gat 184</td>
</tr>
</table>
</td>
</tr>
</table>
</body>
</html>
]]></description>
      <styleUrl>#PolyStyle00</styleUrl>
      <MultiGeometry>
        <Polygon>
          <extrude>0</extrude><altitudeMode>clampToGround</altitudeMode>
          <outerBoundaryIs><LinearRing><coordinates> 74.51406721664247,18.14231948685854,0 74.51405236980793,18.14215352169211,0 74.51402827102811,18.14188413565866,0 74.51402412234837,18.14183776622571,0 74.5140051094851,18.141625238153,0 74.51399736422431,18.14153866204859,0 74.51397037053131,18.14123691267548,0 74.51395895260963,18.141109279204,0 74.51394324577412,18.1409337005723,0 74.51393574633802,18.14084986818841,0 74.51390717277508,18.14053046401232,0 74.51389993198268,18.14044951728512,0 74.51388362184579,18.140267194585,0 74.51386925946403,18.14010665264319,0 74.51386522915583,18.14006160398659,0 74.51384816528834,18.1398708566336,0 74.51384729321414,18.13986110487618,0 74.51383246873117,18.13969539007534,0 74.51381491250295,18.13949913265963,0 74.51380013484804,18.13933393766881,0 74.51379639434872,18.13929212723948,0 74.51379129393356,18.13923511104601,0 74.51378317105794,18.13914430677486,0 74.51377316923012,18.13903250100802,0 74.51377273494171,18.13902853302498,0 74.51382925189354,18.13902134395492,0 74.51383775830297,18.13901987684055,0 74.51387445012003,18.13901354602776,0 74.51394468143479,18.13900142956167,0 74.51394536312752,18.13901336899812,0 74.51397061806998,18.13927404696885,0 74.51399801926173,18.13955687495498,0 74.51402545088466,18.13984000759653,0 74.51405135217357,18.14010736010764,0 74.51408181158205,18.14042174920022,0 74.51411210380083,18.14073441155337,0 74.51413961738126,18.14101468285085,0 74.51417017414816,18.14128261829011,0 74.51420464541803,18.14158488813789,0 74.51424139120085,18.14194300378898,0 74.51427169351886,18.14226142527357,0 74.51428006840015,18.14234942286102,0 74.51406721664247,18.14231948685854,0</coordinates></LinearRing></outerBoundaryIs>
        </Polygon>
      </MultiGeometry>
    </Placemark>
    <Placemark id="ID_00230">
      <name>Gat 183</name>
      <Snippet></Snippet>
      <description><![CDATA[<html xmlns:fo="http://www.w3.org/1999/XSL/Format" xmlns:msxsl="urn:schemas-microsoft-com:xslt">
<head>
<META http-equiv="Content-Type" content="text/html">
<meta http-equiv="content-type" content="text/html; charset=UTF-8">
</head>
<body style="margin:0px 0px 0px 0px;overflow:auto;background:#FFFFFF;">
<table style="font-family:Arial,Verdana,Times;font-size:12px;text-align:left;width:100%;border-collapse:collapse;padding:3px 3px 3px 3px">
<tr style="text-align:center;font-weight:bold;background:#9CBCE2">
<td>Gat 183</td>
</tr>
<tr>
<td>
<table style="font-family:Arial,Verdana,Times;font-size:12px;text-align:left;width:100%;border-spacing:0px; padding:3px 3px 3px 3px">
<tr>
<td>SHAPE</td>
<td>Polygon</td>
</tr>
<tr bgcolor="#D4E4F3">
<td>SHAPE_Length</td>
<td>767.936092</td>
</tr>
<tr>
<td>SHAPE_Area</td>
<td>3972.081705</td>
</tr>
<tr bgcolor="#D4E4F3">
<td>Gat_name</td>
<td>Gat 183</td>
</tr>
</table>
</td>
</tr>
</table>
</body>
</html>
]]></description>
      <styleUrl>#PolyStyle00</styleUrl>
      <MultiGeometry>
        <Polygon>
          <extrude>0</extrude><altitudeMode>clampToGround</altitudeMode>
          <outerBoundaryIs><LinearRing><coordinates> 74.51428006840015,18.14234942286102,0 74.51426333243572,18.14217356871655,0 74.51424139120085,18.14194300378898,0 74.51423651488138,18.14189548466624,0 74.51422522216569,18.14178542097187,0 74.51420464541803,18.14158488813789,0 74.5142031861473,18.14157209443587,0 74.51418303706951,18.14139540646688,0 74.51417017414816,18.14128261829011,0 74.51415092040769,18.14111379132715,0 74.51413179719603,18.14093502352477,0 74.51411210380083,18.14073441155337,0 74.51410823511758,18.14069448166902,0 74.51409432938034,18.14055095539418,0 74.51408181158205,18.14042174920022,0 74.51406418704754,18.14023983533664,0 74.51404994220212,18.1400928113003,0 74.51402545088466,18.13984000759653,0 74.51402238740594,18.13980838588789,0 74.51401023182775,18.13968292152589,0 74.51399801926173,18.13955687495498,0 74.51397878179759,18.13935831216556,0 74.5139711134926,18.13927915663623,0 74.51397061806998,18.13927404696885,0 74.51395476122953,18.13911037401048,0 74.51394716279098,18.13903194171472,0 74.51394536312752,18.13901336899812,0 74.51394468143479,18.13900142956167,0 74.51399468141233,18.13899280317412,0 74.51404816561359,18.13898530540842,0 74.51405153326048,18.13898483307563,0 74.51405270567035,18.13899605882547,0 74.51406491661523,18.13911995790889,0 74.51408153103927,18.13932016174655,0 74.51410486537146,18.13958252048083,0 74.51412756313755,18.13982620006597,0 74.51415051370766,18.14006188143488,0 74.5141717213958,18.14027965996106,0 74.5141881534603,18.14044840479553,0 74.514203935643,18.14061046781944,0 74.51421824239962,18.14075738172981,0 74.51423973058408,18.14097805047111,0 74.51426080424464,18.14119445210875,0 74.51428291306352,18.1414214844238,0 74.51430112047984,18.14160845029408,0 74.51431784969739,18.14178024173762,0 74.51434165381605,18.14202468235511,0 74.51436070157024,18.14222027823838,0 74.51436530998538,18.14226760326288,0 74.51436787483445,18.14229393452211,0 74.51437380612094,18.14235484284457,0 74.51428006840015,18.14234942286102,0</coordinates></LinearRing></outerBoundaryIs>
        </Polygon>
      </MultiGeometry>
    </Placemark>
    <Placemark id="ID_00231">
      <name>Gat 192</name>
      <Snippet></Snippet>
      <description><![CDATA[<html xmlns:fo="http://www.w3.org/1999/XSL/Format" xmlns:msxsl="urn:schemas-microsoft-com:xslt">
<head>
<META http-equiv="Content-Type" content="text/html">
<meta http-equiv="content-type" content="text/html; charset=UTF-8">
</head>
<body style="margin:0px 0px 0px 0px;overflow:auto;background:#FFFFFF;">
<table style="font-family:Arial,Verdana,Times;font-size:12px;text-align:left;width:100%;border-collapse:collapse;padding:3px 3px 3px 3px">
<tr style="text-align:center;font-weight:bold;background:#9CBCE2">
<td>Gat 192</td>
</tr>
<tr>
<td>
<table style="font-family:Arial,Verdana,Times;font-size:12px;text-align:left;width:100%;border-spacing:0px; padding:3px 3px 3px 3px">
<tr>
<td>SHAPE</td>
<td>Polygon</td>
</tr>
<tr bgcolor="#D4E4F3">
<td>SHAPE_Length</td>
<td>768.044893</td>
</tr>
<tr>
<td>SHAPE_Area</td>
<td>3264.87258</td>
</tr>
<tr bgcolor="#D4E4F3">
<td>Gat_name</td>
<td>Gat 192</td>
</tr>
</table>
</td>
</tr>
</table>
</body>
</html>
]]></description>
      <styleUrl>#PolyStyle00</styleUrl>
      <MultiGeometry>
        <Polygon>
          <extrude>0</extrude><altitudeMode>clampToGround</altitudeMode>
          <outerBoundaryIs><LinearRing><coordinates> 74.51437380612094,18.14235484284457,0 74.51415618564135,18.14012012283792,0 74.51413346210384,18.13988677843026,0 74.51411760519527,18.13971929496686,0 74.51410065510066,18.13953518288767,0 74.51407940666321,18.13929456187948,0 74.51406529904315,18.13912456476443,0 74.51405153326048,18.13898483307563,0 74.51411219250097,18.13897632937249,0 74.51414102507097,18.13897228794143,0 74.5141419792787,18.13899064341242,0 74.51414966492075,18.13908990636828,0 74.51417491673216,18.13938880705013,0 74.51419850815445,18.13966184782178,0 74.51421985134417,18.13993053641817,0 74.51424622851225,18.1402625795392,0 74.51428022206574,18.14059919804723,0 74.51430484096022,18.14083779662181,0 74.51433351565136,18.14111570551695,0 74.51435695248114,18.14134284331035,0 74.51438600943034,18.14162444979299,0 74.51441526625727,18.14190799276111,0 74.51443779081106,18.14212629605735,0 74.5144520853782,18.14226197446307,0 74.51446204619349,18.14234431629769,0 74.51437380612094,18.14235484284457,0</coordinates></LinearRing></outerBoundaryIs>
        </Polygon>
      </MultiGeometry>
    </Placemark>
    <Placemark id="ID_00232">
      <name>Gat 191</name>
      <Snippet></Snippet>
      <description><![CDATA[<html xmlns:fo="http://www.w3.org/1999/XSL/Format" xmlns:msxsl="urn:schemas-microsoft-com:xslt">
<head>
<META http-equiv="Content-Type" content="text/html">
<meta http-equiv="content-type" content="text/html; charset=UTF-8">
</head>
<body style="margin:0px 0px 0px 0px;overflow:auto;background:#FFFFFF;">
<table style="font-family:Arial,Verdana,Times;font-size:12px;text-align:left;width:100%;border-collapse:collapse;padding:3px 3px 3px 3px">
<tr style="text-align:center;font-weight:bold;background:#9CBCE2">
<td>Gat 191</td>
</tr>
<tr>
<td>
<table style="font-family:Arial,Verdana,Times;font-size:12px;text-align:left;width:100%;border-spacing:0px; padding:3px 3px 3px 3px">
<tr>
<td>SHAPE</td>
<td>Polygon</td>
</tr>
<tr bgcolor="#D4E4F3">
<td>SHAPE_Length</td>
<td>769.486477</td>
</tr>
<tr>
<td>SHAPE_Area</td>
<td>4035.02036</td>
</tr>
<tr bgcolor="#D4E4F3">
<td>Gat_name</td>
<td>Gat 191</td>
</tr>
</table>
</td>
</tr>
</table>
</body>
</html>
]]></description>
      <styleUrl>#PolyStyle00</styleUrl>
      <MultiGeometry>
        <Polygon>
          <extrude>0</extrude><altitudeMode>clampToGround</altitudeMode>
          <outerBoundaryIs><LinearRing><coordinates> 74.51446204619349,18.14234431629769,0 74.51441118930546,18.14186847902324,0 74.51438600943034,18.14162444979299,0 74.51435695248114,18.14134284331035,0 74.51434967789655,18.14127234201528,0 74.51431725951925,18.14095815862721,0 74.51430484096022,18.14083779662181,0 74.51428022206574,18.14059919804723,0 74.51425293666458,18.14032900768493,0 74.51422577232707,18.1400050662706,0 74.51421985134417,18.13993053641817,0 74.51419850815445,18.13966184782178,0 74.51418615501512,18.13951887407855,0 74.51416220705977,18.13923836409972,0 74.51414966492075,18.13908990636828,0 74.5141419792787,18.13899064341242,0 74.51414102507097,18.13897228794143,0 74.51424542681154,18.13895765188503,0 74.51425966494527,18.13895578526445,0 74.5142771971507,18.13917906062819,0 74.51427852956161,18.13919602697056,0 74.51428171034232,18.13923653718497,0 74.51430532381352,18.13953726124943,0 74.51430714116023,18.13956040193656,0 74.51432693097033,18.13981243364008,0 74.51433291127807,18.13988637796239,0 74.5143494413158,18.14008782883401,0 74.51435663080922,18.14017544474307,0 74.51436010345093,18.14021776876124,0 74.51438702543332,18.14051864394299,0 74.5143904208045,18.14056533504436,0 74.51440247953465,18.14073114043522,0 74.51440635034373,18.14078436738588,0 74.51442242656756,18.14100541019763,0 74.51444273886194,18.14128470704066,0 74.51446000343236,18.14150713207384,0 74.51447647122454,18.14171684099361,0 74.51449147325553,18.14190789037183,0 74.51451035938349,18.14214840771623,0 74.51452536604816,18.14233951313366,0 74.51446204619349,18.14234431629769,0</coordinates></LinearRing></outerBoundaryIs>
        </Polygon>
      </MultiGeometry>
    </Placemark>
    <Placemark id="ID_00233">
      <name>Gat 162</name>
      <Snippet></Snippet>
      <description><![CDATA[<html xmlns:fo="http://www.w3.org/1999/XSL/Format" xmlns:msxsl="urn:schemas-microsoft-com:xslt">
<head>
<META http-equiv="Content-Type" content="text/html">
<meta http-equiv="content-type" content="text/html; charset=UTF-8">
</head>
<body style="margin:0px 0px 0px 0px;overflow:auto;background:#FFFFFF;">
<table style="font-family:Arial,Verdana,Times;font-size:12px;text-align:left;width:100%;border-collapse:collapse;padding:3px 3px 3px 3px">
<tr style="text-align:center;font-weight:bold;background:#9CBCE2">
<td>Gat 162</td>
</tr>
<tr>
<td>
<table style="font-family:Arial,Verdana,Times;font-size:12px;text-align:left;width:100%;border-spacing:0px; padding:3px 3px 3px 3px">
<tr>
<td>SHAPE</td>
<td>Polygon</td>
</tr>
<tr bgcolor="#D4E4F3">
<td>SHAPE_Length</td>
<td>716.536126</td>
</tr>
<tr>
<td>SHAPE_Area</td>
<td>15061.962443</td>
</tr>
<tr bgcolor="#D4E4F3">
<td>Gat_name</td>
<td>Gat 162</td>
</tr>
</table>
</td>
</tr>
</table>
</body>
</html>
]]></description>
      <styleUrl>#PolyStyle00</styleUrl>
      <MultiGeometry>
        <Polygon>
          <extrude>0</extrude><altitudeMode>clampToGround</altitudeMode>
          <outerBoundaryIs><LinearRing><coordinates> 74.51771143236063,18.138465188243,0 74.51774532397705,18.13849779097266,0 74.51797189954019,18.13917732631125,0 74.51799555964243,18.13950267217415,0 74.51803329729204,18.13994313640183,0 74.5180402240877,18.14063426978839,0 74.51803672493013,18.14078109099139,0 74.51796641841342,18.14093607182536,0 74.51795026696179,18.14101653324424,0 74.51728277118131,18.14108235613136,0 74.51722058926593,18.14077428695575,0 74.5172439491688,18.14072143022293,0 74.5172733561655,18.14065488938073,0 74.51723684055665,18.14061724387509,0 74.51723924731381,18.14045776369942,0 74.51720333970736,18.14041457022832,0 74.51719965143917,18.14016601728668,0 74.5172800029998,18.14015180100631,0 74.51727491374862,18.13973609026871,0 74.5173151123696,18.13967547845026,0 74.51771595934432,18.13967514195918,0 74.51771443892538,18.13962317906193,0 74.51771164103174,18.13952753381563,0 74.51771002733055,18.13947235577853,0 74.51767264087677,18.13944931488712,0 74.51769331858297,18.13927263186471,0 74.51776676203015,18.13928121060306,0 74.51771143236063,18.138465188243,0</coordinates></LinearRing></outerBoundaryIs>
        </Polygon>
      </MultiGeometry>
    </Placemark>
    <Placemark id="ID_00234">
      <name>Gat 217</name>
      <Snippet></Snippet>
      <description><![CDATA[<html xmlns:fo="http://www.w3.org/1999/XSL/Format" xmlns:msxsl="urn:schemas-microsoft-com:xslt">
<head>
<META http-equiv="Content-Type" content="text/html">
<meta http-equiv="content-type" content="text/html; charset=UTF-8">
</head>
<body style="margin:0px 0px 0px 0px;overflow:auto;background:#FFFFFF;">
<table style="font-family:Arial,Verdana,Times;font-size:12px;text-align:left;width:100%;border-collapse:collapse;padding:3px 3px 3px 3px">
<tr style="text-align:center;font-weight:bold;background:#9CBCE2">
<td>Gat 217</td>
</tr>
<tr>
<td>
<table style="font-family:Arial,Verdana,Times;font-size:12px;text-align:left;width:100%;border-spacing:0px; padding:3px 3px 3px 3px">
<tr>
<td>SHAPE</td>
<td>Polygon</td>
</tr>
<tr bgcolor="#D4E4F3">
<td>SHAPE_Length</td>
<td>1376.693057</td>
</tr>
<tr>
<td>SHAPE_Area</td>
<td>30281.698773</td>
</tr>
<tr bgcolor="#D4E4F3">
<td>Gat_name</td>
<td>Gat 217</td>
</tr>
</table>
</td>
</tr>
</table>
</body>
</html>
]]></description>
      <styleUrl>#PolyStyle00</styleUrl>
      <MultiGeometry>
        <Polygon>
          <extrude>0</extrude><altitudeMode>clampToGround</altitudeMode>
          <outerBoundaryIs><LinearRing><coordinates> 74.51176314968609,18.14102029230927,0 74.51176251301584,18.14102011444851,0 74.51187656607134,18.14102019223908,0 74.51176314968609,18.14102029230927,0</coordinates></LinearRing></outerBoundaryIs>
        </Polygon>
        <Polygon>
          <extrude>0</extrude><altitudeMode>clampToGround</altitudeMode>
          <outerBoundaryIs><LinearRing><coordinates> 74.51062175723028,18.14101945517283,0 74.51103011268039,18.14102093862352,0 74.51176314968609,18.14102029230927,0 74.5118838176965,18.14105397207794,0 74.51187054795393,18.141530262787,0 74.51191442911478,18.14221176977106,0 74.51067339424584,18.14222966306557,0 74.51071006114614,18.14234745223971,0 74.51084546193367,18.14278242094359,0 74.51065461973326,18.14294768985464,0 74.51059026263576,18.14300342318924,0 74.51002994488724,18.14348865504237,0 74.50963123501745,18.14370486178403,0 74.50956691656106,18.14373973912661,0 74.509221546099,18.14392702027555,0 74.50897183127421,18.14415163057071,0 74.50874328844709,18.14435719587734,0 74.50809516586862,18.14403421384598,0 74.50841054506726,18.14384797707512,0 74.50903567282285,18.14361166034332,0 74.50960634916177,18.1433424193005,0 74.50982663484182,18.14325591606795,0 74.51057210521046,18.14236731728919,0 74.51063457233698,18.14220826393808,0 74.51071530954123,18.14152802262888,0 74.51074478794618,18.14152477782135,0 74.51075105942293,18.14152408787715,0 74.51095859122714,18.14150124242668,0 74.51096813366796,18.14150019202648,0 74.51093487436657,18.14125059062157,0 74.51093046530328,18.14120398728824,0 74.51092868293826,18.14120412556336,0 74.5106758413439,18.1412237728566,0 74.51065798156452,18.14114875615062,0 74.51062175723028,18.14101945517283,0</coordinates></LinearRing></outerBoundaryIs>
        </Polygon>
      </MultiGeometry>
    </Placemark>
    <Placemark id="ID_00235">
      <name>Gat 218</name>
      <Snippet></Snippet>
      <description><![CDATA[<html xmlns:fo="http://www.w3.org/1999/XSL/Format" xmlns:msxsl="urn:schemas-microsoft-com:xslt">
<head>
<META http-equiv="Content-Type" content="text/html">
<meta http-equiv="content-type" content="text/html; charset=UTF-8">
</head>
<body style="margin:0px 0px 0px 0px;overflow:auto;background:#FFFFFF;">
<table style="font-family:Arial,Verdana,Times;font-size:12px;text-align:left;width:100%;border-collapse:collapse;padding:3px 3px 3px 3px">
<tr style="text-align:center;font-weight:bold;background:#9CBCE2">
<td>Gat 218</td>
</tr>
<tr>
<td>
<table style="font-family:Arial,Verdana,Times;font-size:12px;text-align:left;width:100%;border-spacing:0px; padding:3px 3px 3px 3px">
<tr>
<td>SHAPE</td>
<td>Polygon</td>
</tr>
<tr bgcolor="#D4E4F3">
<td>SHAPE_Length</td>
<td>708.44824</td>
</tr>
<tr>
<td>SHAPE_Area</td>
<td>5260.562441</td>
</tr>
<tr bgcolor="#D4E4F3">
<td>Gat_name</td>
<td>Gat 218</td>
</tr>
</table>
</td>
</tr>
</table>
</body>
</html>
]]></description>
      <styleUrl>#PolyStyle00</styleUrl>
      <MultiGeometry>
        <Polygon>
          <extrude>0</extrude><altitudeMode>clampToGround</altitudeMode>
          <outerBoundaryIs><LinearRing><coordinates> 74.51808309288363,18.1349657132682,0 74.51832874569517,18.13499734911289,0 74.51829238358542,18.13514261043631,0 74.51825663777699,18.13527992233956,0 74.51818478379604,18.13556150014611,0 74.51820815794578,18.13571059582923,0 74.518208196966,18.13571084538266,0 74.51825143607459,18.1359739116291,0 74.51825025687174,18.13598717593031,0 74.51825144205715,18.13599451795778,0 74.51824222461315,18.13618154425334,0 74.51822655079245,18.13651283382503,0 74.51821928112973,18.13659402433283,0 74.51820618988975,18.13674022417049,0 74.51811060013209,18.13780775224876,0 74.51809497228504,18.13798228514365,0 74.51794756515604,18.13797217825008,0 74.51795728001325,18.13786531621928,0 74.51802489554203,18.13712161030028,0 74.51806376511526,18.13669406903609,0 74.51809315582537,18.13632276171458,0 74.51809157525292,18.13604313771119,0 74.51808942787397,18.1356629120017,0 74.51808623600795,18.13528748297571,0 74.51808454730148,18.13512881491372,0 74.51808309288363,18.1349657132682,0</coordinates></LinearRing></outerBoundaryIs>
        </Polygon>
      </MultiGeometry>
    </Placemark>
    <Placemark id="ID_00236">
      <name>Gat 154</name>
      <Snippet></Snippet>
      <description><![CDATA[<html xmlns:fo="http://www.w3.org/1999/XSL/Format" xmlns:msxsl="urn:schemas-microsoft-com:xslt">
<head>
<META http-equiv="Content-Type" content="text/html">
<meta http-equiv="content-type" content="text/html; charset=UTF-8">
</head>
<body style="margin:0px 0px 0px 0px;overflow:auto;background:#FFFFFF;">
<table style="font-family:Arial,Verdana,Times;font-size:12px;text-align:left;width:100%;border-collapse:collapse;padding:3px 3px 3px 3px">
<tr style="text-align:center;font-weight:bold;background:#9CBCE2">
<td>Gat 154</td>
</tr>
<tr>
<td>
<table style="font-family:Arial,Verdana,Times;font-size:12px;text-align:left;width:100%;border-spacing:0px; padding:3px 3px 3px 3px">
<tr>
<td>SHAPE</td>
<td>Polygon</td>
</tr>
<tr bgcolor="#D4E4F3">
<td>SHAPE_Length</td>
<td>168.370736</td>
</tr>
<tr>
<td>SHAPE_Area</td>
<td>1470.008449</td>
</tr>
<tr bgcolor="#D4E4F3">
<td>Gat_name</td>
<td>Gat 154</td>
</tr>
</table>
</td>
</tr>
</table>
</body>
</html>
]]></description>
      <styleUrl>#PolyStyle00</styleUrl>
      <MultiGeometry>
        <Polygon>
          <extrude>0</extrude><altitudeMode>clampToGround</altitudeMode>
          <outerBoundaryIs><LinearRing><coordinates> 74.51764622631043,18.14255458643783,0 74.51755289264939,18.14255755203052,0 74.51748246317406,18.14255978958036,0 74.51741138575426,18.14257973863466,0 74.51741013533045,18.14257377748723,0 74.51740299113449,18.1425397134028,0 74.51739717764855,18.14249578469762,0 74.51738818189244,18.14242780989211,0 74.51733720911938,18.14204265276282,0 74.5174707487929,18.14201161676481,0 74.51751934632871,18.14200032239108,0 74.51753379503094,18.14201068932839,0 74.51756791086032,18.14210447977696,0 74.51759990095455,18.14226778889307,0 74.51763826433576,18.14246363539514,0 74.51764622631043,18.14255458643783,0</coordinates></LinearRing></outerBoundaryIs>
        </Polygon>
      </MultiGeometry>
    </Placemark>
    <Placemark id="ID_00237">
      <name></name>
      <Snippet></Snippet>
      <description><![CDATA[<html xmlns:fo="http://www.w3.org/1999/XSL/Format" xmlns:msxsl="urn:schemas-microsoft-com:xslt">
<head>
<META http-equiv="Content-Type" content="text/html">
<meta http-equiv="content-type" content="text/html; charset=UTF-8">
</head>
<body style="margin:0px 0px 0px 0px;overflow:auto;background:#FFFFFF;">
<table style="font-family:Arial,Verdana,Times;font-size:12px;text-align:left;width:100%;border-collapse:collapse;padding:3px 3px 3px 3px">
<tr style="text-align:center;font-weight:bold;background:#9CBCE2">
<td></td>
</tr>
<tr>
<td>
<table style="font-family:Arial,Verdana,Times;font-size:12px;text-align:left;width:100%;border-spacing:0px; padding:3px 3px 3px 3px">
<tr>
<td>SHAPE</td>
<td>Polygon</td>
</tr>
<tr bgcolor="#D4E4F3">
<td>SHAPE_Length</td>
<td>409.476137</td>
</tr>
<tr>
<td>SHAPE_Area</td>
<td>9391.950171</td>
</tr>
<tr bgcolor="#D4E4F3">
<td>Gat_name</td>
<td>&lt;Null&gt;</td>
</tr>
</table>
</td>
</tr>
</table>
</body>
</html>
]]></description>
      <styleUrl>#PolyStyle00</styleUrl>
      <MultiGeometry>
        <Polygon>
          <extrude>0</extrude><altitudeMode>clampToGround</altitudeMode>
          <outerBoundaryIs><LinearRing><coordinates> 74.51848040655872,18.14397812222883,0 74.51811972255264,18.14323838074898,0 74.51834571925164,18.14324632803439,0 74.51954359901019,18.14328844618294,0 74.51938279025072,18.14392861958946,0 74.51848040655872,18.14397812222883,0</coordinates></LinearRing></outerBoundaryIs>
        </Polygon>
      </MultiGeometry>
    </Placemark>
    <Placemark id="ID_00238">
      <name></name>
      <Snippet></Snippet>
      <description><![CDATA[<html xmlns:fo="http://www.w3.org/1999/XSL/Format" xmlns:msxsl="urn:schemas-microsoft-com:xslt">
<head>
<META http-equiv="Content-Type" content="text/html">
<meta http-equiv="content-type" content="text/html; charset=UTF-8">
</head>
<body style="margin:0px 0px 0px 0px;overflow:auto;background:#FFFFFF;">
<table style="font-family:Arial,Verdana,Times;font-size:12px;text-align:left;width:100%;border-collapse:collapse;padding:3px 3px 3px 3px">
<tr style="text-align:center;font-weight:bold;background:#9CBCE2">
<td></td>
</tr>
<tr>
<td>
<table style="font-family:Arial,Verdana,Times;font-size:12px;text-align:left;width:100%;border-spacing:0px; padding:3px 3px 3px 3px">
<tr>
<td>SHAPE</td>
<td>Polygon</td>
</tr>
<tr bgcolor="#D4E4F3">
<td>SHAPE_Length</td>
<td>2594.692274</td>
</tr>
<tr>
<td>SHAPE_Area</td>
<td>29180.279316</td>
</tr>
<tr bgcolor="#D4E4F3">
<td>Gat_name</td>
<td>&lt;Null&gt;</td>
</tr>
</table>
</td>
</tr>
</table>
</body>
</html>
]]></description>
      <styleUrl>#PolyStyle00</styleUrl>
      <MultiGeometry>
        <Polygon>
          <extrude>0</extrude><altitudeMode>clampToGround</altitudeMode>
          <outerBoundaryIs><LinearRing><coordinates> 74.51877852404238,18.15477036999831,0 74.51899158766544,18.15448442156642,0 74.51920967028229,18.15430166141914,0 74.51933657847825,18.15426817558745,0 74.5194806866716,18.15421703577092,0 74.51965044711693,18.15415679242226,0 74.51980839795041,18.15398900959632,0 74.52009302131434,18.15360087682514,0 74.52024260761438,18.15320322760813,0 74.52021265333434,18.15286296440708,0 74.52018106780784,18.15250418319223,0 74.52002982462538,18.15176458539199,0 74.51981386760529,18.15129549593076,0 74.51975291403875,18.15111434215872,0 74.51975428738378,18.15106254110202,0 74.51979699645699,18.15094291452148,0 74.51985812854565,18.1507716821689,0 74.51990170123115,18.15064352290259,0 74.51992514075307,18.1505520249133,0 74.51995657178402,18.15042933148551,0 74.51997364038623,18.15036270258114,0 74.52001631067002,18.15008261089142,0 74.52004208738549,18.14991341242332,0 74.5198766743554,18.14927977500593,0 74.51956392077096,18.14863852812546,0 74.51935198662873,18.14820398959953,0 74.51925237110633,18.14787343722177,0 74.51896368179675,18.14736849559442,0 74.518952265832,18.14735899316687,0 74.51888836947015,18.14724802454413,0 74.51874053187046,18.14699127511319,0 74.51864844526399,18.14683134713867,0 74.51863311884053,18.14680472913033,0 74.51861249922909,18.1467715550938,0 74.51859961856192,18.14675182582416,0 74.51858815380683,18.14673426656319,0 74.51854044019372,18.14666118776747,0 74.51844429383348,18.14651392838738,0 74.51843766731895,18.14647573697347,0 74.51838720809677,18.14618494708958,0 74.51836205811665,18.14604001103093,0 74.51838819178305,18.14584884436792,0 74.51842777227644,18.1455796778575,0 74.5184873180748,18.14520651210928,0 74.51854563722124,18.14493255607307,0 74.51887011356747,18.14504581694827,0 74.51878174215101,18.1450780179709,0 74.51863599886846,18.14546262936736,0 74.51860181574627,18.1455622438292,0 74.51849315455873,18.1458986321058,0 74.51852383674591,18.1460899228796,0 74.51867541322024,18.14651351696996,0 74.51868396525822,18.14652278719723,0 74.51867083491391,18.14657978386403,0 74.51888102814848,18.14686286493291,0 74.51895586097424,18.14696364587816,0 74.5191027001998,18.14716140184568,0 74.51960280279532,18.14783491388434,0 74.51964560455829,18.14789255820572,0 74.51965603494243,18.14791195772093,0 74.51965357263377,18.14798483506689,0 74.5196499583994,18.1480917936566,0 74.51963963905614,18.14839722255907,0 74.51963788953304,18.14844899467116,0 74.51973213595763,18.14871389140177,0 74.51985481226851,18.14875898660236,0 74.52007667305749,18.14903936415582,0 74.52020838772989,18.14936369560591,0 74.52019967330052,18.14978771478147,0 74.52016651967624,18.14994484509312,0 74.52014712646753,18.1500367617428,0 74.52012090039929,18.15016106163613,0 74.52008133809842,18.15059344463043,0 74.52003805083366,18.15078541644557,0 74.52001455299656,18.15088962749175,0 74.5199782870037,18.15105046017787,0 74.51998101333214,18.15122749358509,0 74.52020355825334,18.15149774263666,0 74.52027337021917,18.15157968570743,0 74.52031154709265,18.15171673014087,0 74.52031829364553,18.15202439240923,0 74.52032291883233,18.15223533116836,0 74.52033079281011,18.15259444912517,0 74.52043042344464,18.1536468435348,0 74.52006511690787,18.1540256188817,0 74.51999828518041,18.15409630738725,0 74.51993748980595,18.15416737517451,0 74.51966056862602,18.15449108426741,0 74.51956695990312,18.15453218776164,0 74.51917785054529,18.15474020933129,0 74.51899522413092,18.15500912469982,0 74.51898282973538,18.15503845622214,0 74.51889987237176,18.15523476530121,0 74.51891685374879,18.15530155876473,0 74.51890374647824,18.15527423412249,0 74.51889281920774,18.15525145574211,0 74.51881742404372,18.15496942962918,0 74.51877852404238,18.15477036999831,0</coordinates></LinearRing></outerBoundaryIs>
        </Polygon>
      </MultiGeometry>
    </Placemark>
    <Placemark id="ID_00239">
      <name></name>
      <Snippet></Snippet>
      <description><![CDATA[<html xmlns:fo="http://www.w3.org/1999/XSL/Format" xmlns:msxsl="urn:schemas-microsoft-com:xslt">
<head>
<META http-equiv="Content-Type" content="text/html">
<meta http-equiv="content-type" content="text/html; charset=UTF-8">
</head>
<body style="margin:0px 0px 0px 0px;overflow:auto;background:#FFFFFF;">
<table style="font-family:Arial,Verdana,Times;font-size:12px;text-align:left;width:100%;border-collapse:collapse;padding:3px 3px 3px 3px">
<tr style="text-align:center;font-weight:bold;background:#9CBCE2">
<td></td>
</tr>
<tr>
<td>
<table style="font-family:Arial,Verdana,Times;font-size:12px;text-align:left;width:100%;border-spacing:0px; padding:3px 3px 3px 3px">
<tr>
<td>SHAPE</td>
<td>Polygon</td>
</tr>
<tr bgcolor="#D4E4F3">
<td>SHAPE_Length</td>
<td>16325.66402</td>
</tr>
<tr>
<td>SHAPE_Area</td>
<td>493347.765369</td>
</tr>
<tr bgcolor="#D4E4F3">
<td>Gat_name</td>
<td>&lt;Null&gt;</td>
</tr>
</table>
</td>
</tr>
</table>
</body>
</html>
]]></description>
      <styleUrl>#PolyStyle00</styleUrl>
      <MultiGeometry>
        <Polygon>
          <extrude>0</extrude><altitudeMode>clampToGround</altitudeMode>
          <outerBoundaryIs><LinearRing><coordinates> 74.50690843467673,18.14365126815637,0 74.50661189397009,18.1439114744518,0 74.50666487400369,18.14410425840913,0 74.5067683069916,18.14428096159986,0 74.50685810747049,18.14418540364288,0 74.50712949103128,18.14397858918196,0 74.50723227565405,18.14390025953356,0 74.50738471633719,18.14378408822535,0 74.5073893127523,18.14377528680895,0 74.50746631422692,18.14375033410838,0 74.50754267833467,18.14368694736488,0 74.50753986389363,18.14367854183536,0 74.50816705666196,18.14349130450899,0 74.50823438087235,18.14347120560249,0 74.50822974792951,18.14346096609649,0 74.50813126770052,18.14324331593431,0 74.50824024933873,18.1434834963297,0 74.50854630470752,18.14333702721358,0 74.50874105938324,18.14324382235411,0 74.50885831099805,18.14318770856766,0 74.50938387102707,18.14293470588855,0 74.50978488801088,18.1424952637224,0 74.5098807575386,18.14241241033171,0 74.50994065685369,18.14238737600647,0 74.51011295975476,18.14218918130113,0 74.51022837896875,18.14203837377905,0 74.51037574912014,18.14191400658854,0 74.51039462364382,18.14188934134715,0 74.51042208481793,18.14185345528052,0 74.51040952377186,18.14159398789479,0 74.51040922117828,18.1415838263361,0 74.51040354549296,18.14156575259166,0 74.51036683020203,18.14144883452069,0 74.51031901474752,18.14129656856789,0 74.51026443487241,18.14112276172623,0 74.51021867505587,18.14103491289826,0 74.51019772846405,18.14099469998242,0 74.51008216787577,18.1407728487796,0 74.51001810928308,18.14071280285496,0 74.50998158009342,18.14067856157977,0 74.50996942063486,18.14067023171046,0 74.50994268214608,18.1405712572691,0 74.50990229028665,18.13979414684355,0 74.50991316755625,18.13931078953013,0 74.50992036455528,18.13899102131935,0 74.50993823685745,18.13819684668442,0 74.51021070396133,18.13789497232397,0 74.51146709135072,18.13775083345124,0 74.51227032121788,18.13754123341088,0 74.51296640389654,18.13708539208119,0 74.51367526425963,18.13647817891939,0 74.51433560412596,18.13611825454181,0 74.51454791912688,18.13600252923493,0 74.51465647840855,18.13594335838454,0 74.51605867267524,18.13543489215428,0 74.51714815685241,18.13484531034267,0 74.51808309288363,18.1349657132682,0 74.51808454730148,18.13512881491372,0 74.51808623600795,18.13528748297571,0 74.51808942787397,18.1356629120017,0 74.51809157525292,18.13604313771119,0 74.51809315582537,18.13632276171458,0 74.51806376511526,18.13669406903609,0 74.51802489554203,18.13712161030028,0 74.51801293512462,18.13725316012998,0 74.51795728001325,18.13786531621928,0 74.51794756515604,18.13797217825008,0 74.51809497228504,18.13798228514365,0 74.51806483020188,18.13806726504911,0 74.51806551610484,18.13821686699467,0 74.51806777883297,18.1387105807829,0 74.51815339811637,18.13911782460202,0 74.51820083824971,18.13983994768413,0 74.51821896434913,18.13996073412789,0 74.51821888274397,18.13996947662245,0 74.51820930084054,18.13996875578931,0 74.518216426789,18.14023425141523,0 74.51821603676144,18.14027622316484,0 74.51821356490778,18.14054265371648,0 74.5182406334221,18.14080141694299,0 74.51816054835774,18.14097401784366,0 74.51799841528694,18.14117185139719,0 74.51784649226475,18.14143257500922,0 74.51772416708899,18.14167353189298,0 74.5177247144705,18.14200181596353,0 74.51776543827066,18.14233741321715,0 74.51781938054921,18.142431447622,0 74.51790561417263,18.14258177356809,0 74.51801364774364,18.14277009934534,0 74.51803169779038,18.14276962846577,0 74.51807564956205,18.14300247067179,0 74.51811972255264,18.14323838074898,0 74.51841447934333,18.14384290868812,0 74.51843819955232,18.14389155856123,0 74.51848040655872,18.14397812222883,0 74.51915624058685,18.1439410479454,0 74.51938279025072,18.14392861958946,0 74.51954359901019,18.14328844618294,0 74.51962772047249,18.14303485674803,0 74.51966968953562,18.14282786540537,0 74.51963874188064,18.14277678532659,0 74.51952122040649,18.14273987259105,0 74.51952925098762,18.14273061035892,0 74.51959063649025,18.14243647822695,0 74.51964139403232,18.14219326724216,0 74.52001534422716,18.14040142351805,0 74.52007629034665,18.14013743079175,0 74.52010735373131,18.14005515892603,0 74.52013518905846,18.13998143642285,0 74.52026603911885,18.13962240622108,0 74.52037426611078,18.13932149967134,0 74.52041819615889,18.13919935862886,0 74.52042173204751,18.13918952839672,0 74.5205775084778,18.13897205026755,0 74.52071895640411,18.13877457684252,0 74.52081945998391,18.13863426414174,0 74.5208442558579,18.13859964699075,0 74.52098050203779,18.13840943439196,0 74.52099576070925,18.13834482986599,0 74.52168804112165,18.13767108001882,0 74.52266259971221,18.13693058871248,0 74.52289939732607,18.13693476572367,0 74.52301758708022,18.13693638361274,0 74.52361348985079,18.13683326755864,0 74.52505826145985,18.1371902315687,0 74.5253869082711,18.13724288105644,0 74.52558075821298,18.13728565885121,0 74.52635089408305,18.13745443863776,0 74.5267666764357,18.13755286294072,0 74.52707631712497,18.13761908802063,0 74.5280122462766,18.13781925884968,0 74.5283703169616,18.13789583914888,0 74.52856391264983,18.13804607737954,0 74.5293193535427,18.13757254680719,0 74.52915960768938,18.13695254792116,0 74.52913993381954,18.13692983364252,0 74.52963066644865,18.13699660592906,0 74.53030872616684,18.13611395940764,0 74.53053788826094,18.13581565092444,0 74.53142301718523,18.13466343521418,0 74.53153905756184,18.13452416763538,0 74.53158497824532,18.13446905554142,0 74.53181655757305,18.1341911217301,0 74.53213413019925,18.13415748140772,0 74.53226064683584,18.13398289738257,0 74.53231415774735,18.13387238267855,0 74.5323316800295,18.13382933438395,0 74.5323606003118,18.13381459813482,0 74.53251189884422,18.13388553908384,0 74.53270745198502,18.13397723073968,0 74.53306255209655,18.13366455012335,0 74.53510706817505,18.13339726209587,0 74.5361417468565,18.1335236641959,0 74.5359506483739,18.13387376311556,0 74.53526767926864,18.13369823388695,0 74.53466003192317,18.13369075396772,0 74.53411799621034,18.13372454781179,0 74.53380710008774,18.13376439429506,0 74.53344411072555,18.1339493382797,0 74.53329965325901,18.13399022799416,0 74.53296604424632,18.13408465710536,0 74.53244605994202,18.13463562430929,0 74.53222375446329,18.13485703709061,0 74.53143705131528,18.13570661926992,0 74.53157574455085,18.13574833035496,0 74.53028048544142,18.13781325879771,0 74.52985444023504,18.13772773174526,0 74.52948155814659,18.13818660708831,0 74.52947809905406,18.13821175121581,0 74.52943276847721,18.13823293455537,0 74.52927913548857,18.13830472855286,0 74.52886161004764,18.13849984190492,0 74.52826297943491,18.13849169108584,0 74.52845886521318,18.13878340733096,0 74.52738574033161,18.13850233652937,0 74.52643275995379,18.13825272837711,0 74.52638861572318,18.13810169619407,0 74.5234032745294,18.13741701275634,0 74.52330492111898,18.13752640419319,0 74.52310755209729,18.13774592188223,0 74.52239249060314,18.13846068211268,0 74.52155389585241,18.13938615674227,0 74.52115423754458,18.14029694277037,0 74.52184294954863,18.14033887063932,0 74.52115170399456,18.14030007906768,0 74.52065405175335,18.14182480805816,0 74.52035025480568,18.14275557928891,0 74.52024030524294,18.14333229709688,0 74.52016484451779,18.14369764374552,0 74.52011617076542,18.14387814272674,0 74.52001914727863,18.14438462288274,0 74.51914529967824,18.14504116499122,0 74.51887011356747,18.14504581694827,0 74.51854563722124,18.14493255607307,0 74.51751802107289,18.14472075056836,0 74.51756484394024,18.14482492978565,0 74.51770049606849,18.14494237925616,0 74.51759898492945,18.14507794973608,0 74.51704763102433,18.14477541882403,0 74.51698659525917,18.14474339859339,0 74.51688435738006,18.14468976388877,0 74.51645913563583,18.14446668770662,0 74.51614525840853,18.14414522731775,0 74.51602820314774,18.14403606009732,0 74.51556668602183,18.1435177441572,0 74.51467155204183,18.14332767141783,0 74.51463275961447,18.14333883071563,0 74.51463264208854,18.14333825468317,0 74.51458566920279,18.1431069533276,0 74.51458135273681,18.14308569805068,0 74.51393358408085,18.14321422642622,0 74.51340540501654,18.14323146255949,0 74.51205974158211,18.14327537061605,0 74.51229639183541,18.1437341794161,0 74.51235065698934,18.14383938737019,0 74.51275984367881,18.1442042599642,0 74.51274662858995,18.14434446834954,0 74.5127106360256,18.14465898567241,0 74.51261708468921,18.14476602542453,0 74.51242450281018,18.1449693552789,0 74.51234256992271,18.14505586142858,0 74.51211081170338,18.14517963018714,0 74.51149809347137,18.14562172392767,0 74.51073023312985,18.14571526565804,0 74.51032295555792,18.14576618596526,0 74.50980361725466,18.14455314719566,0 74.50936855045636,18.14459655266714,0 74.50832482918739,18.14525893380805,0 74.50818675724449,18.14521525168065,0 74.50800430460455,18.14515752807273,0 74.50780561274524,18.14509466700264,0 74.50732882183448,18.14494382075478,0 74.50709321730885,18.14486928014705,0 74.50688300192425,18.14480277242235,0 74.50682148665196,18.14478331001723,0 74.50622904461603,18.14517654729703,0 74.50573759475675,18.14548907673643,0 74.5055927234457,18.14558120543902,0 74.50557533192027,18.14561332691246,0 74.5055366728453,18.14569370488497,0 74.50557399058675,18.14561461954827,0 74.50554287399912,18.14541711661991,0 74.50553747113808,18.14541277071289,0 74.5056289065747,18.14533634517657,0 74.50580879228897,18.14518598898654,0 74.50611486421202,18.14490171889782,0 74.50558009073553,18.14479816844133,0 74.50513091434976,18.14477755634889,0 74.50409292418009,18.14521570398741,0 74.5037258100285,18.14536283537909,0 74.50330722763418,18.14551692731764,0 74.50291444687058,18.1456923076431,0 74.50244636680088,18.14585319940746,0 74.50228075298324,18.14589188132175,0 74.50204000878628,18.14596751759963,0 74.50195858653321,18.14603568195988,0 74.50183052505265,18.14611991210221,0 74.5016480093382,18.1462020154345,0 74.50162388553152,18.14621360865051,0 74.50186118491715,18.14601059911584,0 74.50236829194094,18.14572603031056,0 74.50280054145665,18.1454834671099,0 74.50357833868371,18.14515629028783,0 74.50438128661246,18.14493238889975,0 74.50514012833987,18.14458317492742,0 74.50573482344417,18.14410752984589,0 74.5065653482841,18.14370011533051,0 74.50683990507839,18.1435654299822,0 74.50690843467673,18.14365126815637,0</coordinates></LinearRing></outerBoundaryIs>
          <innerBoundaryIs><LinearRing><coordinates> 74.50874328844709,18.14435719587734,0 74.50897183127421,18.14415163057071,0 74.509221546099,18.14392702027555,0 74.50956691656106,18.14373973912661,0 74.50963123501745,18.14370486178403,0 74.51002994488724,18.14348865504237,0 74.51059026263576,18.14300342318924,0 74.51065461973326,18.14294768985464,0 74.51084546193367,18.14278242094359,0 74.51071006114614,18.14234745223971,0 74.51067339424584,18.14222966306557,0 74.51191442911478,18.14221176977106,0 74.51187936168311,18.14166714761104,0 74.51213736735308,18.1416556706588,0 74.51225903898114,18.14167636027261,0 74.5124141833892,18.14169065057841,0 74.51255771062281,18.14169599330447,0 74.51266256046071,18.14171679190257,0 74.51277414945638,18.14173359362128,0 74.51279446424549,18.14197180724195,0 74.51281548685196,18.14221832156099,0 74.51290330485423,18.14222537042566,0 74.51290722927644,18.14222561806379,0 74.51290723381548,18.14222568586209,0 74.51290814798736,18.14223763040453,0 74.51300131039865,18.14224046918045,0 74.51300101748585,18.14223665972417,0 74.51303810482622,18.14223420659053,0 74.51305898015451,18.1422328295588,0 74.51308521637283,18.14223118680617,0 74.51308677319807,18.14224935128433,0 74.51314817224808,18.14224722264881,0 74.51323161625338,18.14225286027578,0 74.51335678411917,18.142274660714,0 74.51352169305845,18.14227893605349,0 74.51363766628596,18.1422939642128,0 74.51379127743812,18.14231017198086,0 74.51392899621804,18.14231510856923,0 74.51406721664247,18.14231948685854,0 74.51428006840015,18.14234942286102,0 74.51437380612094,18.14235484284457,0 74.51446204619349,18.14234431629769,0 74.51452536604816,18.14233951313366,0 74.51454967793545,18.14264912705964,0 74.51472954515891,18.14267379864922,0 74.51477166091244,18.14267957543288,0 74.51512196540487,18.14272762349726,0 74.51514276011244,18.14273047593537,0 74.51528504677745,18.14274999181403,0 74.51528705773526,18.14275026802617,0 74.51604646278227,18.14288633292638,0 74.51624302930787,18.14295396772675,0 74.51625112510273,18.14296093396766,0 74.51631981674959,18.1430836588908,0 74.51642820014658,18.14327729727093,0 74.51680603069396,18.1439523276114,0 74.51714942586746,18.14412814101257,0 74.51719267317411,18.1441502829516,0 74.51728905001397,18.14419962589185,0 74.51831492352896,18.14419284274784,0 74.51829866514475,18.14415866730915,0 74.51829125737505,18.14414309394555,0 74.51828972619103,18.14413987520874,0 74.51803433689797,18.14360302465768,0 74.51797506476372,18.14347843040469,0 74.51791574008145,18.14335372302391,0 74.5178061229195,18.14299187788281,0 74.51768536099286,18.14275395977634,0 74.51764622631043,18.14255458643783,0 74.51763826433576,18.14246363539514,0 74.51759990095455,18.14226778889307,0 74.51756791086032,18.14210447977696,0 74.51753379503094,18.14201068932839,0 74.51751934632871,18.14200032239108,0 74.51749357255933,18.14177064563099,0 74.51755280243157,18.14154698722572,0 74.51765752777472,18.14141582726446,0 74.51775782315626,18.14129152792139,0 74.51781725651468,18.14123660949463,0 74.51788394864271,18.14117498296699,0 74.51795026696179,18.14101653324424,0 74.51796641841342,18.14093607182536,0 74.51803672493013,18.14078109099139,0 74.5180402240877,18.14063426978839,0 74.51803329729204,18.13994313640183,0 74.51799555964243,18.13950267217415,0 74.51797901277342,18.13927514070068,0 74.51797486127386,18.13921804833293,0 74.51797189954019,18.13917732631125,0 74.51774532397705,18.13849779097266,0 74.51771143236063,18.138465188243,0 74.51754638006885,18.13812586193681,0 74.51767470181994,18.13778770011005,0 74.51787888963682,18.13706613123693,0 74.51788130583412,18.13677596691802,0 74.51787706693273,18.13633915564149,0 74.5178639210628,18.13594518776153,0 74.51782341118631,18.13587655104007,0 74.51782119158101,18.13560535812041,0 74.51780746958738,18.1356066469523,0 74.51780106175433,18.13553608824034,0 74.51776743526683,18.13516577365614,0 74.51763143827753,18.13512336079566,0 74.51750861818921,18.13508505711622,0 74.5172056768758,18.13502949692732,0 74.51698853796655,18.13501743212604,0 74.51689473594472,18.13520143070366,0 74.5167521209887,18.13532943494425,0 74.51670767211088,18.13535114984318,0 74.51644434618447,18.13552225518016,0 74.51629919084517,18.13553321907973,0 74.51619259072801,18.13554127093003,0 74.51548345614364,18.13574096190043,0 74.51548346145692,18.13574143551813,0 74.51544846388272,18.13573696297975,0 74.51531900590741,18.13573948414923,0 74.51495826140838,18.13588059543064,0 74.51491647424488,18.13590126456103,0 74.51471042614004,18.13601115833355,0 74.51465811618483,18.13603470396593,0 74.5146062046917,18.13605806982342,0 74.51444467475345,18.13613762116236,0 74.51426681000203,18.13622521676539,0 74.51398668083291,18.13634850729957,0 74.51379071253866,18.13645806668803,0 74.51367224174719,18.13652960343333,0 74.5136290872067,18.13656468844256,0 74.5134405806777,18.13675704671853,0 74.51334761372148,18.13683532426663,0 74.51326997708614,18.13689683029326,0 74.51318640827147,18.13696558803623,0 74.51314218156206,18.13699587723679,0 74.51308520358977,18.13705853267395,0 74.51298545000147,18.13716099639232,0 74.51293133969673,18.13721387151841,0 74.51288790832518,18.13725561864709,0 74.51280354368519,18.1373054309406,0 74.51275466740267,18.13734777885804,0 74.51270169841199,18.13739367114436,0 74.5126486579579,18.13743327171139,0 74.51262293526179,18.13746888687137,0 74.51261003974929,18.13748674091041,0 74.51257110015425,18.13751289028562,0 74.5125447530594,18.13753058281972,0 74.51251083558712,18.1375469763634,0 74.51249796277017,18.13755458469667,0 74.51247162154894,18.13757015234375,0 74.51244956779004,18.13758318657998,0 74.51244254510601,18.13758790483399,0 74.51241039943979,18.13759976203247,0 74.51231281739373,18.13763575729934,0 74.5122595680966,18.13764662464402,0 74.51215860975474,18.13766471735899,0 74.51210705734198,18.13767727640173,0 74.51205693333648,18.13768948655961,0 74.51199306428181,18.13770304471105,0 74.51196849992569,18.13771019495558,0 74.51182478605777,18.1377692181475,0 74.51092463196828,18.13793556609724,0 74.51092468416361,18.13793617359981,0 74.51025541590722,18.13805742467344,0 74.51015166066766,18.13810275228043,0 74.51010935478969,18.13819899680261,0 74.51019651475097,18.13862166695024,0 74.51019932729902,18.13938637624231,0 74.51013284826955,18.13972015561622,0 74.51016240961573,18.13991078137076,0 74.51019075494206,18.14001257167455,0 74.51021285979176,18.14029343340962,0 74.51066252955287,18.14022088836644,0 74.51021244935791,18.14029926203036,0 74.51062175723028,18.14101945517283,0 74.51065798156452,18.14114875615062,0 74.5106758413439,18.1412237728566,0 74.51071530954123,18.14152802262888,0 74.51070276576812,18.14163370651262,0 74.51068781833621,18.1417596453051,0 74.51063457233698,18.14220826393808,0 74.51057210521046,18.14236731728919,0 74.50982663484182,18.14325591606795,0 74.50960634916177,18.1433424193005,0 74.50903567282285,18.14361166034332,0 74.50841054506726,18.14384797707512,0 74.50809516586862,18.14403421384598,0 74.50874328844709,18.14435719587734,0</coordinates></LinearRing></innerBoundaryIs>
        </Polygon>
      </MultiGeometry>
    </Placemark>
  </Folder>
</Document>
</kml>